reading_id,old_reading_cycle_id,new_reading_cycle_id,reading_date,old_exception_type,new_exception_type
144,1,,2017-06-26T00:00:00.000Z,NONE,STALE_READING
582,1,,2017-06-26T00:00:00.000Z,NONE,STALE_READING
626,1,,2017-06-26T00:00:00.000Z,NONE,STALE_READING
1569,1,,2017-06-26T00:00:00.000Z,NONE,STALE_READING
2259,1,,2017-07-03T00:00:00.000Z,NONE,STALE_READING
2261,1,,2017-07-03T00:00:00.000Z,NONE,STALE_READING
2262,1,,2017-07-03T00:00:00.000Z,NONE,STALE_READING
2333,1,,2017-07-03T00:00:00.000Z,NONE,STALE_READING
2336,1,,2017-07-03T00:00:00.000Z,NONE,STALE_READING
2337,1,,2017-07-03T00:00:00.000Z,NONE,STALE_READING
2342,1,,2017-07-03T00:00:00.000Z,NONE,STALE_READING
2347,1,,2017-07-03T00:00:00.000Z,NONE,STALE_READING
2348,1,,2017-07-03T00:00:00.000Z,NONE,STALE_READING
2354,1,,2017-07-03T00:00:00.000Z,NONE,STALE_READING
2356,1,,2017-07-03T00:00:00.000Z,NONE,STALE_READING
2358,1,,2017-07-03T00:00:00.000Z,NONE,STALE_READING
2365,1,,2017-07-03T00:00:00.000Z,NONE,STALE_READING
2370,1,,2017-07-03T00:00:00.000Z,NONE,STALE_READING
2394,1,,2017-07-03T00:00:00.000Z,NONE,STALE_READING
2403,1,,2017-07-03T00:00:00.000Z,NONE,STALE_READING
2410,1,,2017-07-03T00:00:00.000Z,NONE,STALE_READING
2411,1,,2017-07-03T00:00:00.000Z,NONE,STALE_READING
2415,1,,2017-07-03T00:00:00.000Z,NONE,STALE_READING
2417,1,,2017-07-03T00:00:00.000Z,NONE,STALE_READING
2424,1,,2017-07-03T00:00:00.000Z,NONE,STALE_READING
2426,1,,2017-07-03T00:00:00.000Z,NONE,STALE_READING
2438,1,,2017-07-03T00:00:00.000Z,NONE,STALE_READING
2439,1,,2017-07-03T00:00:00.000Z,NONE,STALE_READING
2448,1,,2017-07-03T00:00:00.000Z,NONE,STALE_READING
2542,1,,2017-07-03T00:00:00.000Z,NONE,STALE_READING
2549,1,,2017-07-03T00:00:00.000Z,NONE,STALE_READING
2550,1,,2017-07-03T00:00:00.000Z,NONE,STALE_READING
2561,1,,2017-07-03T00:00:00.000Z,NONE,STALE_READING
2562,1,,2017-07-03T00:00:00.000Z,NONE,STALE_READING
2566,1,,2017-07-03T00:00:00.000Z,NONE,STALE_READING
2568,1,,2017-07-03T00:00:00.000Z,NONE,STALE_READING
2570,1,,2017-07-03T00:00:00.000Z,NONE,STALE_READING
2250,1,,2017-07-04T00:00:00.000Z,NONE,STALE_READING
2400,1,,2017-07-04T00:00:00.000Z,NONE,STALE_READING
2505,1,,2017-07-20T00:00:00.000Z,NONE,STALE_READING
992,1,,2017-07-27T00:00:00.000Z,NONE,STALE_READING
599,1,,2017-07-29T00:00:00.000Z,NONE,STALE_READING
600,1,,2017-07-29T00:00:00.000Z,NONE,STALE_READING
2560,1,,2017-10-28T00:00:00.000Z,NONE,STALE_READING
2363,1,,2017-10-29T00:00:00.000Z,NONE,STALE_READING
2373,1,,2017-11-01T00:00:00.000Z,NONE,STALE_READING
2264,1,,2017-11-27T00:00:00.000Z,NONE,STALE_READING
2399,1,,2017-11-27T00:00:00.000Z,NONE,STALE_READING
2416,1,,2017-11-27T00:00:00.000Z,NONE,STALE_READING
2425,1,,2017-11-27T00:00:00.000Z,NONE,STALE_READING
2352,1,,2017-11-28T00:00:00.000Z,NONE,STALE_READING
2353,1,,2017-11-28T00:00:00.000Z,NONE,STALE_READING
2360,1,,2017-11-28T00:00:00.000Z,NONE,STALE_READING
2361,1,,2018-01-26T00:00:00.000Z,NONE,STALE_READING
2543,1,,2018-01-26T00:00:00.000Z,NONE,STALE_READING
2558,1,,2018-01-27T00:00:00.000Z,NONE,STALE_READING
2623,1,,2018-03-29T00:00:00.000Z,NONE,STALE_READING
2422,1,,2018-07-26T00:00:00.000Z,NONE,STALE_READING
782,1,,2018-08-27T00:00:00.000Z,NONE,STALE_READING
2378,1,,2018-08-27T00:00:00.000Z,NONE,STALE_READING
2229,1,,2018-09-25T00:00:00.000Z,NONE,STALE_READING
1667,1,,2018-11-25T00:00:00.000Z,NONE,STALE_READING
1120,1,,2018-12-31T00:00:00.000Z,NONE,STALE_READING
2340,1,,2018-12-31T00:00:00.000Z,NONE,STALE_READING
2547,1,,2018-12-31T00:00:00.000Z,NONE,STALE_READING
565,1,,2019-01-26T00:00:00.000Z,NONE,STALE_READING
2335,1,,2019-01-28T00:00:00.000Z,NONE,STALE_READING
2344,1,,2019-01-28T00:00:00.000Z,NONE,STALE_READING
2384,1,,2019-01-28T00:00:00.000Z,NONE,STALE_READING
2420,1,,2019-01-28T00:00:00.000Z,NONE,STALE_READING
1235,1,,2019-03-03T00:00:00.000Z,NONE,STALE_READING
1670,1,,2019-04-21T00:00:00.000Z,NONE,STALE_READING
1514,1,,2019-04-22T00:00:00.000Z,NONE,STALE_READING
363,1,,2019-05-25T00:00:00.000Z,NONE,STALE_READING
1920,1,,2019-05-31T00:00:00.000Z,NONE,STALE_READING
1901,1,,2019-07-25T00:00:00.000Z,NONE,STALE_READING
1399,1,,2019-07-26T00:00:00.000Z,NONE,STALE_READING
3311,1,,2019-07-30T00:00:00.000Z,NONE,STALE_READING
569,1,,2019-08-25T00:00:00.000Z,NONE,STALE_READING
960,1,,2019-08-27T00:00:00.000Z,NONE,STALE_READING
2693,1,,2019-08-28T00:00:00.000Z,NONE,STALE_READING
1546,1,,2019-09-27T00:00:00.000Z,NONE,STALE_READING
2446,1,,2019-09-27T00:00:00.000Z,NONE,STALE_READING
2708,1,,2019-09-27T00:00:00.000Z,NONE,STALE_READING
2491,1,,2019-09-29T00:00:00.000Z,NONE,STALE_READING
361,1,,2020-01-25T00:00:00.000Z,NONE,STALE_READING
4510,1,,2020-01-30T00:00:00.000Z,NONE,STALE_READING
1395,1,,2020-02-25T00:00:00.000Z,NONE,STALE_READING
2104,1,,2020-02-28T00:00:00.000Z,NONE,STALE_READING
2366,1,,2020-05-29T00:00:00.000Z,NONE,STALE_READING
775,1,,2020-06-25T00:00:00.000Z,NONE,STALE_READING
1028,1,,2020-07-26T00:00:00.000Z,NONE,STALE_READING
1527,1,,2020-07-26T00:00:00.000Z,NONE,STALE_READING
728,1,,2020-07-27T00:00:00.000Z,NONE,STALE_READING
4493,1,,2020-08-29T00:00:00.000Z,NONE,STALE_READING
4935,1,,2020-09-26T00:00:00.000Z,NONE,STALE_READING
452,1,,2020-09-27T00:00:00.000Z,NONE,STALE_READING
1103,1,,2020-09-29T00:00:00.000Z,NONE,STALE_READING
515,1,,2020-10-28T00:00:00.000Z,NONE,STALE_READING
997,1,,2020-12-06T00:00:00.000Z,NONE,STALE_READING
1592,1,,2020-12-29T00:00:00.000Z,NONE,STALE_READING
738,1,,2020-12-31T00:00:00.000Z,NONE,STALE_READING
5204,1,,2021-01-25T00:00:00.000Z,NONE,STALE_READING
5918,1,,2021-02-02T00:00:00.000Z,NONE,STALE_READING
3645,1,,2021-02-26T00:00:00.000Z,NONE,STALE_READING
3170,1,,2021-03-01T00:00:00.000Z,NONE,STALE_READING
6017,1,,2021-03-17T00:00:00.000Z,NONE,STALE_READING
307,1,,2021-03-25T00:00:00.000Z,NONE,STALE_READING
4632,1,,2021-03-28T00:00:00.000Z,NONE,STALE_READING
1224,1,,2021-04-10T00:00:00.000Z,NONE,STALE_READING
2202,1,,2021-04-27T00:00:00.000Z,NONE,STALE_READING
4050,1,,2021-05-27T00:00:00.000Z,NONE,STALE_READING
2341,1,,2021-06-09T00:00:00.000Z,NEGATIVE,STALE_READING
603,1,,2021-06-29T00:00:00.000Z,NONE,STALE_READING
837,1,,2021-06-29T00:00:00.000Z,NONE,STALE_READING
2441,1,,2021-06-29T00:00:00.000Z,NONE,STALE_READING
2789,1,,2021-06-29T00:00:00.000Z,NONE,STALE_READING
419,1,,2021-07-27T00:00:00.000Z,NONE,STALE_READING
28,1,,2021-07-28T00:00:00.000Z,NONE,STALE_READING
40,1,,2021-07-28T00:00:00.000Z,NONE,STALE_READING
55,1,,2021-07-28T00:00:00.000Z,NONE,STALE_READING
84,1,,2021-07-28T00:00:00.000Z,NONE,STALE_READING
100,1,,2021-07-28T00:00:00.000Z,NONE,STALE_READING
261,1,,2021-07-28T00:00:00.000Z,NONE,STALE_READING
263,1,,2021-07-28T00:00:00.000Z,NONE,STALE_READING
276,1,,2021-07-28T00:00:00.000Z,NONE,STALE_READING
278,1,,2021-07-28T00:00:00.000Z,NONE,STALE_READING
311,1,,2021-07-28T00:00:00.000Z,NONE,STALE_READING
318,1,,2021-07-28T00:00:00.000Z,NONE,STALE_READING
326,1,,2021-07-28T00:00:00.000Z,NONE,STALE_READING
380,1,,2021-07-28T00:00:00.000Z,NONE,STALE_READING
397,1,,2021-07-28T00:00:00.000Z,NONE,STALE_READING
441,1,,2021-07-28T00:00:00.000Z,NONE,STALE_READING
447,1,,2021-07-28T00:00:00.000Z,NONE,STALE_READING
584,1,,2021-07-28T00:00:00.000Z,NONE,STALE_READING
838,1,,2021-07-28T00:00:00.000Z,NONE,STALE_READING
856,1,,2021-07-28T00:00:00.000Z,NONE,STALE_READING
868,1,,2021-07-28T00:00:00.000Z,NONE,STALE_READING
903,1,,2021-07-28T00:00:00.000Z,NONE,STALE_READING
1154,1,,2021-07-28T00:00:00.000Z,NONE,STALE_READING
1188,1,,2021-07-28T00:00:00.000Z,NONE,STALE_READING
1534,1,,2021-07-28T00:00:00.000Z,NONE,STALE_READING
1652,1,,2021-07-28T00:00:00.000Z,NONE,STALE_READING
1790,1,,2021-07-28T00:00:00.000Z,NONE,STALE_READING
1971,1,,2021-07-28T00:00:00.000Z,NONE,STALE_READING
1986,1,,2021-07-28T00:00:00.000Z,NONE,STALE_READING
2071,1,,2021-07-28T00:00:00.000Z,NONE,STALE_READING
2114,1,,2021-07-28T00:00:00.000Z,NONE,STALE_READING
2472,1,,2021-07-28T00:00:00.000Z,NONE,STALE_READING
2545,1,,2021-07-28T00:00:00.000Z,NONE,STALE_READING
2781,1,,2021-07-28T00:00:00.000Z,NONE,STALE_READING
2995,1,,2021-07-28T00:00:00.000Z,NONE,STALE_READING
3144,1,,2021-07-28T00:00:00.000Z,NONE,STALE_READING
3194,1,,2021-07-28T00:00:00.000Z,NONE,STALE_READING
3262,1,,2021-07-28T00:00:00.000Z,NONE,STALE_READING
3300,1,,2021-07-28T00:00:00.000Z,NONE,STALE_READING
3879,1,,2021-07-28T00:00:00.000Z,NONE,STALE_READING
4089,1,,2021-07-28T00:00:00.000Z,NONE,STALE_READING
4118,1,,2021-07-28T00:00:00.000Z,NONE,STALE_READING
4659,1,,2021-07-28T00:00:00.000Z,NONE,STALE_READING
4789,1,,2021-07-28T00:00:00.000Z,NONE,STALE_READING
546,1,,2021-08-05T00:00:00.000Z,NONE,STALE_READING
3767,1,,2021-08-13T00:00:00.000Z,NONE,STALE_READING
3127,1,,2021-08-25T00:00:00.000Z,NONE,STALE_READING
4340,1,,2021-08-25T00:00:00.000Z,NONE,STALE_READING
4648,1,,2021-08-25T00:00:00.000Z,NONE,STALE_READING
3819,1,,2021-09-28T00:00:00.000Z,NONE,STALE_READING
1974,1,,2021-10-02T00:00:00.000Z,NONE,STALE_READING
6498,1,,2021-11-04T00:00:00.000Z,NONE,STALE_READING
2408,1,,2021-11-25T00:00:00.000Z,NONE,STALE_READING
511,1,,2021-11-28T00:00:00.000Z,NONE,STALE_READING
2075,1,,2021-12-27T00:00:00.000Z,NONE,STALE_READING
6592,1,,2022-01-02T00:00:00.000Z,NONE,STALE_READING
6771,1,,2022-01-25T00:00:00.000Z,NONE,STALE_READING
4719,1,,2022-01-26T00:00:00.000Z,NONE,STALE_READING
3198,1,,2022-01-29T00:00:00.000Z,NONE,STALE_READING
1075,1,,2022-02-27T00:00:00.000Z,NONE,STALE_READING
1272,1,,2022-02-27T00:00:00.000Z,NONE,STALE_READING
2806,1,,2022-02-27T00:00:00.000Z,NONE,STALE_READING
5813,1,,2022-03-04T00:00:00.000Z,NONE,STALE_READING
7042,1,,2022-03-06T00:00:00.000Z,NONE,STALE_READING
771,1,,2022-03-30T00:00:00.000Z,NEGATIVE,STALE_READING
510,1,,2022-04-25T00:00:00.000Z,NONE,STALE_READING
4631,1,,2022-04-26T00:00:00.000Z,NONE,STALE_READING
2245,1,,2022-04-27T00:00:00.000Z,NONE,STALE_READING
2765,1,,2022-04-27T00:00:00.000Z,NONE,STALE_READING
3449,1,,2022-04-28T00:00:00.000Z,NONE,STALE_READING
939,1,,2022-06-27T00:00:00.000Z,NONE,STALE_READING
1044,1,,2022-06-28T00:00:00.000Z,NONE,STALE_READING
2258,1,,2022-07-24T00:00:00.000Z,NONE,STALE_READING
2345,1,,2022-07-24T00:00:00.000Z,NONE,STALE_READING
1147,1,,2022-07-26T00:00:00.000Z,NONE,STALE_READING
1472,1,,2022-07-26T00:00:00.000Z,NONE,STALE_READING
2444,1,,2022-07-26T00:00:00.000Z,NONE,STALE_READING
3903,1,,2022-07-28T00:00:00.000Z,NONE,STALE_READING
1623,1,,2022-07-29T00:00:00.000Z,NONE,STALE_READING
2113,1,,2022-08-01T00:00:00.000Z,NONE,STALE_READING
7335,1,,2022-08-25T00:00:00.000Z,NONE,STALE_READING
1201,1,,2022-08-28T00:00:00.000Z,NONE,STALE_READING
6275,1,,2022-09-25T00:00:00.000Z,NONE,STALE_READING
2985,1,,2022-09-26T00:00:00.000Z,NONE,STALE_READING
5819,1,,2022-09-26T00:00:00.000Z,NONE,STALE_READING
1341,1,,2022-10-15T00:00:00.000Z,NONE,STALE_READING
4816,1,,2022-10-25T00:00:00.000Z,NONE,STALE_READING
4920,1,,2022-10-25T00:00:00.000Z,NONE,STALE_READING
2156,1,,2022-10-26T00:00:00.000Z,NONE,STALE_READING
2657,1,,2022-10-27T00:00:00.000Z,NONE,STALE_READING
82,1,,2022-11-26T00:00:00.000Z,NONE,STALE_READING
6884,1,,2022-11-26T00:00:00.000Z,NONE,STALE_READING
2385,1,,2022-11-28T00:00:00.000Z,NONE,STALE_READING
3484,1,,2022-11-28T00:00:00.000Z,NONE,STALE_READING
2461,1,,2022-12-13T00:00:00.000Z,NONE,STALE_READING
5384,1,,2022-12-25T00:00:00.000Z,NONE,STALE_READING
502,1,,2022-12-26T00:00:00.000Z,NONE,STALE_READING
2470,1,,2022-12-27T00:00:00.000Z,NONE,STALE_READING
7239,1,,2022-12-28T00:00:00.000Z,NONE,STALE_READING
925,1,,2023-01-24T00:00:00.000Z,NONE,STALE_READING
1116,1,,2023-01-25T00:00:00.000Z,NONE,STALE_READING
1591,1,,2023-01-25T00:00:00.000Z,NONE,STALE_READING
4556,1,,2023-01-27T00:00:00.000Z,NONE,STALE_READING
104,1,,2023-01-28T00:00:00.000Z,NONE,STALE_READING
2310,1,,2023-01-28T00:00:00.000Z,NONE,STALE_READING
2574,1,,2023-01-28T00:00:00.000Z,NONE,STALE_READING
3530,1,,2023-01-28T00:00:00.000Z,NONE,STALE_READING
4120,1,,2023-01-28T00:00:00.000Z,NONE,STALE_READING
4300,1,,2023-01-31T00:00:00.000Z,NONE,STALE_READING
2955,1,,2023-02-11T00:00:00.000Z,NONE,STALE_READING
3056,1,,2023-02-23T00:00:00.000Z,NONE,STALE_READING
1414,1,,2023-02-24T00:00:00.000Z,NONE,STALE_READING
2212,1,,2023-02-24T00:00:00.000Z,NONE,STALE_READING
2878,1,,2023-02-24T00:00:00.000Z,NONE,STALE_READING
6368,1,,2023-02-24T00:00:00.000Z,NONE,STALE_READING
912,1,,2023-02-25T00:00:00.000Z,NONE,STALE_READING
1079,1,,2023-02-25T00:00:00.000Z,NONE,STALE_READING
3825,1,,2023-02-25T00:00:00.000Z,NONE,STALE_READING
4358,1,,2023-02-25T00:00:00.000Z,NONE,STALE_READING
4554,1,,2023-02-25T00:00:00.000Z,NONE,STALE_READING
5056,1,,2023-02-25T00:00:00.000Z,NONE,STALE_READING
7897,1,,2023-02-25T00:00:00.000Z,NONE,STALE_READING
6147,1,,2023-02-27T00:00:00.000Z,NONE,STALE_READING
1181,1,,2023-02-28T00:00:00.000Z,NONE,STALE_READING
3221,1,,2023-02-28T00:00:00.000Z,NONE,STALE_READING
4181,1,,2023-03-01T00:00:00.000Z,NONE,STALE_READING
5016,1,,2023-03-01T00:00:00.000Z,NONE,STALE_READING
3278,1,,2023-03-09T00:00:00.000Z,NONE,STALE_READING
1609,1,,2023-03-25T00:00:00.000Z,NONE,STALE_READING
8242,1,,2023-03-25T00:00:00.000Z,NONE,STALE_READING
2585,1,,2023-03-27T00:00:00.000Z,NONE,STALE_READING
7363,1,,2023-03-27T00:00:00.000Z,NONE,STALE_READING
1110,1,,2023-03-28T00:00:00.000Z,NONE,STALE_READING
2859,1,,2023-03-28T00:00:00.000Z,NONE,STALE_READING
2741,1,,2023-04-01T00:00:00.000Z,NONE,STALE_READING
2853,1,,2023-04-24T00:00:00.000Z,NONE,STALE_READING
6899,1,,2023-04-24T00:00:00.000Z,NONE,STALE_READING
1220,1,,2023-04-25T00:00:00.000Z,NONE,STALE_READING
1700,1,,2023-04-25T00:00:00.000Z,NONE,STALE_READING
4573,1,,2023-04-25T00:00:00.000Z,NONE,STALE_READING
4791,1,,2023-04-25T00:00:00.000Z,NONE,STALE_READING
4879,1,,2023-04-25T00:00:00.000Z,NONE,STALE_READING
4766,1,,2023-04-27T00:00:00.000Z,NONE,STALE_READING
270,1,,2023-04-28T00:00:00.000Z,NONE,STALE_READING
1233,1,,2023-04-28T00:00:00.000Z,NONE,STALE_READING
2218,1,,2023-05-24T00:00:00.000Z,NONE,STALE_READING
4853,1,,2023-05-25T00:00:00.000Z,NONE,STALE_READING
5042,1,,2023-05-25T00:00:00.000Z,NONE,STALE_READING
3228,1,,2023-05-26T00:00:00.000Z,NONE,STALE_READING
1325,1,,2023-05-27T00:00:00.000Z,NONE,STALE_READING
1464,1,,2023-05-27T00:00:00.000Z,NONE,STALE_READING
6065,1,,2023-05-27T00:00:00.000Z,NONE,STALE_READING
6122,1,,2023-05-27T00:00:00.000Z,NONE,STALE_READING
3248,1,,2023-05-30T00:00:00.000Z,NONE,STALE_READING
8189,1,,2023-06-17T00:00:00.000Z,NONE,STALE_READING
4430,1,,2023-06-24T00:00:00.000Z,NONE,STALE_READING
2613,1,,2023-06-25T00:00:00.000Z,NONE,STALE_READING
6682,1,,2023-06-26T00:00:00.000Z,NONE,STALE_READING
3966,1,,2023-06-27T00:00:00.000Z,NONE,STALE_READING
8361,1,,2023-07-22T00:00:00.000Z,NONE,STALE_READING
2488,1,,2023-07-24T00:00:00.000Z,NONE,STALE_READING
7595,1,,2023-07-24T00:00:00.000Z,NONE,STALE_READING
3476,1,,2023-07-29T00:00:00.000Z,NONE,STALE_READING
1443,1,,2023-07-30T00:00:00.000Z,NONE,STALE_READING
1209,1,,2023-08-25T00:00:00.000Z,NONE,STALE_READING
1563,1,,2023-08-27T00:00:00.000Z,NONE,STALE_READING
1736,1,,2023-08-27T00:00:00.000Z,NONE,STALE_READING
3066,1,,2023-08-27T00:00:00.000Z,NONE,STALE_READING
4368,1,,2023-08-28T00:00:00.000Z,NONE,STALE_READING
5926,1,,2023-08-28T00:00:00.000Z,NONE,STALE_READING
7524,1,,2023-08-28T00:00:00.000Z,NONE,STALE_READING
1918,1,,2023-09-11T00:00:00.000Z,NONE,STALE_READING
6935,1,,2023-09-25T00:00:00.000Z,NONE,STALE_READING
4601,1,,2023-09-27T00:00:00.000Z,NONE,STALE_READING
6610,1,,2023-09-27T00:00:00.000Z,NONE,STALE_READING
7587,1,,2023-09-28T00:00:00.000Z,NONE,STALE_READING
8631,1,,2023-10-23T00:00:00.000Z,NONE,STALE_READING
7430,1,,2023-10-26T00:00:00.000Z,NONE,STALE_READING
7231,1,,2023-10-27T00:00:00.000Z,NONE,STALE_READING
5392,1,,2023-10-29T00:00:00.000Z,NONE,STALE_READING
3165,1,,2023-11-25T00:00:00.000Z,NONE,STALE_READING
4605,1,,2023-11-25T00:00:00.000Z,NONE,STALE_READING
4982,1,,2023-11-25T00:00:00.000Z,NONE,STALE_READING
8203,1,,2023-11-26T00:00:00.000Z,NONE,STALE_READING
2713,1,,2023-11-27T00:00:00.000Z,NONE,STALE_READING
3394,1,,2023-11-27T00:00:00.000Z,NONE,STALE_READING
5475,1,,2023-11-27T00:00:00.000Z,NONE,STALE_READING
6605,1,,2023-11-29T00:00:00.000Z,NONE,STALE_READING
7604,1,,2023-11-29T00:00:00.000Z,NONE,STALE_READING
1150,1,,2023-11-30T00:00:00.000Z,NONE,STALE_READING
6965,1,,2023-12-25T00:00:00.000Z,NONE,STALE_READING
6171,1,,2023-12-26T00:00:00.000Z,NONE,STALE_READING
7552,1,,2023-12-27T00:00:00.000Z,NONE,STALE_READING
1497,1,,2023-12-28T00:00:00.000Z,NONE,STALE_READING
1848,1,,2024-01-25T00:00:00.000Z,NONE,STALE_READING
5842,1,,2024-01-25T00:00:00.000Z,NONE,STALE_READING
6690,1,,2024-01-27T00:00:00.000Z,NONE,STALE_READING
7735,1,,2024-01-27T00:00:00.000Z,NONE,STALE_READING
4705,1,,2024-01-28T00:00:00.000Z,NONE,STALE_READING
1072,1,,2024-01-30T00:00:00.000Z,NONE,STALE_READING
1331,1,,2024-02-24T00:00:00.000Z,NONE,STALE_READING
8013,1,,2024-02-25T00:00:00.000Z,NONE,STALE_READING
3388,1,,2024-02-26T00:00:00.000Z,NONE,STALE_READING
1564,1,,2024-02-28T00:00:00.000Z,NONE,STALE_READING
3758,1,,2024-02-29T00:00:00.000Z,NONE,STALE_READING
3665,1,,2024-03-02T00:00:00.000Z,NONE,STALE_READING
7645,1,,2024-03-24T00:00:00.000Z,NONE,STALE_READING
3690,1,,2024-03-25T00:00:00.000Z,NONE,STALE_READING
7523,1,,2024-03-25T00:00:00.000Z,NONE,STALE_READING
2565,1,,2024-03-28T00:00:00.000Z,NONE,STALE_READING
1567,1,,2024-03-29T00:00:00.000Z,NONE,STALE_READING
3491,1,,2024-03-29T00:00:00.000Z,NONE,STALE_READING
5883,1,,2024-03-29T00:00:00.000Z,NONE,STALE_READING
8905,1,,2024-04-02T00:00:00.000Z,NONE,STALE_READING
1020,1,,2024-04-24T00:00:00.000Z,NONE,STALE_READING
3296,1,,2024-04-24T00:00:00.000Z,NONE,STALE_READING
7581,1,,2024-04-25T00:00:00.000Z,NONE,STALE_READING
8079,1,,2024-04-25T00:00:00.000Z,NONE,STALE_READING
1411,1,,2024-04-26T00:00:00.000Z,NONE,STALE_READING
916,1,,2024-04-27T00:00:00.000Z,NONE,STALE_READING
3124,1,,2024-04-27T00:00:00.000Z,NONE,STALE_READING
3826,1,,2024-04-27T00:00:00.000Z,NONE,STALE_READING
3901,1,,2024-04-27T00:00:00.000Z,NONE,STALE_READING
3986,1,,2024-04-27T00:00:00.000Z,NONE,STALE_READING
6888,1,,2024-04-27T00:00:00.000Z,NONE,STALE_READING
8670,1,,2024-04-27T00:00:00.000Z,NONE,STALE_READING
7493,1,,2024-04-28T00:00:00.000Z,NONE,STALE_READING
434,1,,2024-04-29T00:00:00.000Z,NONE,STALE_READING
7054,1,,2024-05-01T00:00:00.000Z,NONE,STALE_READING
2723,1,,2024-05-26T00:00:00.000Z,NONE,STALE_READING
6657,1,,2024-05-27T00:00:00.000Z,NONE,STALE_READING
7124,1,,2024-05-27T00:00:00.000Z,NONE,STALE_READING
9023,1,,2024-06-21T00:00:00.000Z,NONE,STALE_READING
6607,1,,2024-06-25T00:00:00.000Z,NONE,STALE_READING
3667,1,,2024-06-27T00:00:00.000Z,NONE,STALE_READING
6635,1,,2024-06-27T00:00:00.000Z,NONE,STALE_READING
294,1,,2024-06-28T00:00:00.000Z,NONE,STALE_READING
9142,1,,2024-07-05T00:00:00.000Z,NONE,STALE_READING
9176,1,,2024-07-08T00:00:00.000Z,NONE,STALE_READING
727,1,,2024-07-25T00:00:00.000Z,NONE,STALE_READING
8472,1,,2024-07-27T00:00:00.000Z,NONE,STALE_READING
8418,1,,2024-07-28T00:00:00.000Z,NONE,STALE_READING
5162,1,,2024-07-29T00:00:00.000Z,NONE,STALE_READING
6468,1,,2024-07-29T00:00:00.000Z,NONE,STALE_READING
8071,1,,2024-07-31T00:00:00.000Z,NONE,STALE_READING
1006,1,,2024-08-24T00:00:00.000Z,NONE,STALE_READING
3093,1,,2024-08-25T00:00:00.000Z,NONE,STALE_READING
4326,1,,2024-08-25T00:00:00.000Z,NONE,STALE_READING
6861,1,,2024-08-25T00:00:00.000Z,NONE,STALE_READING
1876,1,,2024-08-26T00:00:00.000Z,NONE,STALE_READING
1615,1,,2024-08-27T00:00:00.000Z,NONE,STALE_READING
4213,1,,2024-08-27T00:00:00.000Z,NONE,STALE_READING
4408,1,,2024-08-28T00:00:00.000Z,NONE,STALE_READING
3335,1,,2024-08-30T00:00:00.000Z,NONE,STALE_READING
6549,1,,2024-08-30T00:00:00.000Z,NONE,STALE_READING
7507,1,,2024-08-30T00:00:00.000Z,NONE,STALE_READING
6606,1,,2024-09-26T00:00:00.000Z,NONE,STALE_READING
2646,1,,2024-09-27T00:00:00.000Z,NONE,STALE_READING
4771,1,,2024-09-27T00:00:00.000Z,NONE,STALE_READING
5055,1,,2024-09-29T00:00:00.000Z,NONE,STALE_READING
2538,1,,2024-09-30T00:00:00.000Z,NONE,STALE_READING
1285,1,,2024-10-24T00:00:00.000Z,NONE,STALE_READING
7904,1,,2024-10-24T00:00:00.000Z,NONE,STALE_READING
4803,1,,2024-10-25T00:00:00.000Z,NONE,STALE_READING
8219,1,,2024-10-25T00:00:00.000Z,NONE,STALE_READING
8260,1,,2024-10-25T00:00:00.000Z,NONE,STALE_READING
2858,1,,2024-10-26T00:00:00.000Z,NONE,STALE_READING
8240,1,,2024-10-26T00:00:00.000Z,NONE,STALE_READING
1566,1,,2024-10-27T00:00:00.000Z,NONE,STALE_READING
2813,1,,2024-10-27T00:00:00.000Z,NONE,STALE_READING
902,1,,2024-11-25T00:00:00.000Z,NONE,STALE_READING
166,1,,2024-11-26T00:00:00.000Z,NONE,STALE_READING
365,1,,2024-11-26T00:00:00.000Z,NONE,STALE_READING
2074,1,,2024-11-26T00:00:00.000Z,NONE,STALE_READING
2371,1,,2024-11-26T00:00:00.000Z,NONE,STALE_READING
2375,1,,2024-11-26T00:00:00.000Z,NONE,STALE_READING
4663,1,,2024-11-26T00:00:00.000Z,NONE,STALE_READING
8745,1,,2024-11-26T00:00:00.000Z,NONE,STALE_READING
5307,1,,2024-11-27T00:00:00.000Z,NONE,STALE_READING
7660,1,,2024-11-27T00:00:00.000Z,NONE,STALE_READING
348,1,,2024-11-28T00:00:00.000Z,NONE,STALE_READING
596,1,,2024-11-28T00:00:00.000Z,NONE,STALE_READING
664,1,,2024-11-28T00:00:00.000Z,NONE,STALE_READING
3779,1,,2024-11-28T00:00:00.000Z,NONE,STALE_READING
1908,1,,2024-11-29T00:00:00.000Z,NONE,STALE_READING
2151,1,,2024-11-29T00:00:00.000Z,NONE,STALE_READING
3352,1,,2024-11-29T00:00:00.000Z,NONE,STALE_READING
3404,1,,2024-11-29T00:00:00.000Z,NONE,STALE_READING
4944,1,,2024-11-29T00:00:00.000Z,NONE,STALE_READING
3225,1,,2024-11-30T00:00:00.000Z,NONE,STALE_READING
3612,1,,2024-11-30T00:00:00.000Z,NONE,STALE_READING
5584,1,,2024-11-30T00:00:00.000Z,NONE,STALE_READING
6633,1,,2024-11-30T00:00:00.000Z,NONE,STALE_READING
8618,1,,2024-11-30T00:00:00.000Z,NONE,STALE_READING
1683,1,,2024-12-01T00:00:00.000Z,NEGATIVE,STALE_READING
8787,1,,2024-12-01T00:00:00.000Z,NONE,STALE_READING
9488,1,,2024-12-23T00:00:00.000Z,NONE,STALE_READING
857,1,,2024-12-24T00:00:00.000Z,NONE,STALE_READING
6112,1,,2024-12-24T00:00:00.000Z,NONE,STALE_READING
3701,1,,2024-12-25T00:00:00.000Z,NONE,STALE_READING
449,1,,2024-12-26T00:00:00.000Z,NONE,STALE_READING
2705,1,,2024-12-26T00:00:00.000Z,NONE,STALE_READING
2943,1,,2024-12-26T00:00:00.000Z,NONE,STALE_READING
3553,1,,2024-12-26T00:00:00.000Z,NONE,STALE_READING
8587,1,,2024-12-27T00:00:00.000Z,NONE,STALE_READING
8672,1,,2024-12-27T00:00:00.000Z,NONE,STALE_READING
1888,1,,2024-12-28T00:00:00.000Z,NONE,STALE_READING
2115,1,,2024-12-28T00:00:00.000Z,NONE,STALE_READING
3141,1,,2024-12-28T00:00:00.000Z,NONE,STALE_READING
3175,1,,2024-12-28T00:00:00.000Z,NONE,STALE_READING
4138,1,,2024-12-28T00:00:00.000Z,NONE,STALE_READING
4916,1,,2024-12-29T00:00:00.000Z,NONE,STALE_READING
4697,1,,2024-12-31T00:00:00.000Z,NONE,STALE_READING
2168,1,,2025-01-24T00:00:00.000Z,NONE,STALE_READING
3608,1,,2025-01-24T00:00:00.000Z,NONE,STALE_READING
647,1,,2025-01-25T00:00:00.000Z,NONE,STALE_READING
2003,1,,2025-01-25T00:00:00.000Z,NONE,STALE_READING
2199,1,,2025-01-25T00:00:00.000Z,NONE,STALE_READING
3271,1,,2025-01-25T00:00:00.000Z,NONE,STALE_READING
4278,1,,2025-01-25T00:00:00.000Z,NONE,STALE_READING
5748,1,,2025-01-25T00:00:00.000Z,NONE,STALE_READING
7784,1,,2025-01-25T00:00:00.000Z,NONE,STALE_READING
7873,1,,2025-01-25T00:00:00.000Z,NONE,STALE_READING
1574,1,,2025-01-26T00:00:00.000Z,NONE,STALE_READING
1770,1,,2025-01-26T00:00:00.000Z,NONE,STALE_READING
2012,1,,2025-01-26T00:00:00.000Z,NONE,STALE_READING
2031,1,,2025-01-26T00:00:00.000Z,NONE,STALE_READING
2989,1,,2025-01-26T00:00:00.000Z,NONE,STALE_READING
3950,1,,2025-01-26T00:00:00.000Z,NONE,STALE_READING
4061,1,,2025-01-26T00:00:00.000Z,NONE,STALE_READING
4359,1,,2025-01-26T00:00:00.000Z,NONE,STALE_READING
5560,1,,2025-01-28T00:00:00.000Z,NONE,STALE_READING
671,1,,2025-01-29T00:00:00.000Z,NONE,STALE_READING
696,1,,2025-01-29T00:00:00.000Z,NONE,STALE_READING
7270,1,,2025-01-30T00:00:00.000Z,NONE,STALE_READING
4161,1,,2025-01-31T00:00:00.000Z,NONE,STALE_READING
2402,1,,2025-02-14T00:00:00.000Z,NONE,STALE_READING
2951,1,,2025-02-24T00:00:00.000Z,NONE,STALE_READING
3811,1,,2025-02-24T00:00:00.000Z,NONE,STALE_READING
221,1,,2025-02-25T00:00:00.000Z,NONE,STALE_READING
3926,1,,2025-02-25T00:00:00.000Z,NONE,STALE_READING
8680,1,,2025-02-25T00:00:00.000Z,NONE,STALE_READING
9253,1,,2025-02-25T00:00:00.000Z,NONE,STALE_READING
1486,1,,2025-02-26T00:00:00.000Z,NONE,STALE_READING
4202,1,,2025-02-26T00:00:00.000Z,NONE,STALE_READING
2319,1,,2025-02-27T00:00:00.000Z,NONE,STALE_READING
3212,1,,2025-02-28T00:00:00.000Z,NONE,STALE_READING
7099,1,,2025-02-28T00:00:00.000Z,NONE,STALE_READING
1830,1,,2025-03-01T00:00:00.000Z,NONE,STALE_READING
4454,1,,2025-03-01T00:00:00.000Z,NONE,STALE_READING
5541,1,,2025-03-01T00:00:00.000Z,NONE,STALE_READING
7361,1,,2025-03-01T00:00:00.000Z,NONE,STALE_READING
2899,1,,2025-03-03T00:00:00.000Z,NONE,STALE_READING
1300,1,,2025-03-24T00:00:00.000Z,NONE,STALE_READING
1679,1,,2025-03-24T00:00:00.000Z,NONE,STALE_READING
6128,1,,2025-03-24T00:00:00.000Z,NONE,STALE_READING
7987,1,,2025-03-24T00:00:00.000Z,NONE,STALE_READING
1228,1,,2025-03-25T00:00:00.000Z,NONE,STALE_READING
3829,1,,2025-03-25T00:00:00.000Z,NONE,STALE_READING
1857,1,,2025-03-26T00:00:00.000Z,NONE,STALE_READING
4670,1,,2025-03-26T00:00:00.000Z,NONE,STALE_READING
7570,1,,2025-03-26T00:00:00.000Z,NONE,STALE_READING
6207,1,,2025-03-27T00:00:00.000Z,NONE,STALE_READING
2644,1,,2025-03-29T00:00:00.000Z,NONE,STALE_READING
8158,1,,2025-03-29T00:00:00.000Z,NONE,STALE_READING
7015,1,,2025-03-30T00:00:00.000Z,NONE,STALE_READING
7118,1,,2025-03-30T00:00:00.000Z,NONE,STALE_READING
2661,1,,2025-04-24T00:00:00.000Z,NONE,STALE_READING
2173,1,,2025-04-25T00:00:00.000Z,NONE,STALE_READING
4616,1,,2025-04-26T00:00:00.000Z,NONE,STALE_READING
3631,1,,2025-04-28T00:00:00.000Z,NONE,STALE_READING
5022,1,,2025-04-28T00:00:00.000Z,NONE,STALE_READING
5497,1,,2025-04-28T00:00:00.000Z,NONE,STALE_READING
9626,1,,2025-04-29T00:00:00.000Z,NONE,STALE_READING
5030,1,,2025-05-01T00:00:00.000Z,NONE,STALE_READING
2177,1,,2025-05-26T00:00:00.000Z,NONE,STALE_READING
3746,1,,2025-05-26T00:00:00.000Z,NONE,STALE_READING
4038,1,,2025-05-26T00:00:00.000Z,NONE,STALE_READING
4537,1,,2025-05-26T00:00:00.000Z,NONE,STALE_READING
4886,1,,2025-05-26T00:00:00.000Z,NONE,STALE_READING
5025,1,,2025-05-26T00:00:00.000Z,NONE,STALE_READING
7207,1,,2025-05-27T00:00:00.000Z,NONE,STALE_READING
1507,1,,2025-05-28T00:00:00.000Z,NONE,STALE_READING
2978,1,,2025-05-28T00:00:00.000Z,NONE,STALE_READING
8422,1,,2025-05-28T00:00:00.000Z,NONE,STALE_READING
8464,1,,2025-05-28T00:00:00.000Z,NONE,STALE_READING
5992,1,,2025-05-29T00:00:00.000Z,NONE,STALE_READING
5268,1,,2025-05-31T00:00:00.000Z,NONE,STALE_READING
1159,1,,2025-06-24T00:00:00.000Z,NONE,STALE_READING
1809,1,,2025-06-24T00:00:00.000Z,NONE,STALE_READING
129,1,,2025-06-25T00:00:00.000Z,NONE,STALE_READING
2187,1,,2025-06-25T00:00:00.000Z,NONE,STALE_READING
2251,1,,2025-06-25T00:00:00.000Z,NONE,STALE_READING
5980,1,,2025-06-25T00:00:00.000Z,NONE,STALE_READING
1799,1,,2025-06-26T00:00:00.000Z,NONE,STALE_READING
1849,1,,2025-06-26T00:00:00.000Z,NONE,STALE_READING
1957,1,,2025-06-26T00:00:00.000Z,NONE,STALE_READING
2124,1,,2025-06-26T00:00:00.000Z,NONE,STALE_READING
2990,1,,2025-06-26T00:00:00.000Z,NONE,STALE_READING
3138,1,,2025-06-26T00:00:00.000Z,NONE,STALE_READING
3299,1,,2025-06-26T00:00:00.000Z,NONE,STALE_READING
5671,1,,2025-06-26T00:00:00.000Z,NONE,STALE_READING
5733,1,,2025-06-27T00:00:00.000Z,NONE,STALE_READING
8489,1,,2025-06-27T00:00:00.000Z,NONE,STALE_READING
9221,1,,2025-06-27T00:00:00.000Z,NONE,STALE_READING
3519,1,,2025-06-28T00:00:00.000Z,NONE,STALE_READING
5231,1,,2025-06-28T00:00:00.000Z,NONE,STALE_READING
2834,1,,2025-06-29T00:00:00.000Z,NONE,STALE_READING
2201,1,,2025-07-02T00:00:00.000Z,NONE,STALE_READING
2167,1,,2025-07-25T00:00:00.000Z,NONE,STALE_READING
9828,1,,2025-07-25T00:00:00.000Z,NONE,STALE_READING
5019,1,,2025-07-26T00:00:00.000Z,NONE,STALE_READING
822,1,,2025-07-28T00:00:00.000Z,NONE,STALE_READING
2738,1,,2025-07-28T00:00:00.000Z,NONE,STALE_READING
4529,1,,2025-07-28T00:00:00.000Z,NONE,STALE_READING
5133,1,,2025-07-28T00:00:00.000Z,NONE,STALE_READING
6928,1,,2025-07-28T00:00:00.000Z,NONE,STALE_READING
2238,1,,2025-08-01T00:00:00.000Z,NONE,STALE_READING
4440,1,,2025-08-01T00:00:00.000Z,NONE,STALE_READING
6442,1,,2025-08-01T00:00:00.000Z,NONE,STALE_READING
9189,1,,2025-08-01T00:00:00.000Z,NONE,STALE_READING
5869,1,,2025-08-13T00:00:00.000Z,NONE,STALE_READING
9758,1,,2025-08-16T00:00:00.000Z,NONE,STALE_READING
7128,1,,2025-08-23T00:00:00.000Z,NONE,STALE_READING
453,1,,2025-08-25T00:00:00.000Z,NONE,STALE_READING
2818,1,,2025-08-25T00:00:00.000Z,NONE,STALE_READING
6180,1,,2025-08-25T00:00:00.000Z,NONE,STALE_READING
8507,1,,2025-08-25T00:00:00.000Z,NONE,STALE_READING
9675,1,,2025-08-25T00:00:00.000Z,NONE,STALE_READING
58,1,,2025-08-26T00:00:00.000Z,NONE,STALE_READING
1185,1,,2025-08-26T00:00:00.000Z,NONE,STALE_READING
1274,1,,2025-08-26T00:00:00.000Z,NONE,STALE_READING
1445,1,,2025-08-26T00:00:00.000Z,NONE,STALE_READING
1676,1,,2025-08-26T00:00:00.000Z,NONE,STALE_READING
1947,1,,2025-08-26T00:00:00.000Z,NONE,STALE_READING
2331,1,,2025-08-26T00:00:00.000Z,NONE,STALE_READING
2777,1,,2025-08-26T00:00:00.000Z,NONE,STALE_READING
2962,1,,2025-08-26T00:00:00.000Z,NONE,STALE_READING
4727,1,,2025-08-26T00:00:00.000Z,NONE,STALE_READING
4851,1,,2025-08-26T00:00:00.000Z,NONE,STALE_READING
5287,1,,2025-08-26T00:00:00.000Z,NONE,STALE_READING
6279,1,,2025-08-26T00:00:00.000Z,NONE,STALE_READING
9236,1,,2025-08-26T00:00:00.000Z,NONE,STALE_READING
9529,1,,2025-08-26T00:00:00.000Z,NONE,STALE_READING
2388,1,,2025-08-28T00:00:00.000Z,NONE,STALE_READING
1377,1,,2025-08-29T00:00:00.000Z,NONE,STALE_READING
5665,1,,2025-08-29T00:00:00.000Z,NONE,STALE_READING
6294,1,,2025-08-31T00:00:00.000Z,NONE,STALE_READING
7312,1,,2025-08-31T00:00:00.000Z,NONE,STALE_READING
3301,1,,2025-09-25T00:00:00.000Z,NONE,STALE_READING
3774,1,,2025-09-25T00:00:00.000Z,NONE,STALE_READING
4163,1,,2025-09-25T00:00:00.000Z,NONE,STALE_READING
5602,1,,2025-09-25T00:00:00.000Z,NONE,STALE_READING
6386,1,,2025-09-25T00:00:00.000Z,NONE,STALE_READING
6691,1,,2025-09-25T00:00:00.000Z,NONE,STALE_READING
8385,1,,2025-09-25T00:00:00.000Z,NONE,STALE_READING
9384,1,,2025-09-25T00:00:00.000Z,NONE,STALE_READING
1326,1,,2025-09-26T00:00:00.000Z,NONE,STALE_READING
4082,1,,2025-09-26T00:00:00.000Z,NONE,STALE_READING
6834,1,,2025-09-26T00:00:00.000Z,NONE,STALE_READING
6311,1,,2025-09-27T00:00:00.000Z,NONE,STALE_READING
8406,1,,2025-09-27T00:00:00.000Z,NONE,STALE_READING
1479,1,,2025-09-28T00:00:00.000Z,NONE,STALE_READING
4029,1,,2025-09-29T00:00:00.000Z,NONE,STALE_READING
4681,1,,2025-09-29T00:00:00.000Z,NONE,STALE_READING
5155,1,,2025-09-29T00:00:00.000Z,NONE,STALE_READING
6574,1,,2025-09-29T00:00:00.000Z,NONE,STALE_READING
9435,1,,2025-10-06T00:00:00.000Z,NONE,STALE_READING
2057,1,,2025-10-24T00:00:00.000Z,NONE,STALE_READING
2745,1,,2025-10-25T00:00:00.000Z,NONE,STALE_READING
5036,1,,2025-10-25T00:00:00.000Z,NONE,STALE_READING
2449,1,,2025-10-26T00:00:00.000Z,NONE,STALE_READING
5826,1,,2025-10-26T00:00:00.000Z,NONE,STALE_READING
1878,1,,2025-10-28T00:00:00.000Z,NONE,STALE_READING
2050,1,,2025-10-28T00:00:00.000Z,NONE,STALE_READING
5583,1,,2025-10-28T00:00:00.000Z,NONE,STALE_READING
2865,1,,2025-10-29T00:00:00.000Z,NONE,STALE_READING
3434,1,,2025-10-29T00:00:00.000Z,NONE,STALE_READING
5270,1,,2025-10-29T00:00:00.000Z,NONE,STALE_READING
7634,1,,2025-10-29T00:00:00.000Z,NONE,STALE_READING
2640,1,,2025-10-30T00:00:00.000Z,NONE,STALE_READING
641,1,,2025-11-01T00:00:00.000Z,NONE,STALE_READING
3234,1,,2025-11-25T00:00:00.000Z,NONE,STALE_READING
8342,1,,2025-11-25T00:00:00.000Z,NONE,STALE_READING
9264,1,,2025-11-26T00:00:00.000Z,NONE,STALE_READING
10223,1,,2025-11-26T00:00:00.000Z,NONE,STALE_READING
26,1,,2025-11-27T00:00:00.000Z,NONE,STALE_READING
4258,1,,2025-11-28T00:00:00.000Z,NONE,STALE_READING
5893,1,,2025-11-28T00:00:00.000Z,NONE,STALE_READING
8314,1,,2025-11-28T00:00:00.000Z,NONE,STALE_READING
5073,1,,2025-11-29T00:00:00.000Z,NONE,STALE_READING
5385,1,,2025-11-29T00:00:00.000Z,NONE,STALE_READING
7162,1,,2025-11-29T00:00:00.000Z,NONE,STALE_READING
403,1,,2025-11-30T00:00:00.000Z,NONE,STALE_READING
3054,1,,2025-11-30T00:00:00.000Z,NONE,STALE_READING
5259,1,,2025-11-30T00:00:00.000Z,NONE,STALE_READING
10189,1,,2025-12-03T00:00:00.000Z,NONE,STALE_READING
10320,1,,2025-12-16T00:00:00.000Z,NONE,STALE_READING
154,1,,2025-12-23T00:00:00.000Z,NONE,STALE_READING
1555,1,,2025-12-23T00:00:00.000Z,NONE,STALE_READING
1870,1,,2025-12-23T00:00:00.000Z,NONE,STALE_READING
2532,1,,2025-12-23T00:00:00.000Z,NONE,STALE_READING
2933,1,,2025-12-23T00:00:00.000Z,NONE,STALE_READING
3561,1,,2025-12-23T00:00:00.000Z,NONE,STALE_READING
6003,1,,2025-12-23T00:00:00.000Z,NONE,STALE_READING
303,1,,2025-12-24T00:00:00.000Z,NONE,STALE_READING
846,1,,2025-12-24T00:00:00.000Z,NONE,STALE_READING
854,1,,2025-12-24T00:00:00.000Z,NONE,STALE_READING
1636,1,,2025-12-24T00:00:00.000Z,NONE,STALE_READING
2339,1,,2025-12-24T00:00:00.000Z,NONE,STALE_READING
2350,1,,2025-12-24T00:00:00.000Z,NONE,STALE_READING
2357,1,,2025-12-24T00:00:00.000Z,NONE,STALE_READING
2395,1,,2025-12-24T00:00:00.000Z,NONE,STALE_READING
2401,1,,2025-12-24T00:00:00.000Z,NONE,STALE_READING
2406,1,,2025-12-24T00:00:00.000Z,NONE,STALE_READING
2432,1,,2025-12-24T00:00:00.000Z,NONE,STALE_READING
2434,1,,2025-12-24T00:00:00.000Z,NONE,STALE_READING
8669,1,,2025-12-24T00:00:00.000Z,NONE,STALE_READING
5038,1,,2025-12-25T00:00:00.000Z,NONE,STALE_READING
3509,1,,2025-12-28T00:00:00.000Z,NONE,STALE_READING
7326,1,,2025-12-28T00:00:00.000Z,NONE,STALE_READING
3019,1,,2025-12-29T00:00:00.000Z,NONE,STALE_READING
5229,1,,2025-12-29T00:00:00.000Z,NONE,STALE_READING
6089,1,,2025-12-29T00:00:00.000Z,NONE,STALE_READING
6820,1,,2025-12-29T00:00:00.000Z,NONE,STALE_READING
7146,1,,2025-12-29T00:00:00.000Z,NONE,STALE_READING
7402,1,,2025-12-29T00:00:00.000Z,NONE,STALE_READING
7654,1,,2025-12-29T00:00:00.000Z,NONE,STALE_READING
7844,1,,2025-12-29T00:00:00.000Z,NONE,STALE_READING
8066,1,,2025-12-29T00:00:00.000Z,NONE,STALE_READING
8345,1,,2025-12-29T00:00:00.000Z,NONE,STALE_READING
10042,1,,2025-12-29T00:00:00.000Z,NONE,STALE_READING
3148,1,,2025-12-30T00:00:00.000Z,NONE,STALE_READING
5857,1,,2025-12-30T00:00:00.000Z,NONE,STALE_READING
8225,1,,2025-12-30T00:00:00.000Z,NONE,STALE_READING
4877,1,,2025-12-31T00:00:00.000Z,NONE,STALE_READING
5083,1,,2025-12-31T00:00:00.000Z,NONE,STALE_READING
9775,1,,2025-12-31T00:00:00.000Z,NONE,STALE_READING
3140,1,,2026-01-01T00:00:00.000Z,NONE,STALE_READING
5534,1,,2026-01-01T00:00:00.000Z,NONE,STALE_READING
9455,1,,2026-01-02T00:00:00.000Z,NONE,STALE_READING
9522,1,,2026-01-02T00:00:00.000Z,NONE,STALE_READING
6326,1,,2026-01-03T00:00:00.000Z,NONE,STALE_READING
9250,1,,2026-01-03T00:00:00.000Z,NONE,STALE_READING
9707,1,,2026-01-04T00:00:00.000Z,NONE,STALE_READING
2343,1,,2026-01-07T00:00:00.000Z,NONE,STALE_READING
10388,1,,2026-01-13T00:00:00.000Z,NONE,STALE_READING
10413,1,,2026-01-19T00:00:00.000Z,NONE,STALE_READING
10418,1,,2026-01-20T00:00:00.000Z,NONE,STALE_READING
8735,1,,2026-01-24T00:00:00.000Z,NONE,STALE_READING
6840,1,,2026-01-25T00:00:00.000Z,NONE,STALE_READING
1273,1,,2026-01-27T00:00:00.000Z,NONE,STALE_READING
1278,1,,2026-01-27T00:00:00.000Z,NONE,STALE_READING
2095,1,,2026-01-27T00:00:00.000Z,NONE,STALE_READING
6866,1,,2026-01-27T00:00:00.000Z,NONE,STALE_READING
8485,1,,2026-01-27T00:00:00.000Z,NONE,STALE_READING
7652,1,,2026-01-28T00:00:00.000Z,NONE,STALE_READING
7798,1,,2026-01-28T00:00:00.000Z,NONE,STALE_READING
8501,1,,2026-01-28T00:00:00.000Z,NONE,STALE_READING
8521,1,,2026-01-28T00:00:00.000Z,NONE,STALE_READING
9104,1,,2026-01-28T00:00:00.000Z,NONE,STALE_READING
9371,1,,2026-01-28T00:00:00.000Z,NONE,STALE_READING
9466,1,,2026-01-28T00:00:00.000Z,NONE,STALE_READING
9608,1,,2026-01-28T00:00:00.000Z,NONE,STALE_READING
9644,1,,2026-01-28T00:00:00.000Z,NONE,STALE_READING
2691,1,,2026-01-29T00:00:00.000Z,NONE,STALE_READING
2876,1,,2026-01-29T00:00:00.000Z,NONE,STALE_READING
3086,1,,2026-01-30T00:00:00.000Z,NONE,STALE_READING
6000,1,,2026-01-30T00:00:00.000Z,NONE,STALE_READING
6587,1,,2026-01-30T00:00:00.000Z,NONE,STALE_READING
7605,1,,2026-01-30T00:00:00.000Z,NONE,STALE_READING
7713,1,,2026-01-30T00:00:00.000Z,NONE,STALE_READING
8505,1,,2026-01-30T00:00:00.000Z,NONE,STALE_READING
8614,1,,2026-01-30T00:00:00.000Z,NONE,STALE_READING
9438,1,,2026-01-30T00:00:00.000Z,NONE,STALE_READING
10270,1,,2026-01-30T00:00:00.000Z,NONE,STALE_READING
8261,1,,2026-01-31T00:00:00.000Z,NONE,STALE_READING
5669,1,,2026-02-01T00:00:00.000Z,NONE,STALE_READING
5874,1,,2026-02-01T00:00:00.000Z,NONE,STALE_READING
10405,1,,2026-02-01T00:00:00.000Z,NONE,STALE_READING
3946,1,,2026-02-02T00:00:00.000Z,NONE,STALE_READING
10148,1,,2026-02-02T00:00:00.000Z,NONE,STALE_READING
10232,1,,2026-02-03T00:00:00.000Z,NONE,STALE_READING
1385,1,,2026-02-06T00:00:00.000Z,NONE,STALE_READING
2165,1,,2026-02-25T00:00:00.000Z,NONE,STALE_READING
2311,1,,2026-02-25T00:00:00.000Z,NONE,STALE_READING
6552,1,,2026-02-25T00:00:00.000Z,NONE,STALE_READING
8461,1,,2026-02-26T00:00:00.000Z,NONE,STALE_READING
1433,1,,2026-02-27T00:00:00.000Z,NONE,STALE_READING
1875,1,,2026-02-27T00:00:00.000Z,NONE,STALE_READING
2576,1,,2026-02-27T00:00:00.000Z,NONE,STALE_READING
2594,1,,2026-02-27T00:00:00.000Z,NONE,STALE_READING
2972,1,,2026-02-27T00:00:00.000Z,NONE,STALE_READING
3558,1,,2026-02-27T00:00:00.000Z,NONE,STALE_READING
3818,1,,2026-02-27T00:00:00.000Z,NONE,STALE_READING
4012,1,,2026-02-27T00:00:00.000Z,NONE,STALE_READING
4711,1,,2026-02-27T00:00:00.000Z,NONE,STALE_READING
4885,1,,2026-02-27T00:00:00.000Z,NONE,STALE_READING
5972,1,,2026-02-27T00:00:00.000Z,NONE,STALE_READING
6115,1,,2026-02-27T00:00:00.000Z,NONE,STALE_READING
6806,1,,2026-02-27T00:00:00.000Z,NONE,STALE_READING
6976,1,,2026-02-27T00:00:00.000Z,NONE,STALE_READING
9682,1,,2026-02-27T00:00:00.000Z,NONE,STALE_READING
624,1,,2026-02-28T00:00:00.000Z,NONE,STALE_READING
642,1,,2026-02-28T00:00:00.000Z,NONE,STALE_READING
1051,1,,2026-02-28T00:00:00.000Z,NONE,STALE_READING
1052,1,,2026-02-28T00:00:00.000Z,NONE,STALE_READING
1360,1,,2026-02-28T00:00:00.000Z,NONE,STALE_READING
1442,1,,2026-02-28T00:00:00.000Z,NONE,STALE_READING
3264,1,,2026-02-28T00:00:00.000Z,NONE,STALE_READING
3547,1,,2026-02-28T00:00:00.000Z,NONE,STALE_READING
3637,1,,2026-02-28T00:00:00.000Z,NONE,STALE_READING
4380,1,,2026-02-28T00:00:00.000Z,NONE,STALE_READING
7753,1,,2026-02-28T00:00:00.000Z,NONE,STALE_READING
2181,1,,2026-03-01T00:00:00.000Z,NONE,STALE_READING
2338,1,,2026-03-01T00:00:00.000Z,NONE,STALE_READING
6038,1,,2026-03-01T00:00:00.000Z,NONE,STALE_READING
9340,1,,2026-03-01T00:00:00.000Z,NONE,STALE_READING
9343,1,,2026-03-01T00:00:00.000Z,NONE,STALE_READING
6225,1,,2026-03-02T00:00:00.000Z,NONE,STALE_READING
6626,1,,2026-03-02T00:00:00.000Z,NONE,STALE_READING
7210,1,,2026-03-02T00:00:00.000Z,NONE,STALE_READING
7518,1,,2026-03-02T00:00:00.000Z,NONE,STALE_READING
8227,1,,2026-03-02T00:00:00.000Z,NONE,STALE_READING
8689,1,,2026-03-02T00:00:00.000Z,NONE,STALE_READING
9580,1,,2026-03-02T00:00:00.000Z,NONE,STALE_READING
10314,1,,2026-03-02T00:00:00.000Z,NONE,STALE_READING
1302,1,,2026-03-03T00:00:00.000Z,NONE,STALE_READING
637,1,,2026-03-04T00:00:00.000Z,NONE,STALE_READING
4295,1,,2026-03-04T00:00:00.000Z,NONE,STALE_READING
8217,1,,2026-03-04T00:00:00.000Z,NONE,STALE_READING
10527,1,,2026-03-04T00:00:00.000Z,NONE,STALE_READING
3628,1,,2026-03-05T00:00:00.000Z,NONE,STALE_READING
9370,1,,2026-03-06T00:00:00.000Z,NONE,STALE_READING
7708,1,,2026-03-08T00:00:00.000Z,NONE,STALE_READING
9468,1,,2026-03-08T00:00:00.000Z,NONE,STALE_READING
10123,1,,2026-03-08T00:00:00.000Z,NONE,STALE_READING
6812,1,,2026-03-14T00:00:00.000Z,NONE,STALE_READING
630,1,,2026-03-18T00:00:00.000Z,NONE,STALE_READING
8542,1,,2026-03-23T00:00:00.000Z,NONE,STALE_READING
8607,1,,2026-03-23T00:00:00.000Z,NONE,STALE_READING
9857,1,,2026-03-23T00:00:00.000Z,NONE,STALE_READING
10003,1,,2026-03-23T00:00:00.000Z,NONE,STALE_READING
10419,1,,2026-03-23T00:00:00.000Z,NONE,STALE_READING
1364,1,,2026-03-24T00:00:00.000Z,NONE,STALE_READING
1937,1,,2026-03-24T00:00:00.000Z,NONE,STALE_READING
2645,1,,2026-03-24T00:00:00.000Z,NONE,STALE_READING
7006,1,,2026-03-24T00:00:00.000Z,NONE,STALE_READING
540,1,,2026-03-26T00:00:00.000Z,NONE,STALE_READING
2381,1,,2026-03-26T00:00:00.000Z,NONE,STALE_READING
2840,1,,2026-03-26T00:00:00.000Z,NONE,STALE_READING
9627,1,,2026-03-26T00:00:00.000Z,NONE,STALE_READING
9157,1,,2026-03-28T00:00:00.000Z,NONE,STALE_READING
2049,1,,2026-03-29T00:00:00.000Z,NONE,STALE_READING
3853,1,,2026-03-29T00:00:00.000Z,NONE,STALE_READING
2185,1,,2026-03-30T00:00:00.000Z,NONE,STALE_READING
4497,1,,2026-03-30T00:00:00.000Z,NONE,STALE_READING
734,1,,2026-04-02T00:00:00.000Z,NONE,STALE_READING
3400,1,,2026-04-02T00:00:00.000Z,NONE,STALE_READING
5050,1,,2026-04-02T00:00:00.000Z,NONE,STALE_READING
10453,1,,2026-04-02T00:00:00.000Z,NONE,STALE_READING
146,1,,2026-04-03T00:00:00.000Z,NONE,STALE_READING
5779,1,,2026-04-03T00:00:00.000Z,NONE,STALE_READING
6073,1,,2026-04-03T00:00:00.000Z,NONE,STALE_READING
6213,1,,2026-04-03T00:00:00.000Z,NONE,STALE_READING
8782,1,,2026-04-03T00:00:00.000Z,NONE,STALE_READING
6388,1,,2026-04-04T00:00:00.000Z,NONE,STALE_READING
8843,1,,2026-04-04T00:00:00.000Z,NONE,STALE_READING
10317,1,,2026-04-04T00:00:00.000Z,NONE,STALE_READING
10375,1,,2026-04-04T00:00:00.000Z,NONE,STALE_READING
10402,1,,2026-04-04T00:00:00.000Z,NONE,STALE_READING
10583,1,,2026-04-06T00:00:00.000Z,NONE,STALE_READING
10596,1,,2026-04-11T00:00:00.000Z,NONE,STALE_READING
10610,1,,2026-04-15T00:00:00.000Z,NONE,STALE_READING
1319,1,,2026-04-23T00:00:00.000Z,NONE,STALE_READING
2198,1,,2026-04-23T00:00:00.000Z,NONE,STALE_READING
2822,1,,2026-04-23T00:00:00.000Z,NONE,STALE_READING
3090,1,,2026-04-23T00:00:00.000Z,NONE,STALE_READING
2522,1,,2026-04-24T00:00:00.000Z,NONE,STALE_READING
3674,1,,2026-04-24T00:00:00.000Z,NONE,STALE_READING
602,1,,2026-04-25T00:00:00.000Z,NONE,STALE_READING
1817,1,,2026-04-25T00:00:00.000Z,NONE,STALE_READING
2607,1,,2026-04-25T00:00:00.000Z,NONE,STALE_READING
3116,1,,2026-04-25T00:00:00.000Z,NONE,STALE_READING
3518,1,,2026-04-25T00:00:00.000Z,NONE,STALE_READING
3922,1,,2026-04-25T00:00:00.000Z,NONE,STALE_READING
4028,1,,2026-04-25T00:00:00.000Z,NONE,STALE_READING
4759,1,,2026-04-25T00:00:00.000Z,NONE,STALE_READING
4761,1,,2026-04-25T00:00:00.000Z,NONE,STALE_READING
5238,1,,2026-04-25T00:00:00.000Z,NONE,STALE_READING
5447,1,,2026-04-25T00:00:00.000Z,NONE,STALE_READING
5675,1,,2026-04-25T00:00:00.000Z,NONE,STALE_READING
5905,1,,2026-04-25T00:00:00.000Z,NONE,STALE_READING
5977,1,,2026-04-25T00:00:00.000Z,NONE,STALE_READING
6265,1,,2026-04-25T00:00:00.000Z,NONE,STALE_READING
6573,1,,2026-04-25T00:00:00.000Z,NONE,STALE_READING
6595,1,,2026-04-25T00:00:00.000Z,NONE,STALE_READING
6961,1,,2026-04-25T00:00:00.000Z,NONE,STALE_READING
7175,1,,2026-04-25T00:00:00.000Z,NONE,STALE_READING
7304,1,,2026-04-25T00:00:00.000Z,NONE,STALE_READING
9249,1,,2026-04-25T00:00:00.000Z,NONE,STALE_READING
9282,1,,2026-04-25T00:00:00.000Z,NONE,STALE_READING
9290,1,,2026-04-25T00:00:00.000Z,NONE,STALE_READING
9316,1,,2026-04-25T00:00:00.000Z,NONE,STALE_READING
9771,1,,2026-04-25T00:00:00.000Z,NONE,STALE_READING
9989,1,,2026-04-25T00:00:00.000Z,NONE,STALE_READING
226,1,,2026-04-26T00:00:00.000Z,NONE,STALE_READING
383,1,,2026-04-26T00:00:00.000Z,NONE,STALE_READING
1548,1,,2026-04-26T00:00:00.000Z,NONE,STALE_READING
2855,1,,2026-04-26T00:00:00.000Z,NONE,STALE_READING
7062,1,,2026-04-26T00:00:00.000Z,NONE,STALE_READING
7838,1,,2026-04-26T00:00:00.000Z,NONE,STALE_READING
9113,1,,2026-04-26T00:00:00.000Z,NONE,STALE_READING
9671,1,,2026-04-26T00:00:00.000Z,NONE,STALE_READING
67,1,,2026-04-27T00:00:00.000Z,NONE,STALE_READING
2130,1,,2026-04-27T00:00:00.000Z,NONE,STALE_READING
7871,1,,2026-04-27T00:00:00.000Z,NONE,STALE_READING
3060,1,,2026-04-28T00:00:00.000Z,NONE,STALE_READING
5711,1,,2026-04-28T00:00:00.000Z,NONE,STALE_READING
3269,1,,2026-04-29T00:00:00.000Z,NONE,STALE_READING
6050,1,,2026-04-29T00:00:00.000Z,NONE,STALE_READING
7631,1,,2026-04-29T00:00:00.000Z,NONE,STALE_READING
3988,1,,2026-04-30T00:00:00.000Z,NONE,STALE_READING
4069,1,,2026-04-30T00:00:00.000Z,NONE,STALE_READING
4149,1,,2026-04-30T00:00:00.000Z,NONE,STALE_READING
4216,1,,2026-04-30T00:00:00.000Z,NONE,STALE_READING
4320,1,,2026-04-30T00:00:00.000Z,NONE,STALE_READING
4397,1,,2026-04-30T00:00:00.000Z,NONE,STALE_READING
4424,1,,2026-04-30T00:00:00.000Z,NONE,STALE_READING
4720,1,,2026-04-30T00:00:00.000Z,NONE,STALE_READING
4872,1,,2026-04-30T00:00:00.000Z,NONE,STALE_READING
5045,1,,2026-04-30T00:00:00.000Z,NONE,STALE_READING
5120,1,,2026-04-30T00:00:00.000Z,NONE,STALE_READING
5176,1,,2026-04-30T00:00:00.000Z,NONE,STALE_READING
5298,1,,2026-04-30T00:00:00.000Z,NONE,STALE_READING
5787,1,,2026-04-30T00:00:00.000Z,NONE,STALE_READING
5949,1,,2026-04-30T00:00:00.000Z,NONE,STALE_READING
6564,1,,2026-04-30T00:00:00.000Z,NONE,STALE_READING
6669,1,,2026-04-30T00:00:00.000Z,NONE,STALE_READING
6768,1,,2026-04-30T00:00:00.000Z,NONE,STALE_READING
7223,1,,2026-04-30T00:00:00.000Z,NONE,STALE_READING
7325,1,,2026-04-30T00:00:00.000Z,NONE,STALE_READING
7356,1,,2026-04-30T00:00:00.000Z,NONE,STALE_READING
8106,1,,2026-04-30T00:00:00.000Z,NONE,STALE_READING
9712,1,,2026-04-30T00:00:00.000Z,NONE,STALE_READING
840,1,,2026-05-01T00:00:00.000Z,NONE,STALE_READING
1761,1,,2026-05-01T00:00:00.000Z,NONE,STALE_READING
1909,1,,2026-05-01T00:00:00.000Z,NONE,STALE_READING
2383,1,,2026-05-01T00:00:00.000Z,NONE,STALE_READING
2787,1,,2026-05-01T00:00:00.000Z,NONE,STALE_READING
3149,1,,2026-05-01T00:00:00.000Z,NONE,STALE_READING
3972,1,,2026-05-01T00:00:00.000Z,NONE,STALE_READING
4014,1,,2026-05-01T00:00:00.000Z,NONE,STALE_READING
4416,1,,2026-05-01T00:00:00.000Z,NONE,STALE_READING
4945,1,,2026-05-01T00:00:00.000Z,NONE,STALE_READING
6072,1,,2026-05-01T00:00:00.000Z,NONE,STALE_READING
10387,1,,2026-05-01T00:00:00.000Z,NONE,STALE_READING
5684,1,,2026-05-02T00:00:00.000Z,NONE,STALE_READING
10126,1,,2026-05-02T00:00:00.000Z,NONE,STALE_READING
8306,1,,2026-05-03T00:00:00.000Z,NONE,STALE_READING
6949,1,,2026-05-05T00:00:00.000Z,NONE,STALE_READING
3458,1,,2026-05-06T00:00:00.000Z,NONE,STALE_READING
6343,1,,2026-05-06T00:00:00.000Z,NONE,STALE_READING
10561,1,,2026-05-11T00:00:00.000Z,NONE,STALE_READING
10638,1,,2026-05-11T00:00:00.000Z,NONE,STALE_READING
10340,1,,2026-05-12T00:00:00.000Z,NONE,STALE_READING
10641,1,,2026-05-13T00:00:00.000Z,NONE,STALE_READING
720,1,,2026-05-18T00:00:00.000Z,NONE,STALE_READING
2517,1,,2026-05-18T00:00:00.000Z,NONE,STALE_READING
2782,1,,2026-05-18T00:00:00.000Z,NONE,STALE_READING
1415,1,,2026-05-23T00:00:00.000Z,NONE,STALE_READING
2069,1,,2026-05-23T00:00:00.000Z,NONE,STALE_READING
3798,1,,2026-05-23T00:00:00.000Z,NONE,STALE_READING
3813,1,,2026-05-23T00:00:00.000Z,NONE,STALE_READING
4080,1,,2026-05-23T00:00:00.000Z,NONE,STALE_READING
4736,1,,2026-05-23T00:00:00.000Z,NONE,STALE_READING
5413,1,,2026-05-23T00:00:00.000Z,NONE,STALE_READING
8561,1,,2026-05-23T00:00:00.000Z,NONE,STALE_READING
605,1,,2026-05-24T00:00:00.000Z,NONE,STALE_READING
910,1,,2026-05-24T00:00:00.000Z,NONE,STALE_READING
2954,1,,2026-05-24T00:00:00.000Z,NONE,STALE_READING
3898,1,,2026-05-24T00:00:00.000Z,NONE,STALE_READING
4322,1,,2026-05-24T00:00:00.000Z,NONE,STALE_READING
7014,1,,2026-05-24T00:00:00.000Z,NONE,STALE_READING
7650,1,,2026-05-24T00:00:00.000Z,NONE,STALE_READING
9299,1,,2026-05-24T00:00:00.000Z,NONE,STALE_READING
1210,1,,2026-05-25T00:00:00.000Z,NONE,STALE_READING
1565,1,,2026-05-25T00:00:00.000Z,NONE,STALE_READING
2774,1,,2026-05-25T00:00:00.000Z,NONE,STALE_READING
10658,1,,2026-05-25T00:00:00.000Z,NONE,STALE_READING
5227,1,3,2026-06-26T00:00:00.000Z,NONE,NONE
5236,1,3,2026-06-26T00:00:00.000Z,NONE,NONE
5255,1,3,2026-06-26T00:00:00.000Z,NONE,NONE
5260,1,3,2026-06-26T00:00:00.000Z,NONE,NONE
5272,1,3,2026-06-26T00:00:00.000Z,NONE,NONE
5327,1,3,2026-06-26T00:00:00.000Z,NONE,NONE
5370,1,3,2026-06-26T00:00:00.000Z,NONE,NONE
5495,1,3,2026-06-26T00:00:00.000Z,NONE,NONE
5500,1,3,2026-06-26T00:00:00.000Z,NONE,NONE
5559,1,3,2026-06-26T00:00:00.000Z,NONE,NONE
5580,1,3,2026-06-26T00:00:00.000Z,NONE,NONE
5587,1,3,2026-06-26T00:00:00.000Z,NONE,NONE
5648,1,3,2026-06-26T00:00:00.000Z,NONE,NONE
5667,1,3,2026-06-26T00:00:00.000Z,NONE,NONE
5698,1,3,2026-06-26T00:00:00.000Z,NONE,NONE
5726,1,3,2026-06-26T00:00:00.000Z,NONE,NONE
5749,1,3,2026-06-26T00:00:00.000Z,NONE,NONE
5752,1,3,2026-06-26T00:00:00.000Z,NONE,NONE
5773,1,3,2026-06-26T00:00:00.000Z,NONE,NONE
5775,1,3,2026-06-26T00:00:00.000Z,NONE,NONE
5792,1,3,2026-06-26T00:00:00.000Z,NONE,NONE
5817,1,3,2026-06-26T00:00:00.000Z,NONE,NONE
5822,1,3,2026-06-26T00:00:00.000Z,NONE,NONE
5836,1,3,2026-06-26T00:00:00.000Z,NONE,NONE
5856,1,3,2026-06-26T00:00:00.000Z,NONE,NONE
5881,1,3,2026-06-26T00:00:00.000Z,NONE,NONE
5901,1,3,2026-06-26T00:00:00.000Z,NONE,NONE
5958,1,3,2026-06-26T00:00:00.000Z,NONE,NONE
5965,1,3,2026-06-26T00:00:00.000Z,NONE,NONE
5983,1,3,2026-06-26T00:00:00.000Z,NONE,NONE
6005,1,3,2026-06-26T00:00:00.000Z,NONE,NONE
6010,1,3,2026-06-26T00:00:00.000Z,NONE,NONE
6016,1,3,2026-06-26T00:00:00.000Z,NONE,NONE
6045,1,3,2026-06-26T00:00:00.000Z,NONE,NONE
6053,1,3,2026-06-26T00:00:00.000Z,NONE,NONE
6093,1,3,2026-06-26T00:00:00.000Z,NONE,NONE
6209,1,3,2026-06-26T00:00:00.000Z,NONE,NONE
6210,1,3,2026-06-26T00:00:00.000Z,NONE,NONE
6228,1,3,2026-06-26T00:00:00.000Z,NONE,NONE
6257,1,3,2026-06-26T00:00:00.000Z,NONE,NONE
6292,1,3,2026-06-26T00:00:00.000Z,NONE,NONE
6318,1,3,2026-06-26T00:00:00.000Z,NONE,NONE
6345,1,3,2026-06-26T00:00:00.000Z,NONE,NONE
6392,1,3,2026-06-26T00:00:00.000Z,NONE,NONE
6397,1,3,2026-06-26T00:00:00.000Z,NONE,NONE
6406,1,3,2026-06-26T00:00:00.000Z,NONE,NONE
6418,1,3,2026-06-26T00:00:00.000Z,NONE,NONE
6429,1,3,2026-06-26T00:00:00.000Z,NONE,NONE
6440,1,3,2026-06-26T00:00:00.000Z,NONE,NONE
6483,1,3,2026-06-26T00:00:00.000Z,NONE,NONE
6561,1,3,2026-06-26T00:00:00.000Z,NONE,NONE
6683,1,3,2026-06-26T00:00:00.000Z,NONE,NONE
6686,1,3,2026-06-26T00:00:00.000Z,NONE,NONE
6708,1,3,2026-06-26T00:00:00.000Z,NONE,NONE
6732,1,3,2026-06-26T00:00:00.000Z,NONE,NONE
6792,1,3,2026-06-26T00:00:00.000Z,NONE,NONE
6796,1,3,2026-06-26T00:00:00.000Z,NONE,NONE
6870,1,3,2026-06-26T00:00:00.000Z,NONE,NONE
6892,1,3,2026-06-26T00:00:00.000Z,NONE,NONE
6922,1,3,2026-06-26T00:00:00.000Z,NONE,NONE
6980,1,3,2026-06-26T00:00:00.000Z,NONE,NONE
6990,1,3,2026-06-26T00:00:00.000Z,NONE,NONE
7038,1,3,2026-06-26T00:00:00.000Z,NONE,NONE
7044,1,3,2026-06-26T00:00:00.000Z,NONE,NONE
7098,1,3,2026-06-26T00:00:00.000Z,NONE,NONE
7104,1,3,2026-06-26T00:00:00.000Z,NONE,NONE
7110,1,3,2026-06-26T00:00:00.000Z,NONE,NONE
7121,1,3,2026-06-26T00:00:00.000Z,NONE,NONE
7123,1,3,2026-06-26T00:00:00.000Z,NONE,NONE
7136,1,3,2026-06-26T00:00:00.000Z,NONE,NONE
7168,1,3,2026-06-26T00:00:00.000Z,NONE,NONE
7190,1,3,2026-06-26T00:00:00.000Z,NONE,NONE
7215,1,3,2026-06-26T00:00:00.000Z,NONE,NONE
7222,1,3,2026-06-26T00:00:00.000Z,NONE,NONE
7238,1,3,2026-06-26T00:00:00.000Z,NONE,NONE
7286,1,3,2026-06-26T00:00:00.000Z,NONE,NONE
7306,1,3,2026-06-26T00:00:00.000Z,NONE,NONE
7358,1,3,2026-06-26T00:00:00.000Z,NONE,NONE
7371,1,3,2026-06-26T00:00:00.000Z,NONE,NONE
7375,1,3,2026-06-26T00:00:00.000Z,NONE,NONE
7380,1,3,2026-06-26T00:00:00.000Z,NONE,NONE
7387,1,3,2026-06-26T00:00:00.000Z,NONE,NONE
7390,1,3,2026-06-26T00:00:00.000Z,NONE,NONE
7426,1,3,2026-06-26T00:00:00.000Z,NONE,NONE
7530,1,3,2026-06-26T00:00:00.000Z,NONE,NONE
7557,1,3,2026-06-26T00:00:00.000Z,NONE,NONE
7558,1,3,2026-06-26T00:00:00.000Z,NONE,NONE
7559,1,3,2026-06-26T00:00:00.000Z,NONE,NONE
7622,1,3,2026-06-26T00:00:00.000Z,NONE,NONE
7699,1,3,2026-06-26T00:00:00.000Z,NONE,NONE
7704,1,3,2026-06-26T00:00:00.000Z,NONE,NONE
7721,1,3,2026-06-26T00:00:00.000Z,NONE,NONE
7751,1,3,2026-06-26T00:00:00.000Z,NONE,NONE
7802,1,3,2026-06-26T00:00:00.000Z,NONE,NONE
7867,1,3,2026-06-26T00:00:00.000Z,NONE,NONE
7878,1,3,2026-06-26T00:00:00.000Z,NONE,NONE
7883,1,3,2026-06-26T00:00:00.000Z,NONE,NONE
7925,1,3,2026-06-26T00:00:00.000Z,NONE,NONE
7935,1,3,2026-06-26T00:00:00.000Z,NONE,NONE
7940,1,3,2026-06-26T00:00:00.000Z,NONE,NONE
7973,1,3,2026-06-26T00:00:00.000Z,NONE,NONE
7985,1,3,2026-06-26T00:00:00.000Z,NONE,NONE
7986,1,3,2026-06-26T00:00:00.000Z,NONE,NONE
8028,1,3,2026-06-26T00:00:00.000Z,NONE,NONE
8087,1,3,2026-06-26T00:00:00.000Z,NONE,NONE
8090,1,3,2026-06-26T00:00:00.000Z,NONE,NONE
8139,1,3,2026-06-26T00:00:00.000Z,NONE,NONE
8142,1,3,2026-06-26T00:00:00.000Z,NONE,NONE
8154,1,3,2026-06-26T00:00:00.000Z,NONE,NONE
8155,1,3,2026-06-26T00:00:00.000Z,NONE,NONE
8287,1,3,2026-06-26T00:00:00.000Z,NONE,NONE
8397,1,3,2026-06-26T00:00:00.000Z,NONE,NONE
8424,1,3,2026-06-26T00:00:00.000Z,NONE,NONE
8427,1,3,2026-06-26T00:00:00.000Z,NONE,NONE
8448,1,3,2026-06-26T00:00:00.000Z,NONE,NONE
8454,1,3,2026-06-26T00:00:00.000Z,NONE,NONE
8491,1,3,2026-06-26T00:00:00.000Z,NONE,NONE
8551,1,3,2026-06-26T00:00:00.000Z,NONE,NONE
8562,1,3,2026-06-26T00:00:00.000Z,NONE,NONE
8606,1,3,2026-06-26T00:00:00.000Z,NONE,NONE
8616,1,3,2026-06-26T00:00:00.000Z,NONE,NONE
8617,1,3,2026-06-26T00:00:00.000Z,NONE,NONE
8652,1,3,2026-06-26T00:00:00.000Z,NONE,NONE
8661,1,3,2026-06-26T00:00:00.000Z,NONE,NONE
8697,1,3,2026-06-26T00:00:00.000Z,NONE,NONE
8767,1,3,2026-06-26T00:00:00.000Z,NONE,NONE
8779,1,3,2026-06-26T00:00:00.000Z,NONE,NONE
8780,1,3,2026-06-26T00:00:00.000Z,NONE,NONE
8790,1,3,2026-06-26T00:00:00.000Z,NONE,NONE
8791,1,3,2026-06-26T00:00:00.000Z,NONE,NONE
8846,1,3,2026-06-26T00:00:00.000Z,NONE,NONE
8886,1,3,2026-06-26T00:00:00.000Z,NONE,NONE
8894,1,3,2026-06-26T00:00:00.000Z,NONE,NONE
8903,1,3,2026-06-26T00:00:00.000Z,NONE,NONE
8965,1,3,2026-06-26T00:00:00.000Z,NONE,NONE
8986,1,3,2026-06-26T00:00:00.000Z,NONE,NONE
9030,1,3,2026-06-26T00:00:00.000Z,NONE,NONE
9039,1,3,2026-06-26T00:00:00.000Z,NONE,NONE
9061,1,3,2026-06-26T00:00:00.000Z,NONE,NONE
9064,1,3,2026-06-26T00:00:00.000Z,NONE,NONE
9085,1,3,2026-06-26T00:00:00.000Z,NONE,NONE
9090,1,3,2026-06-26T00:00:00.000Z,NONE,NONE
9102,1,3,2026-06-26T00:00:00.000Z,NONE,NONE
9115,1,3,2026-06-26T00:00:00.000Z,NONE,NONE
9140,1,3,2026-06-26T00:00:00.000Z,NONE,NONE
9184,1,3,2026-06-26T00:00:00.000Z,NONE,NONE
9210,1,3,2026-06-26T00:00:00.000Z,NONE,NONE
9214,1,3,2026-06-26T00:00:00.000Z,NONE,NONE
9254,1,3,2026-06-26T00:00:00.000Z,NONE,NONE
9310,1,3,2026-06-26T00:00:00.000Z,NONE,NONE
9373,1,3,2026-06-26T00:00:00.000Z,NONE,NONE
9451,1,3,2026-06-26T00:00:00.000Z,NONE,NONE
9461,1,3,2026-06-26T00:00:00.000Z,NONE,NONE
9498,1,3,2026-06-26T00:00:00.000Z,NONE,NONE
9505,1,3,2026-06-26T00:00:00.000Z,NONE,NONE
9551,1,3,2026-06-26T00:00:00.000Z,NONE,NONE
9558,1,3,2026-06-26T00:00:00.000Z,NONE,NONE
9568,1,3,2026-06-26T00:00:00.000Z,NONE,NONE
9574,1,3,2026-06-26T00:00:00.000Z,NONE,NONE
9594,1,3,2026-06-26T00:00:00.000Z,NONE,NONE
9632,1,3,2026-06-26T00:00:00.000Z,NONE,NONE
9663,1,3,2026-06-26T00:00:00.000Z,NONE,NONE
9666,1,3,2026-06-26T00:00:00.000Z,NONE,NONE
9672,1,3,2026-06-26T00:00:00.000Z,NONE,NONE
9676,1,3,2026-06-26T00:00:00.000Z,NONE,NONE
9686,1,3,2026-06-26T00:00:00.000Z,NONE,NONE
9688,1,3,2026-06-26T00:00:00.000Z,NONE,NONE
9700,1,3,2026-06-26T00:00:00.000Z,NONE,NONE
9718,1,3,2026-06-26T00:00:00.000Z,NONE,NONE
9735,1,3,2026-06-26T00:00:00.000Z,NONE,NONE
9738,1,3,2026-06-26T00:00:00.000Z,NONE,NONE
9749,1,3,2026-06-26T00:00:00.000Z,NONE,NONE
9762,1,3,2026-06-26T00:00:00.000Z,NONE,NONE
9769,1,3,2026-06-26T00:00:00.000Z,NONE,NONE
9811,1,3,2026-06-26T00:00:00.000Z,NONE,NONE
9826,1,3,2026-06-26T00:00:00.000Z,NONE,NONE
9834,1,3,2026-06-26T00:00:00.000Z,NONE,NONE
9836,1,3,2026-06-26T00:00:00.000Z,NONE,NONE
9858,1,3,2026-06-26T00:00:00.000Z,NONE,NONE
9886,1,3,2026-06-26T00:00:00.000Z,NONE,NONE
9890,1,3,2026-06-26T00:00:00.000Z,NONE,NONE
9903,1,3,2026-06-26T00:00:00.000Z,NONE,NONE
9917,1,3,2026-06-26T00:00:00.000Z,NONE,NONE
9952,1,3,2026-06-26T00:00:00.000Z,NONE,NONE
9971,1,3,2026-06-26T00:00:00.000Z,NONE,NONE
9991,1,3,2026-06-26T00:00:00.000Z,NONE,NONE
9995,1,3,2026-06-26T00:00:00.000Z,NONE,NONE
10032,1,3,2026-06-26T00:00:00.000Z,NONE,NONE
10063,1,3,2026-06-26T00:00:00.000Z,NONE,NONE
10088,1,3,2026-06-26T00:00:00.000Z,NONE,NONE
10090,1,3,2026-06-26T00:00:00.000Z,NONE,NONE
10111,1,3,2026-06-26T00:00:00.000Z,NONE,NONE
10128,1,3,2026-06-26T00:00:00.000Z,NONE,NONE
10142,1,3,2026-06-26T00:00:00.000Z,NONE,NONE
10154,1,3,2026-06-26T00:00:00.000Z,NONE,NONE
10160,1,3,2026-06-26T00:00:00.000Z,NONE,NONE
10187,1,3,2026-06-26T00:00:00.000Z,NONE,NONE
10201,1,3,2026-06-26T00:00:00.000Z,NONE,NONE
10203,1,3,2026-06-26T00:00:00.000Z,NONE,NONE
10206,1,3,2026-06-26T00:00:00.000Z,NONE,NONE
10241,1,3,2026-06-26T00:00:00.000Z,NONE,NONE
10259,1,3,2026-06-26T00:00:00.000Z,NONE,NONE
10376,1,3,2026-06-26T00:00:00.000Z,NONE,NONE
10420,1,3,2026-06-26T00:00:00.000Z,NONE,NONE
10454,1,3,2026-06-26T00:00:00.000Z,NONE,NONE
10517,1,3,2026-06-26T00:00:00.000Z,NONE,NONE
10533,1,3,2026-06-26T00:00:00.000Z,NONE,NONE
10567,1,3,2026-06-26T00:00:00.000Z,NONE,NONE
10568,1,3,2026-06-26T00:00:00.000Z,NONE,NONE
10569,1,3,2026-06-26T00:00:00.000Z,NONE,NONE
10588,1,3,2026-06-26T00:00:00.000Z,NONE,NONE
10601,1,3,2026-06-26T00:00:00.000Z,NONE,NONE
10637,1,3,2026-06-26T00:00:00.000Z,NONE,NONE
10650,1,3,2026-06-26T00:00:00.000Z,NONE,NONE
10651,1,3,2026-06-26T00:00:00.000Z,NONE,NONE
10665,1,3,2026-06-26T00:00:00.000Z,NONE,NONE
10671,1,3,2026-06-26T00:00:00.000Z,NONE,NONE
10680,1,3,2026-06-26T00:00:00.000Z,NONE,NONE
10755,1,3,2026-06-26T00:00:00.000Z,NONE,NONE
10756,1,3,2026-06-26T00:00:00.000Z,NONE,NONE
8,1,3,2026-06-27T00:00:00.000Z,NONE,NONE
33,1,3,2026-06-27T00:00:00.000Z,NONE,NONE
38,1,3,2026-06-27T00:00:00.000Z,NONE,NONE
41,1,3,2026-06-27T00:00:00.000Z,NONE,NONE
47,1,3,2026-06-27T00:00:00.000Z,NONE,NONE
62,1,3,2026-06-27T00:00:00.000Z,NONE,NONE
72,1,3,2026-06-27T00:00:00.000Z,NONE,NONE
90,1,3,2026-06-27T00:00:00.000Z,NONE,NONE
111,1,3,2026-06-27T00:00:00.000Z,NONE,NONE
125,1,3,2026-06-27T00:00:00.000Z,NONE,NONE
126,1,3,2026-06-27T00:00:00.000Z,NONE,NONE
132,1,3,2026-06-27T00:00:00.000Z,NONE,NONE
145,1,3,2026-06-27T00:00:00.000Z,NONE,NONE
171,1,3,2026-06-27T00:00:00.000Z,NONE,NONE
188,1,3,2026-06-27T00:00:00.000Z,NONE,NONE
191,1,3,2026-06-27T00:00:00.000Z,NONE,NONE
197,1,3,2026-06-27T00:00:00.000Z,NONE,NONE
209,1,3,2026-06-27T00:00:00.000Z,NONE,NONE
215,1,3,2026-06-27T00:00:00.000Z,NONE,NONE
236,1,3,2026-06-27T00:00:00.000Z,NONE,NONE
250,1,3,2026-06-27T00:00:00.000Z,NONE,NONE
300,1,3,2026-06-27T00:00:00.000Z,NONE,NONE
309,1,3,2026-06-27T00:00:00.000Z,NONE,NONE
313,1,3,2026-06-27T00:00:00.000Z,NONE,NONE
336,1,3,2026-06-27T00:00:00.000Z,NONE,NONE
337,1,3,2026-06-27T00:00:00.000Z,NONE,NONE
340,1,3,2026-06-27T00:00:00.000Z,NONE,NONE
343,1,3,2026-06-27T00:00:00.000Z,NONE,NONE
349,1,3,2026-06-27T00:00:00.000Z,NONE,NONE
355,1,3,2026-06-27T00:00:00.000Z,NONE,NONE
358,1,3,2026-06-27T00:00:00.000Z,NONE,NONE
366,1,3,2026-06-27T00:00:00.000Z,NONE,NONE
387,1,3,2026-06-27T00:00:00.000Z,NONE,NONE
426,1,3,2026-06-27T00:00:00.000Z,NONE,NONE
431,1,3,2026-06-27T00:00:00.000Z,NONE,NONE
462,1,3,2026-06-27T00:00:00.000Z,NONE,NONE
466,1,3,2026-06-27T00:00:00.000Z,NONE,NONE
483,1,3,2026-06-27T00:00:00.000Z,NONE,NONE
518,1,3,2026-06-27T00:00:00.000Z,NONE,NONE
533,1,3,2026-06-27T00:00:00.000Z,NONE,NONE
541,1,3,2026-06-27T00:00:00.000Z,NONE,NONE
558,1,3,2026-06-27T00:00:00.000Z,NONE,NONE
563,1,3,2026-06-27T00:00:00.000Z,NONE,NONE
587,1,3,2026-06-27T00:00:00.000Z,NONE,NONE
615,1,3,2026-06-27T00:00:00.000Z,NONE,NONE
629,1,3,2026-06-27T00:00:00.000Z,NONE,NONE
638,1,3,2026-06-27T00:00:00.000Z,NONE,NONE
644,1,3,2026-06-27T00:00:00.000Z,NONE,NONE
650,1,3,2026-06-27T00:00:00.000Z,NONE,NONE
660,1,3,2026-06-27T00:00:00.000Z,NONE,NONE
665,1,3,2026-06-27T00:00:00.000Z,NONE,NONE
666,1,3,2026-06-27T00:00:00.000Z,NONE,NONE
669,1,3,2026-06-27T00:00:00.000Z,NONE,NONE
705,1,3,2026-06-27T00:00:00.000Z,NONE,NONE
708,1,3,2026-06-27T00:00:00.000Z,NONE,NONE
716,1,3,2026-06-27T00:00:00.000Z,NONE,NONE
723,1,3,2026-06-27T00:00:00.000Z,NONE,NONE
724,1,3,2026-06-27T00:00:00.000Z,NONE,NONE
735,1,3,2026-06-27T00:00:00.000Z,NONE,NONE
741,1,3,2026-06-27T00:00:00.000Z,NONE,NONE
754,1,3,2026-06-27T00:00:00.000Z,NONE,NONE
756,1,3,2026-06-27T00:00:00.000Z,NONE,NONE
757,1,3,2026-06-27T00:00:00.000Z,NONE,NONE
783,1,3,2026-06-27T00:00:00.000Z,NONE,NONE
788,1,3,2026-06-27T00:00:00.000Z,NONE,NONE
792,1,3,2026-06-27T00:00:00.000Z,NONE,NONE
793,1,3,2026-06-27T00:00:00.000Z,NONE,NONE
794,1,3,2026-06-27T00:00:00.000Z,NONE,NONE
798,1,3,2026-06-27T00:00:00.000Z,NONE,NONE
806,1,3,2026-06-27T00:00:00.000Z,NONE,NONE
811,1,3,2026-06-27T00:00:00.000Z,NONE,NONE
813,1,3,2026-06-27T00:00:00.000Z,NONE,NONE
815,1,3,2026-06-27T00:00:00.000Z,NONE,NONE
816,1,3,2026-06-27T00:00:00.000Z,NONE,NONE
821,1,3,2026-06-27T00:00:00.000Z,NONE,NONE
825,1,3,2026-06-27T00:00:00.000Z,NONE,NONE
829,1,3,2026-06-27T00:00:00.000Z,NONE,NONE
850,1,3,2026-06-27T00:00:00.000Z,NONE,NONE
860,1,3,2026-06-27T00:00:00.000Z,NONE,NONE
867,1,3,2026-06-27T00:00:00.000Z,NONE,NONE
869,1,3,2026-06-27T00:00:00.000Z,NONE,NONE
879,1,3,2026-06-27T00:00:00.000Z,NONE,NONE
890,1,3,2026-06-27T00:00:00.000Z,NONE,NONE
911,1,3,2026-06-27T00:00:00.000Z,NONE,NONE
917,1,3,2026-06-27T00:00:00.000Z,NONE,NONE
923,1,3,2026-06-27T00:00:00.000Z,NONE,NONE
927,1,3,2026-06-27T00:00:00.000Z,NONE,NONE
943,1,3,2026-06-27T00:00:00.000Z,NONE,NONE
950,1,3,2026-06-27T00:00:00.000Z,NONE,NONE
958,1,3,2026-06-27T00:00:00.000Z,NONE,NONE
961,1,3,2026-06-27T00:00:00.000Z,NONE,NONE
963,1,3,2026-06-27T00:00:00.000Z,NONE,NONE
964,1,3,2026-06-27T00:00:00.000Z,NONE,NONE
971,1,3,2026-06-27T00:00:00.000Z,NONE,NONE
973,1,3,2026-06-27T00:00:00.000Z,NONE,NONE
974,1,3,2026-06-27T00:00:00.000Z,NONE,NONE
976,1,3,2026-06-27T00:00:00.000Z,NONE,NONE
977,1,3,2026-06-27T00:00:00.000Z,NONE,NONE
979,1,3,2026-06-27T00:00:00.000Z,NONE,NONE
980,1,3,2026-06-27T00:00:00.000Z,NONE,NONE
981,1,3,2026-06-27T00:00:00.000Z,NONE,NONE
982,1,3,2026-06-27T00:00:00.000Z,NONE,NONE
983,1,3,2026-06-27T00:00:00.000Z,NONE,NONE
984,1,3,2026-06-27T00:00:00.000Z,NONE,NONE
987,1,3,2026-06-27T00:00:00.000Z,NONE,NONE
988,1,3,2026-06-27T00:00:00.000Z,NONE,NONE
989,1,3,2026-06-27T00:00:00.000Z,NONE,NONE
993,1,3,2026-06-27T00:00:00.000Z,NONE,NONE
994,1,3,2026-06-27T00:00:00.000Z,NONE,NONE
998,1,3,2026-06-27T00:00:00.000Z,NONE,NONE
999,1,3,2026-06-27T00:00:00.000Z,NONE,NONE
1000,1,3,2026-06-27T00:00:00.000Z,NONE,NONE
1003,1,3,2026-06-27T00:00:00.000Z,NONE,NONE
1004,1,3,2026-06-27T00:00:00.000Z,NONE,NONE
1010,1,3,2026-06-27T00:00:00.000Z,NONE,NONE
1013,1,3,2026-06-27T00:00:00.000Z,NONE,NONE
1016,1,3,2026-06-27T00:00:00.000Z,NONE,NONE
1018,1,3,2026-06-27T00:00:00.000Z,NONE,NONE
1019,1,3,2026-06-27T00:00:00.000Z,NONE,NONE
1024,1,3,2026-06-27T00:00:00.000Z,NONE,NONE
1026,1,3,2026-06-27T00:00:00.000Z,NONE,NONE
1027,1,3,2026-06-27T00:00:00.000Z,NONE,NONE
1030,1,3,2026-06-27T00:00:00.000Z,NONE,NONE
1034,1,3,2026-06-27T00:00:00.000Z,NONE,NONE
1038,1,3,2026-06-27T00:00:00.000Z,NONE,NONE
1046,1,3,2026-06-27T00:00:00.000Z,NONE,NONE
1047,1,3,2026-06-27T00:00:00.000Z,NONE,NONE
1050,1,3,2026-06-27T00:00:00.000Z,NONE,NONE
1054,1,3,2026-06-27T00:00:00.000Z,NONE,NONE
1058,1,3,2026-06-27T00:00:00.000Z,NONE,NONE
1059,1,3,2026-06-27T00:00:00.000Z,NONE,NONE
1064,1,3,2026-06-27T00:00:00.000Z,NONE,NONE
1066,1,3,2026-06-27T00:00:00.000Z,NONE,NONE
1068,1,3,2026-06-27T00:00:00.000Z,NONE,NONE
1081,1,3,2026-06-27T00:00:00.000Z,NONE,NONE
1083,1,3,2026-06-27T00:00:00.000Z,NONE,NONE
1090,1,3,2026-06-27T00:00:00.000Z,NONE,NONE
1091,1,3,2026-06-27T00:00:00.000Z,NONE,NONE
1094,1,3,2026-06-27T00:00:00.000Z,NONE,NONE
1098,1,3,2026-06-27T00:00:00.000Z,NONE,NONE
1099,1,3,2026-06-27T00:00:00.000Z,NONE,NONE
1104,1,3,2026-06-27T00:00:00.000Z,NONE,NONE
1105,1,3,2026-06-27T00:00:00.000Z,NONE,NONE
1106,1,3,2026-06-27T00:00:00.000Z,NONE,NONE
1107,1,3,2026-06-27T00:00:00.000Z,NONE,NONE
1108,1,3,2026-06-27T00:00:00.000Z,NONE,NONE
1109,1,3,2026-06-27T00:00:00.000Z,NONE,NONE
1117,1,3,2026-06-27T00:00:00.000Z,NONE,NONE
1119,1,3,2026-06-27T00:00:00.000Z,NONE,NONE
1124,1,3,2026-06-27T00:00:00.000Z,NONE,NONE
1127,1,3,2026-06-27T00:00:00.000Z,NONE,NONE
1130,1,3,2026-06-27T00:00:00.000Z,NONE,NONE
1134,1,3,2026-06-27T00:00:00.000Z,NONE,NONE
1136,1,3,2026-06-27T00:00:00.000Z,NONE,NONE
1139,1,3,2026-06-27T00:00:00.000Z,NONE,NONE
1142,1,3,2026-06-27T00:00:00.000Z,NONE,NONE
1153,1,3,2026-06-27T00:00:00.000Z,NONE,NONE
1166,1,3,2026-06-27T00:00:00.000Z,NONE,NONE
1167,1,3,2026-06-27T00:00:00.000Z,NONE,NONE
1169,1,3,2026-06-27T00:00:00.000Z,NONE,NONE
1172,1,3,2026-06-27T00:00:00.000Z,NONE,NONE
1173,1,3,2026-06-27T00:00:00.000Z,NONE,NONE
1177,1,3,2026-06-27T00:00:00.000Z,NONE,NONE
1180,1,3,2026-06-27T00:00:00.000Z,NONE,NONE
1191,1,3,2026-06-27T00:00:00.000Z,NONE,NONE
1208,1,3,2026-06-27T00:00:00.000Z,NONE,NONE
1214,1,3,2026-06-27T00:00:00.000Z,NONE,NONE
1217,1,3,2026-06-27T00:00:00.000Z,NONE,NONE
1227,1,3,2026-06-27T00:00:00.000Z,NONE,NONE
1249,1,3,2026-06-27T00:00:00.000Z,NONE,NONE
1250,1,3,2026-06-27T00:00:00.000Z,NONE,NONE
1252,1,3,2026-06-27T00:00:00.000Z,NONE,NONE
1255,1,3,2026-06-27T00:00:00.000Z,NONE,NONE
1256,1,3,2026-06-27T00:00:00.000Z,NONE,NONE
1260,1,3,2026-06-27T00:00:00.000Z,NONE,NONE
1267,1,3,2026-06-27T00:00:00.000Z,NONE,NONE
1269,1,3,2026-06-27T00:00:00.000Z,NONE,NONE
1308,1,3,2026-06-27T00:00:00.000Z,NONE,NONE
1311,1,3,2026-06-27T00:00:00.000Z,NONE,NONE
1317,1,3,2026-06-27T00:00:00.000Z,NONE,NONE
1323,1,3,2026-06-27T00:00:00.000Z,NONE,NONE
1339,1,3,2026-06-27T00:00:00.000Z,NONE,NONE
1345,1,3,2026-06-27T00:00:00.000Z,NONE,NONE
1346,1,3,2026-06-27T00:00:00.000Z,NONE,NONE
1359,1,3,2026-06-27T00:00:00.000Z,NONE,NONE
1365,1,3,2026-06-27T00:00:00.000Z,NONE,NONE
1379,1,3,2026-06-27T00:00:00.000Z,NONE,NONE
1392,1,3,2026-06-27T00:00:00.000Z,NONE,NONE
1393,1,3,2026-06-27T00:00:00.000Z,NONE,NONE
1401,1,3,2026-06-27T00:00:00.000Z,NONE,NONE
1402,1,3,2026-06-27T00:00:00.000Z,NONE,NONE
1406,1,3,2026-06-27T00:00:00.000Z,NONE,NONE
1407,1,3,2026-06-27T00:00:00.000Z,NONE,NONE
1426,1,3,2026-06-27T00:00:00.000Z,NONE,NONE
1432,1,3,2026-06-27T00:00:00.000Z,NONE,NONE
1438,1,3,2026-06-27T00:00:00.000Z,NONE,NONE
1450,1,3,2026-06-27T00:00:00.000Z,NONE,NONE
1462,1,3,2026-06-27T00:00:00.000Z,NONE,NONE
1473,1,3,2026-06-27T00:00:00.000Z,NONE,NONE
1474,1,3,2026-06-27T00:00:00.000Z,NONE,NONE
1478,1,3,2026-06-27T00:00:00.000Z,NONE,NONE
1481,1,3,2026-06-27T00:00:00.000Z,NONE,NONE
1487,1,3,2026-06-27T00:00:00.000Z,NONE,NONE
1493,1,3,2026-06-27T00:00:00.000Z,NONE,NONE
1494,1,3,2026-06-27T00:00:00.000Z,NONE,NONE
1503,1,3,2026-06-27T00:00:00.000Z,NONE,NONE
1505,1,3,2026-06-27T00:00:00.000Z,NONE,NONE
1511,1,3,2026-06-27T00:00:00.000Z,NONE,NONE
1513,1,3,2026-06-27T00:00:00.000Z,NONE,NONE
1516,1,3,2026-06-27T00:00:00.000Z,NONE,NONE
1521,1,3,2026-06-27T00:00:00.000Z,NONE,NONE
1528,1,3,2026-06-27T00:00:00.000Z,NONE,NONE
1532,1,3,2026-06-27T00:00:00.000Z,NONE,NONE
1537,1,3,2026-06-27T00:00:00.000Z,NONE,NONE
1543,1,3,2026-06-27T00:00:00.000Z,NONE,NONE
1547,1,3,2026-06-27T00:00:00.000Z,NONE,NONE
1552,1,3,2026-06-27T00:00:00.000Z,NONE,NONE
1562,1,3,2026-06-27T00:00:00.000Z,NONE,NONE
1571,1,3,2026-06-27T00:00:00.000Z,NONE,NONE
1581,1,3,2026-06-27T00:00:00.000Z,NONE,NONE
1588,1,3,2026-06-27T00:00:00.000Z,NONE,NONE
1595,1,3,2026-06-27T00:00:00.000Z,NONE,NONE
1596,1,3,2026-06-27T00:00:00.000Z,NONE,NONE
1598,1,3,2026-06-27T00:00:00.000Z,NONE,NONE
1601,1,3,2026-06-27T00:00:00.000Z,NONE,NONE
1605,1,3,2026-06-27T00:00:00.000Z,NONE,NONE
1606,1,3,2026-06-27T00:00:00.000Z,NONE,NONE
1614,1,3,2026-06-27T00:00:00.000Z,NONE,NONE
1617,1,3,2026-06-27T00:00:00.000Z,NONE,NONE
1630,1,3,2026-06-27T00:00:00.000Z,NONE,NONE
1646,1,3,2026-06-27T00:00:00.000Z,NONE,NONE
1654,1,3,2026-06-27T00:00:00.000Z,NONE,NONE
1673,1,3,2026-06-27T00:00:00.000Z,NONE,NONE
1677,1,3,2026-06-27T00:00:00.000Z,NONE,NONE
1681,1,3,2026-06-27T00:00:00.000Z,NONE,NONE
1684,1,3,2026-06-27T00:00:00.000Z,NONE,NONE
1691,1,3,2026-06-27T00:00:00.000Z,NONE,NONE
1694,1,3,2026-06-27T00:00:00.000Z,NONE,NONE
1697,1,3,2026-06-27T00:00:00.000Z,NONE,NONE
1698,1,3,2026-06-27T00:00:00.000Z,NONE,NONE
1712,1,3,2026-06-27T00:00:00.000Z,NONE,NONE
1728,1,3,2026-06-27T00:00:00.000Z,NONE,NONE
1730,1,3,2026-06-27T00:00:00.000Z,NONE,NONE
1737,1,3,2026-06-27T00:00:00.000Z,NONE,NONE
1742,1,3,2026-06-27T00:00:00.000Z,NONE,NONE
1752,1,3,2026-06-27T00:00:00.000Z,NONE,NONE
1767,1,3,2026-06-27T00:00:00.000Z,NONE,NONE
1769,1,3,2026-06-27T00:00:00.000Z,NONE,NONE
1773,1,3,2026-06-27T00:00:00.000Z,NONE,NONE
1774,1,3,2026-06-27T00:00:00.000Z,NONE,NONE
1777,1,3,2026-06-27T00:00:00.000Z,NONE,NONE
1808,1,3,2026-06-27T00:00:00.000Z,NONE,NONE
1811,1,3,2026-06-27T00:00:00.000Z,NONE,NONE
1818,1,3,2026-06-27T00:00:00.000Z,NONE,NONE
1822,1,3,2026-06-27T00:00:00.000Z,NONE,NONE
1826,1,3,2026-06-27T00:00:00.000Z,NONE,NONE
1827,1,3,2026-06-27T00:00:00.000Z,NONE,NONE
1832,1,3,2026-06-27T00:00:00.000Z,NONE,NONE
1843,1,3,2026-06-27T00:00:00.000Z,NONE,NONE
1852,1,3,2026-06-27T00:00:00.000Z,NONE,NONE
1854,1,3,2026-06-27T00:00:00.000Z,NONE,NONE
1856,1,3,2026-06-27T00:00:00.000Z,NONE,NONE
1860,1,3,2026-06-27T00:00:00.000Z,NONE,NONE
1864,1,3,2026-06-27T00:00:00.000Z,NONE,NONE
1879,1,3,2026-06-27T00:00:00.000Z,NONE,NONE
1885,1,3,2026-06-27T00:00:00.000Z,NONE,NONE
1890,1,3,2026-06-27T00:00:00.000Z,NONE,NONE
1896,1,3,2026-06-27T00:00:00.000Z,NONE,NONE
1915,1,3,2026-06-27T00:00:00.000Z,NONE,NONE
1919,1,3,2026-06-27T00:00:00.000Z,NONE,NONE
1923,1,3,2026-06-27T00:00:00.000Z,NONE,NONE
1929,1,3,2026-06-27T00:00:00.000Z,NONE,NONE
1933,1,3,2026-06-27T00:00:00.000Z,NONE,NONE
1939,1,3,2026-06-27T00:00:00.000Z,NONE,NONE
1945,1,3,2026-06-27T00:00:00.000Z,NONE,NONE
1959,1,3,2026-06-27T00:00:00.000Z,NONE,NONE
1965,1,3,2026-06-27T00:00:00.000Z,NONE,NONE
1973,1,3,2026-06-27T00:00:00.000Z,NONE,NONE
1980,1,3,2026-06-27T00:00:00.000Z,NONE,NONE
1984,1,3,2026-06-27T00:00:00.000Z,NONE,NONE
1987,1,3,2026-06-27T00:00:00.000Z,NONE,NONE
1989,1,3,2026-06-27T00:00:00.000Z,NONE,NONE
1991,1,3,2026-06-27T00:00:00.000Z,NONE,NONE
1992,1,3,2026-06-27T00:00:00.000Z,NONE,NONE
1994,1,3,2026-06-27T00:00:00.000Z,NONE,NONE
2005,1,3,2026-06-27T00:00:00.000Z,NONE,NONE
2014,1,3,2026-06-27T00:00:00.000Z,NONE,NONE
2016,1,3,2026-06-27T00:00:00.000Z,NONE,NONE
2024,1,3,2026-06-27T00:00:00.000Z,NONE,NONE
2025,1,3,2026-06-27T00:00:00.000Z,NONE,NONE
2040,1,3,2026-06-27T00:00:00.000Z,NONE,NONE
2043,1,3,2026-06-27T00:00:00.000Z,NONE,NONE
2044,1,3,2026-06-27T00:00:00.000Z,NONE,NONE
2045,1,3,2026-06-27T00:00:00.000Z,NONE,NONE
2047,1,3,2026-06-27T00:00:00.000Z,NONE,NONE
2048,1,3,2026-06-27T00:00:00.000Z,NONE,NONE
2054,1,3,2026-06-27T00:00:00.000Z,NONE,NONE
2060,1,3,2026-06-27T00:00:00.000Z,NONE,NONE
2062,1,3,2026-06-27T00:00:00.000Z,NONE,NONE
2063,1,3,2026-06-27T00:00:00.000Z,NONE,NONE
2070,1,3,2026-06-27T00:00:00.000Z,NONE,NONE
2080,1,3,2026-06-27T00:00:00.000Z,NONE,NONE
2082,1,3,2026-06-27T00:00:00.000Z,NONE,NONE
2084,1,3,2026-06-27T00:00:00.000Z,NONE,NONE
2088,1,3,2026-06-27T00:00:00.000Z,NONE,NONE
2089,1,3,2026-06-27T00:00:00.000Z,NONE,NONE
2103,1,3,2026-06-27T00:00:00.000Z,NONE,NONE
2110,1,3,2026-06-27T00:00:00.000Z,NONE,NONE
2112,1,3,2026-06-27T00:00:00.000Z,NONE,NONE
2117,1,3,2026-06-27T00:00:00.000Z,NONE,NONE
2120,1,3,2026-06-27T00:00:00.000Z,NONE,NONE
2121,1,3,2026-06-27T00:00:00.000Z,NONE,NONE
2127,1,3,2026-06-27T00:00:00.000Z,NONE,NONE
2140,1,3,2026-06-27T00:00:00.000Z,NONE,NONE
2147,1,3,2026-06-27T00:00:00.000Z,NONE,NONE
2160,1,3,2026-06-27T00:00:00.000Z,NONE,NONE
2175,1,3,2026-06-27T00:00:00.000Z,NONE,NONE
2190,1,3,2026-06-27T00:00:00.000Z,NONE,NONE
2191,1,3,2026-06-27T00:00:00.000Z,NONE,NONE
2197,1,3,2026-06-27T00:00:00.000Z,NONE,NONE
2203,1,3,2026-06-27T00:00:00.000Z,NONE,NONE
2207,1,3,2026-06-27T00:00:00.000Z,NONE,NONE
2208,1,3,2026-06-27T00:00:00.000Z,NONE,NONE
2215,1,3,2026-06-27T00:00:00.000Z,NONE,NONE
2224,1,3,2026-06-27T00:00:00.000Z,NONE,NONE
2228,1,3,2026-06-27T00:00:00.000Z,NONE,NONE
2232,1,3,2026-06-27T00:00:00.000Z,NONE,NONE
2243,1,3,2026-06-27T00:00:00.000Z,NONE,NONE
2248,1,3,2026-06-27T00:00:00.000Z,NONE,NONE
2249,1,3,2026-06-27T00:00:00.000Z,NONE,NONE
2253,1,3,2026-06-27T00:00:00.000Z,NONE,NONE
2270,1,3,2026-06-27T00:00:00.000Z,NONE,NONE
2272,1,3,2026-06-27T00:00:00.000Z,NONE,NONE
2274,1,3,2026-06-27T00:00:00.000Z,NONE,NONE
2287,1,3,2026-06-27T00:00:00.000Z,NONE,NONE
2299,1,3,2026-06-27T00:00:00.000Z,NONE,NONE
2308,1,3,2026-06-27T00:00:00.000Z,NONE,NONE
2314,1,3,2026-06-27T00:00:00.000Z,NONE,NONE
2318,1,3,2026-06-27T00:00:00.000Z,NONE,NONE
2327,1,3,2026-06-27T00:00:00.000Z,NONE,NONE
2362,1,3,2026-06-27T00:00:00.000Z,NONE,NONE
2369,1,3,2026-06-27T00:00:00.000Z,NONE,NONE
2389,1,3,2026-06-27T00:00:00.000Z,NONE,NONE
2390,1,3,2026-06-27T00:00:00.000Z,NONE,NONE
2397,1,3,2026-06-27T00:00:00.000Z,NONE,NONE
2409,1,3,2026-06-27T00:00:00.000Z,NONE,NONE
2413,1,3,2026-06-27T00:00:00.000Z,NONE,NONE
2414,1,3,2026-06-27T00:00:00.000Z,NONE,NONE
2421,1,3,2026-06-27T00:00:00.000Z,NONE,NONE
2428,1,3,2026-06-27T00:00:00.000Z,NONE,NONE
2435,1,3,2026-06-27T00:00:00.000Z,NONE,NONE
2440,1,3,2026-06-27T00:00:00.000Z,NONE,NONE
2447,1,3,2026-06-27T00:00:00.000Z,NONE,NONE
2450,1,3,2026-06-27T00:00:00.000Z,NONE,NONE
2459,1,3,2026-06-27T00:00:00.000Z,NONE,NONE
2466,1,3,2026-06-27T00:00:00.000Z,NONE,NONE
2481,1,3,2026-06-27T00:00:00.000Z,NONE,NONE
2495,1,3,2026-06-27T00:00:00.000Z,NONE,NONE
2496,1,3,2026-06-27T00:00:00.000Z,NONE,NONE
2507,1,3,2026-06-27T00:00:00.000Z,NONE,NONE
2512,1,3,2026-06-27T00:00:00.000Z,NONE,NONE
2515,1,3,2026-06-27T00:00:00.000Z,NONE,NONE
2521,1,3,2026-06-27T00:00:00.000Z,NONE,NONE
2523,1,3,2026-06-27T00:00:00.000Z,NONE,NONE
2525,1,3,2026-06-27T00:00:00.000Z,NONE,NONE
2534,1,3,2026-06-27T00:00:00.000Z,NONE,NONE
2554,1,3,2026-06-27T00:00:00.000Z,NONE,NONE
2555,1,3,2026-06-27T00:00:00.000Z,NONE,NONE
2573,1,3,2026-06-27T00:00:00.000Z,NONE,NONE
2582,1,3,2026-06-27T00:00:00.000Z,NONE,NONE
2583,1,3,2026-06-27T00:00:00.000Z,NONE,NONE
2595,1,3,2026-06-27T00:00:00.000Z,NONE,NONE
2603,1,3,2026-06-27T00:00:00.000Z,NONE,NONE
2604,1,3,2026-06-27T00:00:00.000Z,NONE,NONE
2609,1,3,2026-06-27T00:00:00.000Z,NONE,NONE
2615,1,3,2026-06-27T00:00:00.000Z,NONE,NONE
2617,1,3,2026-06-27T00:00:00.000Z,NONE,NONE
2620,1,3,2026-06-27T00:00:00.000Z,NONE,NONE
2632,1,3,2026-06-27T00:00:00.000Z,NONE,NONE
2633,1,3,2026-06-27T00:00:00.000Z,NONE,NONE
2638,1,3,2026-06-27T00:00:00.000Z,NONE,NONE
2641,1,3,2026-06-27T00:00:00.000Z,NONE,NONE
2643,1,3,2026-06-27T00:00:00.000Z,NONE,NONE
2656,1,3,2026-06-27T00:00:00.000Z,NONE,NONE
2658,1,3,2026-06-27T00:00:00.000Z,NONE,NONE
2659,1,3,2026-06-27T00:00:00.000Z,NONE,NONE
2672,1,3,2026-06-27T00:00:00.000Z,NONE,NONE
2674,1,3,2026-06-27T00:00:00.000Z,NONE,NONE
2682,1,3,2026-06-27T00:00:00.000Z,NONE,NONE
2699,1,3,2026-06-27T00:00:00.000Z,NONE,NONE
2702,1,3,2026-06-27T00:00:00.000Z,NONE,NONE
2703,1,3,2026-06-27T00:00:00.000Z,NONE,NONE
2707,1,3,2026-06-27T00:00:00.000Z,NONE,NONE
2724,1,3,2026-06-27T00:00:00.000Z,NONE,NONE
2729,1,3,2026-06-27T00:00:00.000Z,NONE,NONE
2733,1,3,2026-06-27T00:00:00.000Z,NONE,NONE
2735,1,3,2026-06-27T00:00:00.000Z,NONE,NONE
2737,1,3,2026-06-27T00:00:00.000Z,NONE,NONE
2739,1,3,2026-06-27T00:00:00.000Z,NONE,NONE
2747,1,3,2026-06-27T00:00:00.000Z,NONE,NONE
2755,1,3,2026-06-27T00:00:00.000Z,NONE,NONE
2756,1,3,2026-06-27T00:00:00.000Z,NONE,NONE
2759,1,3,2026-06-27T00:00:00.000Z,NONE,NONE
2762,1,3,2026-06-27T00:00:00.000Z,NONE,NONE
2769,1,3,2026-06-27T00:00:00.000Z,NONE,NONE
2776,1,3,2026-06-27T00:00:00.000Z,NONE,NONE
2778,1,3,2026-06-27T00:00:00.000Z,NONE,NONE
2790,1,3,2026-06-27T00:00:00.000Z,NONE,NONE
2801,1,3,2026-06-27T00:00:00.000Z,NONE,NONE
2805,1,3,2026-06-27T00:00:00.000Z,NONE,NONE
2812,1,3,2026-06-27T00:00:00.000Z,NONE,NONE
2816,1,3,2026-06-27T00:00:00.000Z,NONE,NONE
2823,1,3,2026-06-27T00:00:00.000Z,NONE,NONE
2827,1,3,2026-06-27T00:00:00.000Z,NONE,NONE
2828,1,3,2026-06-27T00:00:00.000Z,NONE,NONE
2835,1,3,2026-06-27T00:00:00.000Z,NONE,NONE
2845,1,3,2026-06-27T00:00:00.000Z,NONE,NONE
2849,1,3,2026-06-27T00:00:00.000Z,NONE,NONE
2864,1,3,2026-06-27T00:00:00.000Z,NONE,NONE
2866,1,3,2026-06-27T00:00:00.000Z,NONE,NONE
2881,1,3,2026-06-27T00:00:00.000Z,NONE,NONE
2886,1,3,2026-06-27T00:00:00.000Z,NONE,NONE
2887,1,3,2026-06-27T00:00:00.000Z,NONE,NONE
2888,1,3,2026-06-27T00:00:00.000Z,NONE,NONE
2901,1,3,2026-06-27T00:00:00.000Z,NONE,NONE
2903,1,3,2026-06-27T00:00:00.000Z,NONE,NONE
2915,1,3,2026-06-27T00:00:00.000Z,NONE,NONE
2918,1,3,2026-06-27T00:00:00.000Z,NONE,NONE
2939,1,3,2026-06-27T00:00:00.000Z,NONE,NONE
2941,1,3,2026-06-27T00:00:00.000Z,NONE,NONE
2944,1,3,2026-06-27T00:00:00.000Z,NONE,NONE
2947,1,3,2026-06-27T00:00:00.000Z,NONE,NONE
2957,1,3,2026-06-27T00:00:00.000Z,NONE,NONE
2958,1,3,2026-06-27T00:00:00.000Z,NONE,NONE
2959,1,3,2026-06-27T00:00:00.000Z,NONE,NONE
2964,1,3,2026-06-27T00:00:00.000Z,NONE,NONE
2965,1,3,2026-06-27T00:00:00.000Z,NONE,NONE
2969,1,3,2026-06-27T00:00:00.000Z,NONE,NONE
2970,1,3,2026-06-27T00:00:00.000Z,NONE,NONE
2974,1,3,2026-06-27T00:00:00.000Z,NONE,NONE
2976,1,3,2026-06-27T00:00:00.000Z,NONE,NONE
2997,1,3,2026-06-27T00:00:00.000Z,NONE,NONE
3003,1,3,2026-06-27T00:00:00.000Z,NONE,NONE
3004,1,3,2026-06-27T00:00:00.000Z,NONE,NONE
3007,1,3,2026-06-27T00:00:00.000Z,NONE,NONE
3012,1,3,2026-06-27T00:00:00.000Z,NONE,NONE
3031,1,3,2026-06-27T00:00:00.000Z,NONE,NONE
3040,1,3,2026-06-27T00:00:00.000Z,NONE,NONE
3041,1,3,2026-06-27T00:00:00.000Z,NONE,NONE
3048,1,3,2026-06-27T00:00:00.000Z,NONE,NONE
3061,1,3,2026-06-27T00:00:00.000Z,NONE,NONE
3068,1,3,2026-06-27T00:00:00.000Z,NONE,NONE
3070,1,3,2026-06-27T00:00:00.000Z,NONE,NONE
3074,1,3,2026-06-27T00:00:00.000Z,NONE,NONE
3079,1,3,2026-06-27T00:00:00.000Z,NONE,NONE
3101,1,3,2026-06-27T00:00:00.000Z,NONE,NONE
3108,1,3,2026-06-27T00:00:00.000Z,NONE,NONE
3110,1,3,2026-06-27T00:00:00.000Z,NONE,NONE
3112,1,3,2026-06-27T00:00:00.000Z,NONE,NONE
3129,1,3,2026-06-27T00:00:00.000Z,NONE,NONE
3135,1,3,2026-06-27T00:00:00.000Z,NONE,NONE
3136,1,3,2026-06-27T00:00:00.000Z,NONE,NONE
3146,1,3,2026-06-27T00:00:00.000Z,NONE,NONE
3147,1,3,2026-06-27T00:00:00.000Z,NONE,NONE
3156,1,3,2026-06-27T00:00:00.000Z,NONE,NONE
3158,1,3,2026-06-27T00:00:00.000Z,NONE,NONE
3162,1,3,2026-06-27T00:00:00.000Z,NONE,NONE
3182,1,3,2026-06-27T00:00:00.000Z,NONE,NONE
3185,1,3,2026-06-27T00:00:00.000Z,NONE,NONE
3188,1,3,2026-06-27T00:00:00.000Z,NONE,NONE
3189,1,3,2026-06-27T00:00:00.000Z,NONE,NONE
3191,1,3,2026-06-27T00:00:00.000Z,NONE,NONE
3217,1,3,2026-06-27T00:00:00.000Z,NONE,NONE
3233,1,3,2026-06-27T00:00:00.000Z,NONE,NONE
3242,1,3,2026-06-27T00:00:00.000Z,NONE,NONE
3243,1,3,2026-06-27T00:00:00.000Z,NONE,NONE
3246,1,3,2026-06-27T00:00:00.000Z,NONE,NONE
3250,1,3,2026-06-27T00:00:00.000Z,NONE,NONE
3253,1,3,2026-06-27T00:00:00.000Z,NONE,NONE
3256,1,3,2026-06-27T00:00:00.000Z,NONE,NONE
3266,1,3,2026-06-27T00:00:00.000Z,NONE,NONE
3268,1,3,2026-06-27T00:00:00.000Z,NONE,NONE
3279,1,3,2026-06-27T00:00:00.000Z,NONE,NONE
3284,1,3,2026-06-27T00:00:00.000Z,NONE,NONE
3286,1,3,2026-06-27T00:00:00.000Z,NONE,NONE
3310,1,3,2026-06-27T00:00:00.000Z,NONE,NONE
3330,1,3,2026-06-27T00:00:00.000Z,NONE,NONE
3341,1,3,2026-06-27T00:00:00.000Z,NONE,NONE
3347,1,3,2026-06-27T00:00:00.000Z,NONE,NONE
3348,1,3,2026-06-27T00:00:00.000Z,NONE,NONE
3355,1,3,2026-06-27T00:00:00.000Z,NONE,NONE
3359,1,3,2026-06-27T00:00:00.000Z,NONE,NONE
3364,1,3,2026-06-27T00:00:00.000Z,NONE,NONE
3367,1,3,2026-06-27T00:00:00.000Z,NONE,NONE
3374,1,3,2026-06-27T00:00:00.000Z,NONE,NONE
3375,1,3,2026-06-27T00:00:00.000Z,NONE,NONE
3387,1,3,2026-06-27T00:00:00.000Z,NONE,NONE
3397,1,3,2026-06-27T00:00:00.000Z,NONE,NONE
3399,1,3,2026-06-27T00:00:00.000Z,NONE,NONE
3408,1,3,2026-06-27T00:00:00.000Z,NONE,NONE
3421,1,3,2026-06-27T00:00:00.000Z,NONE,NONE
3438,1,3,2026-06-27T00:00:00.000Z,NONE,NONE
3440,1,3,2026-06-27T00:00:00.000Z,NONE,NONE
3446,1,3,2026-06-27T00:00:00.000Z,NONE,NONE
3447,1,3,2026-06-27T00:00:00.000Z,NONE,NONE
3448,1,3,2026-06-27T00:00:00.000Z,NONE,NONE
3462,1,3,2026-06-27T00:00:00.000Z,NONE,NONE
3464,1,3,2026-06-27T00:00:00.000Z,NONE,NONE
3468,1,3,2026-06-27T00:00:00.000Z,NONE,NONE
3477,1,3,2026-06-27T00:00:00.000Z,NONE,NONE
3492,1,3,2026-06-27T00:00:00.000Z,NONE,NONE
3499,1,3,2026-06-27T00:00:00.000Z,NONE,NONE
3506,1,3,2026-06-27T00:00:00.000Z,NONE,NONE
3524,1,3,2026-06-27T00:00:00.000Z,NONE,NONE
3529,1,3,2026-06-27T00:00:00.000Z,NONE,NONE
3533,1,3,2026-06-27T00:00:00.000Z,NONE,NONE
3537,1,3,2026-06-27T00:00:00.000Z,NONE,NONE
3539,1,3,2026-06-27T00:00:00.000Z,NONE,NONE
3543,1,3,2026-06-27T00:00:00.000Z,NONE,NONE
3549,1,3,2026-06-27T00:00:00.000Z,NONE,NONE
3550,1,3,2026-06-27T00:00:00.000Z,NONE,NONE
3556,1,3,2026-06-27T00:00:00.000Z,NONE,NONE
3557,1,3,2026-06-27T00:00:00.000Z,NONE,NONE
3559,1,3,2026-06-27T00:00:00.000Z,NONE,NONE
3567,1,3,2026-06-27T00:00:00.000Z,NONE,NONE
3574,1,3,2026-06-27T00:00:00.000Z,NONE,NONE
3585,1,3,2026-06-27T00:00:00.000Z,NONE,NONE
3602,1,3,2026-06-27T00:00:00.000Z,NONE,NONE
3620,1,3,2026-06-27T00:00:00.000Z,NONE,NONE
3622,1,3,2026-06-27T00:00:00.000Z,NONE,NONE
3623,1,3,2026-06-27T00:00:00.000Z,NONE,NONE
3624,1,3,2026-06-27T00:00:00.000Z,NONE,NONE
3625,1,3,2026-06-27T00:00:00.000Z,NONE,NONE
3636,1,3,2026-06-27T00:00:00.000Z,NONE,NONE
3643,1,3,2026-06-27T00:00:00.000Z,NONE,NONE
3657,1,3,2026-06-27T00:00:00.000Z,NONE,NONE
3659,1,3,2026-06-27T00:00:00.000Z,NONE,NONE
3663,1,3,2026-06-27T00:00:00.000Z,NONE,NONE
3676,1,3,2026-06-27T00:00:00.000Z,NONE,NONE
3679,1,3,2026-06-27T00:00:00.000Z,NONE,NONE
3684,1,3,2026-06-27T00:00:00.000Z,NONE,NONE
3687,1,3,2026-06-27T00:00:00.000Z,NONE,NONE
3699,1,3,2026-06-27T00:00:00.000Z,NONE,NONE
3703,1,3,2026-06-27T00:00:00.000Z,NONE,NONE
3704,1,3,2026-06-27T00:00:00.000Z,NONE,NONE
3710,1,3,2026-06-27T00:00:00.000Z,NONE,NONE
3716,1,3,2026-06-27T00:00:00.000Z,NONE,NONE
3718,1,3,2026-06-27T00:00:00.000Z,NONE,NONE
3726,1,3,2026-06-27T00:00:00.000Z,NONE,NONE
3728,1,3,2026-06-27T00:00:00.000Z,NONE,NONE
3730,1,3,2026-06-27T00:00:00.000Z,NONE,NONE
3732,1,3,2026-06-27T00:00:00.000Z,NONE,NONE
3737,1,3,2026-06-27T00:00:00.000Z,NONE,NONE
3753,1,3,2026-06-27T00:00:00.000Z,NONE,NONE
3754,1,3,2026-06-27T00:00:00.000Z,NONE,NONE
3755,1,3,2026-06-27T00:00:00.000Z,NONE,NONE
3765,1,3,2026-06-27T00:00:00.000Z,NONE,NONE
3771,1,3,2026-06-27T00:00:00.000Z,NONE,NONE
3778,1,3,2026-06-27T00:00:00.000Z,NONE,NONE
3786,1,3,2026-06-27T00:00:00.000Z,NONE,NONE
3787,1,3,2026-06-27T00:00:00.000Z,NONE,NONE
3788,1,3,2026-06-27T00:00:00.000Z,NONE,NONE
3789,1,3,2026-06-27T00:00:00.000Z,NONE,NONE
3790,1,3,2026-06-27T00:00:00.000Z,NONE,NONE
3791,1,3,2026-06-27T00:00:00.000Z,NONE,NONE
3792,1,3,2026-06-27T00:00:00.000Z,NONE,NONE
3799,1,3,2026-06-27T00:00:00.000Z,NONE,NONE
3806,1,3,2026-06-27T00:00:00.000Z,NONE,NONE
3822,1,3,2026-06-27T00:00:00.000Z,NONE,NONE
3828,1,3,2026-06-27T00:00:00.000Z,NONE,NONE
3848,1,3,2026-06-27T00:00:00.000Z,NONE,NONE
3855,1,3,2026-06-27T00:00:00.000Z,NONE,NONE
3857,1,3,2026-06-27T00:00:00.000Z,NONE,NONE
3859,1,3,2026-06-27T00:00:00.000Z,NONE,NONE
3869,1,3,2026-06-27T00:00:00.000Z,NONE,NONE
3872,1,3,2026-06-27T00:00:00.000Z,NONE,NONE
3877,1,3,2026-06-27T00:00:00.000Z,NONE,NONE
3885,1,3,2026-06-27T00:00:00.000Z,NONE,NONE
3887,1,3,2026-06-27T00:00:00.000Z,NONE,NONE
3909,1,3,2026-06-27T00:00:00.000Z,NONE,NONE
3913,1,3,2026-06-27T00:00:00.000Z,NONE,NONE
3915,1,3,2026-06-27T00:00:00.000Z,NONE,NONE
3919,1,3,2026-06-27T00:00:00.000Z,NONE,NONE
3921,1,3,2026-06-27T00:00:00.000Z,NONE,NONE
3923,1,3,2026-06-27T00:00:00.000Z,NONE,NONE
3930,1,3,2026-06-27T00:00:00.000Z,NONE,NONE
3936,1,3,2026-06-27T00:00:00.000Z,NONE,NONE
3938,1,3,2026-06-27T00:00:00.000Z,NONE,NONE
3939,1,3,2026-06-27T00:00:00.000Z,NONE,NONE
3940,1,3,2026-06-27T00:00:00.000Z,NONE,NONE
3947,1,3,2026-06-27T00:00:00.000Z,NONE,NONE
3959,1,3,2026-06-27T00:00:00.000Z,NONE,NONE
3977,1,3,2026-06-27T00:00:00.000Z,NONE,NONE
3985,1,3,2026-06-27T00:00:00.000Z,NONE,NONE
3992,1,3,2026-06-27T00:00:00.000Z,NONE,NONE
4016,1,3,2026-06-27T00:00:00.000Z,NONE,NONE
4021,1,3,2026-06-27T00:00:00.000Z,NONE,NONE
4045,1,3,2026-06-27T00:00:00.000Z,NONE,NONE
4049,1,3,2026-06-27T00:00:00.000Z,NONE,NONE
4059,1,3,2026-06-27T00:00:00.000Z,NONE,NONE
4074,1,3,2026-06-27T00:00:00.000Z,NONE,NONE
4076,1,3,2026-06-27T00:00:00.000Z,NONE,NONE
4078,1,3,2026-06-27T00:00:00.000Z,NONE,NONE
4079,1,3,2026-06-27T00:00:00.000Z,NONE,NONE
4091,1,3,2026-06-27T00:00:00.000Z,NONE,NONE
4095,1,3,2026-06-27T00:00:00.000Z,NONE,NONE
4098,1,3,2026-06-27T00:00:00.000Z,NONE,NONE
4110,1,3,2026-06-27T00:00:00.000Z,NONE,NONE
4116,1,3,2026-06-27T00:00:00.000Z,NONE,NONE
4119,1,3,2026-06-27T00:00:00.000Z,NONE,NONE
4130,1,3,2026-06-27T00:00:00.000Z,NONE,NONE
4142,1,3,2026-06-27T00:00:00.000Z,NONE,NONE
4146,1,3,2026-06-27T00:00:00.000Z,NONE,NONE
4150,1,3,2026-06-27T00:00:00.000Z,NONE,NONE
4180,1,3,2026-06-27T00:00:00.000Z,NONE,NONE
4190,1,3,2026-06-27T00:00:00.000Z,NONE,NONE
4218,1,3,2026-06-27T00:00:00.000Z,NONE,NONE
4235,1,3,2026-06-27T00:00:00.000Z,NONE,NONE
4244,1,3,2026-06-27T00:00:00.000Z,NONE,NONE
4259,1,3,2026-06-27T00:00:00.000Z,NONE,NONE
4261,1,3,2026-06-27T00:00:00.000Z,NONE,NONE
4267,1,3,2026-06-27T00:00:00.000Z,NONE,NONE
4283,1,3,2026-06-27T00:00:00.000Z,NONE,NONE
4290,1,3,2026-06-27T00:00:00.000Z,NONE,NONE
4292,1,3,2026-06-27T00:00:00.000Z,NONE,NONE
4299,1,3,2026-06-27T00:00:00.000Z,NONE,NONE
4303,1,3,2026-06-27T00:00:00.000Z,NONE,NONE
4306,1,3,2026-06-27T00:00:00.000Z,NONE,NONE
4307,1,3,2026-06-27T00:00:00.000Z,NONE,NONE
4312,1,3,2026-06-27T00:00:00.000Z,NONE,NONE
4317,1,3,2026-06-27T00:00:00.000Z,NONE,NONE
4328,1,3,2026-06-27T00:00:00.000Z,NONE,NONE
4329,1,3,2026-06-27T00:00:00.000Z,NONE,NONE
4332,1,3,2026-06-27T00:00:00.000Z,NONE,NONE
4335,1,3,2026-06-27T00:00:00.000Z,NONE,NONE
4338,1,3,2026-06-27T00:00:00.000Z,NONE,NONE
4342,1,3,2026-06-27T00:00:00.000Z,NONE,NONE
4344,1,3,2026-06-27T00:00:00.000Z,NONE,NONE
4347,1,3,2026-06-27T00:00:00.000Z,NONE,NONE
4350,1,3,2026-06-27T00:00:00.000Z,NONE,NONE
4357,1,3,2026-06-27T00:00:00.000Z,NONE,NONE
4361,1,3,2026-06-27T00:00:00.000Z,NONE,NONE
4362,1,3,2026-06-27T00:00:00.000Z,NONE,NONE
4366,1,3,2026-06-27T00:00:00.000Z,NONE,NONE
4369,1,3,2026-06-27T00:00:00.000Z,NONE,NONE
4374,1,3,2026-06-27T00:00:00.000Z,NONE,NONE
4384,1,3,2026-06-27T00:00:00.000Z,NONE,NONE
4396,1,3,2026-06-27T00:00:00.000Z,NONE,NONE
4431,1,3,2026-06-27T00:00:00.000Z,NONE,NONE
4447,1,3,2026-06-27T00:00:00.000Z,NONE,NONE
4461,1,3,2026-06-27T00:00:00.000Z,NONE,NONE
4488,1,3,2026-06-27T00:00:00.000Z,NONE,NONE
4517,1,3,2026-06-27T00:00:00.000Z,NONE,NONE
4524,1,3,2026-06-27T00:00:00.000Z,NONE,NONE
4526,1,3,2026-06-27T00:00:00.000Z,NONE,NONE
4547,1,3,2026-06-27T00:00:00.000Z,NONE,NONE
4551,1,3,2026-06-27T00:00:00.000Z,NONE,NONE
4552,1,3,2026-06-27T00:00:00.000Z,NONE,NONE
4555,1,3,2026-06-27T00:00:00.000Z,NONE,NONE
4562,1,3,2026-06-27T00:00:00.000Z,NONE,NONE
4567,1,3,2026-06-27T00:00:00.000Z,NONE,NONE
4581,1,3,2026-06-27T00:00:00.000Z,NONE,NONE
4590,1,3,2026-06-27T00:00:00.000Z,NONE,NONE
4591,1,3,2026-06-27T00:00:00.000Z,NONE,NONE
4597,1,3,2026-06-27T00:00:00.000Z,NONE,NONE
4606,1,3,2026-06-27T00:00:00.000Z,NONE,NONE
4620,1,3,2026-06-27T00:00:00.000Z,NONE,NONE
4623,1,3,2026-06-27T00:00:00.000Z,NONE,NONE
4628,1,3,2026-06-27T00:00:00.000Z,NONE,NONE
4637,1,3,2026-06-27T00:00:00.000Z,NONE,NONE
4658,1,3,2026-06-27T00:00:00.000Z,NONE,NONE
4668,1,3,2026-06-27T00:00:00.000Z,NONE,NONE
4686,1,3,2026-06-27T00:00:00.000Z,NONE,NONE
4690,1,3,2026-06-27T00:00:00.000Z,NONE,NONE
4696,1,3,2026-06-27T00:00:00.000Z,NONE,NONE
4706,1,3,2026-06-27T00:00:00.000Z,NONE,NONE
4723,1,3,2026-06-27T00:00:00.000Z,NONE,NONE
4728,1,3,2026-06-27T00:00:00.000Z,NONE,NONE
4733,1,3,2026-06-27T00:00:00.000Z,NONE,NONE
4749,1,3,2026-06-27T00:00:00.000Z,NONE,NONE
4770,1,3,2026-06-27T00:00:00.000Z,NONE,NONE
4784,1,3,2026-06-27T00:00:00.000Z,NONE,NONE
4792,1,3,2026-06-27T00:00:00.000Z,NONE,NONE
4807,1,3,2026-06-27T00:00:00.000Z,NONE,NONE
4822,1,3,2026-06-27T00:00:00.000Z,NONE,NONE
4824,1,3,2026-06-27T00:00:00.000Z,NONE,NONE
4829,1,3,2026-06-27T00:00:00.000Z,NONE,NONE
4831,1,3,2026-06-27T00:00:00.000Z,NONE,NONE
4837,1,3,2026-06-27T00:00:00.000Z,NONE,NONE
4843,1,3,2026-06-27T00:00:00.000Z,NONE,NONE
4848,1,3,2026-06-27T00:00:00.000Z,NONE,NONE
4850,1,3,2026-06-27T00:00:00.000Z,NONE,NONE
4873,1,3,2026-06-27T00:00:00.000Z,NONE,NONE
4883,1,3,2026-06-27T00:00:00.000Z,NONE,NONE
4888,1,3,2026-06-27T00:00:00.000Z,NONE,NONE
4893,1,3,2026-06-27T00:00:00.000Z,NONE,NONE
4898,1,3,2026-06-27T00:00:00.000Z,NONE,NONE
4904,1,3,2026-06-27T00:00:00.000Z,NONE,NONE
4905,1,3,2026-06-27T00:00:00.000Z,NONE,NONE
4906,1,3,2026-06-27T00:00:00.000Z,NONE,NONE
4918,1,3,2026-06-27T00:00:00.000Z,NONE,NONE
4919,1,3,2026-06-27T00:00:00.000Z,NONE,NONE
4921,1,3,2026-06-27T00:00:00.000Z,NONE,NONE
4936,1,3,2026-06-27T00:00:00.000Z,NONE,NONE
4947,1,3,2026-06-27T00:00:00.000Z,NONE,NONE
4950,1,3,2026-06-27T00:00:00.000Z,NONE,NONE
4961,1,3,2026-06-27T00:00:00.000Z,NONE,NONE
4969,1,3,2026-06-27T00:00:00.000Z,NONE,NONE
4984,1,3,2026-06-27T00:00:00.000Z,NONE,NONE
4996,1,3,2026-06-27T00:00:00.000Z,NONE,NONE
5001,1,3,2026-06-27T00:00:00.000Z,NONE,NONE
5021,1,3,2026-06-27T00:00:00.000Z,NONE,NONE
5034,1,3,2026-06-27T00:00:00.000Z,NONE,NONE
5039,1,3,2026-06-27T00:00:00.000Z,NONE,NONE
5046,1,3,2026-06-27T00:00:00.000Z,NONE,NONE
5057,1,3,2026-06-27T00:00:00.000Z,NONE,NONE
5066,1,3,2026-06-27T00:00:00.000Z,NONE,NONE
5067,1,3,2026-06-27T00:00:00.000Z,NONE,NONE
5068,1,3,2026-06-27T00:00:00.000Z,NONE,NONE
5075,1,3,2026-06-27T00:00:00.000Z,NONE,NONE
5082,1,3,2026-06-27T00:00:00.000Z,NONE,NONE
5089,1,3,2026-06-27T00:00:00.000Z,NONE,NONE
5109,1,3,2026-06-27T00:00:00.000Z,NONE,NONE
5115,1,3,2026-06-27T00:00:00.000Z,NONE,NONE
5121,1,3,2026-06-27T00:00:00.000Z,NONE,NONE
5122,1,3,2026-06-27T00:00:00.000Z,NONE,NONE
5128,1,3,2026-06-27T00:00:00.000Z,NONE,NONE
5130,1,3,2026-06-27T00:00:00.000Z,NONE,NONE
5134,1,3,2026-06-27T00:00:00.000Z,NONE,NONE
5140,1,3,2026-06-27T00:00:00.000Z,NONE,NONE
5142,1,3,2026-06-27T00:00:00.000Z,NONE,NONE
5152,1,3,2026-06-27T00:00:00.000Z,NONE,NONE
5157,1,3,2026-06-27T00:00:00.000Z,NONE,NONE
5166,1,3,2026-06-27T00:00:00.000Z,NONE,NONE
5168,1,3,2026-06-27T00:00:00.000Z,NONE,NONE
5174,1,3,2026-06-27T00:00:00.000Z,NONE,NONE
5177,1,3,2026-06-27T00:00:00.000Z,NONE,NONE
5181,1,3,2026-06-27T00:00:00.000Z,NONE,NONE
5184,1,3,2026-06-27T00:00:00.000Z,NONE,NONE
5193,1,3,2026-06-27T00:00:00.000Z,NONE,NONE
5196,1,3,2026-06-27T00:00:00.000Z,NONE,NONE
5200,1,3,2026-06-27T00:00:00.000Z,NONE,NONE
5209,1,3,2026-06-27T00:00:00.000Z,NONE,NONE
5210,1,3,2026-06-27T00:00:00.000Z,NONE,NONE
5219,1,3,2026-06-27T00:00:00.000Z,NONE,NONE
5223,1,3,2026-06-27T00:00:00.000Z,NONE,NONE
5241,1,3,2026-06-27T00:00:00.000Z,NONE,NONE
5254,1,3,2026-06-27T00:00:00.000Z,NONE,NONE
5264,1,3,2026-06-27T00:00:00.000Z,NONE,NONE
5265,1,3,2026-06-27T00:00:00.000Z,NONE,NONE
5279,1,3,2026-06-27T00:00:00.000Z,NONE,NONE
5295,1,3,2026-06-27T00:00:00.000Z,NONE,NONE
5310,1,3,2026-06-27T00:00:00.000Z,NONE,NONE
5314,1,3,2026-06-27T00:00:00.000Z,NONE,NONE
5320,1,3,2026-06-27T00:00:00.000Z,NONE,NONE
5321,1,3,2026-06-27T00:00:00.000Z,NONE,NONE
5335,1,3,2026-06-27T00:00:00.000Z,NONE,NONE
5342,1,3,2026-06-27T00:00:00.000Z,NONE,NONE
5360,1,3,2026-06-27T00:00:00.000Z,NONE,NONE
5363,1,3,2026-06-27T00:00:00.000Z,NONE,NONE
5364,1,3,2026-06-27T00:00:00.000Z,NONE,NONE
5366,1,3,2026-06-27T00:00:00.000Z,NONE,NONE
5368,1,3,2026-06-27T00:00:00.000Z,NONE,NONE
5375,1,3,2026-06-27T00:00:00.000Z,NONE,NONE
5380,1,3,2026-06-27T00:00:00.000Z,NONE,NONE
5382,1,3,2026-06-27T00:00:00.000Z,NONE,NONE
5390,1,3,2026-06-27T00:00:00.000Z,NONE,NONE
5394,1,3,2026-06-27T00:00:00.000Z,NONE,NONE
5401,1,3,2026-06-27T00:00:00.000Z,NONE,NONE
5402,1,3,2026-06-27T00:00:00.000Z,NONE,NONE
5408,1,3,2026-06-27T00:00:00.000Z,NONE,NONE
5417,1,3,2026-06-27T00:00:00.000Z,NONE,NONE
5421,1,3,2026-06-27T00:00:00.000Z,NONE,NONE
5426,1,3,2026-06-27T00:00:00.000Z,NONE,NONE
5427,1,3,2026-06-27T00:00:00.000Z,NONE,NONE
5431,1,3,2026-06-27T00:00:00.000Z,NONE,NONE
5432,1,3,2026-06-27T00:00:00.000Z,NONE,NONE
5458,1,3,2026-06-27T00:00:00.000Z,NONE,NONE
5474,1,3,2026-06-27T00:00:00.000Z,NONE,NONE
5477,1,3,2026-06-27T00:00:00.000Z,NONE,NONE
5482,1,3,2026-06-27T00:00:00.000Z,NONE,NONE
5485,1,3,2026-06-27T00:00:00.000Z,NONE,NONE
5488,1,3,2026-06-27T00:00:00.000Z,NONE,NONE
5491,1,3,2026-06-27T00:00:00.000Z,NONE,NONE
5499,1,3,2026-06-27T00:00:00.000Z,NONE,NONE
5504,1,3,2026-06-27T00:00:00.000Z,NONE,NONE
5512,1,3,2026-06-27T00:00:00.000Z,NONE,NONE
5515,1,3,2026-06-27T00:00:00.000Z,NONE,NONE
5518,1,3,2026-06-27T00:00:00.000Z,NONE,NONE
5525,1,3,2026-06-27T00:00:00.000Z,NONE,NONE
5529,1,3,2026-06-27T00:00:00.000Z,NONE,NONE
5551,1,3,2026-06-27T00:00:00.000Z,NONE,NONE
5555,1,3,2026-06-27T00:00:00.000Z,NONE,NONE
5562,1,3,2026-06-27T00:00:00.000Z,NONE,NONE
5576,1,3,2026-06-27T00:00:00.000Z,NONE,NONE
5577,1,3,2026-06-27T00:00:00.000Z,NONE,NONE
5586,1,3,2026-06-27T00:00:00.000Z,NONE,NONE
5606,1,3,2026-06-27T00:00:00.000Z,NONE,NONE
5611,1,3,2026-06-27T00:00:00.000Z,NONE,NONE
5622,1,3,2026-06-27T00:00:00.000Z,NONE,NONE
5623,1,3,2026-06-27T00:00:00.000Z,NONE,NONE
5625,1,3,2026-06-27T00:00:00.000Z,NONE,NONE
5638,1,3,2026-06-27T00:00:00.000Z,NONE,NONE
5644,1,3,2026-06-27T00:00:00.000Z,NONE,NONE
5661,1,3,2026-06-27T00:00:00.000Z,NONE,NONE
5672,1,3,2026-06-27T00:00:00.000Z,NONE,NONE
5673,1,3,2026-06-27T00:00:00.000Z,NONE,NONE
5689,1,3,2026-06-27T00:00:00.000Z,NONE,NONE
5694,1,3,2026-06-27T00:00:00.000Z,NONE,NONE
5701,1,3,2026-06-27T00:00:00.000Z,NONE,NONE
5708,1,3,2026-06-27T00:00:00.000Z,NONE,NONE
5719,1,3,2026-06-27T00:00:00.000Z,NONE,NONE
5735,1,3,2026-06-27T00:00:00.000Z,NONE,NONE
5737,1,3,2026-06-27T00:00:00.000Z,NONE,NONE
5745,1,3,2026-06-27T00:00:00.000Z,NONE,NONE
5747,1,3,2026-06-27T00:00:00.000Z,NONE,NONE
5760,1,3,2026-06-27T00:00:00.000Z,NONE,NONE
5771,1,3,2026-06-27T00:00:00.000Z,NONE,NONE
5799,1,3,2026-06-27T00:00:00.000Z,NONE,NONE
5820,1,3,2026-06-27T00:00:00.000Z,NONE,NONE
5844,1,3,2026-06-27T00:00:00.000Z,NONE,NONE
5847,1,3,2026-06-27T00:00:00.000Z,NONE,NONE
5858,1,3,2026-06-27T00:00:00.000Z,NONE,NONE
5867,1,3,2026-06-27T00:00:00.000Z,NONE,NONE
5872,1,3,2026-06-27T00:00:00.000Z,NONE,NONE
5877,1,3,2026-06-27T00:00:00.000Z,NONE,NONE
5888,1,3,2026-06-27T00:00:00.000Z,NONE,NONE
5896,1,3,2026-06-27T00:00:00.000Z,NONE,NONE
5898,1,3,2026-06-27T00:00:00.000Z,NONE,NONE
5900,1,3,2026-06-27T00:00:00.000Z,NONE,NONE
5902,1,3,2026-06-27T00:00:00.000Z,NONE,NONE
5904,1,3,2026-06-27T00:00:00.000Z,NONE,NONE
5927,1,3,2026-06-27T00:00:00.000Z,NONE,NONE
5930,1,3,2026-06-27T00:00:00.000Z,NONE,NONE
5931,1,3,2026-06-27T00:00:00.000Z,NONE,NONE
5934,1,3,2026-06-27T00:00:00.000Z,NONE,NONE
5937,1,3,2026-06-27T00:00:00.000Z,NONE,NONE
5947,1,3,2026-06-27T00:00:00.000Z,NONE,NONE
5961,1,3,2026-06-27T00:00:00.000Z,NONE,NONE
5971,1,3,2026-06-27T00:00:00.000Z,NONE,NONE
5973,1,3,2026-06-27T00:00:00.000Z,NONE,NONE
5974,1,3,2026-06-27T00:00:00.000Z,NONE,NONE
5978,1,3,2026-06-27T00:00:00.000Z,NONE,NONE
5991,1,3,2026-06-27T00:00:00.000Z,NONE,NONE
5993,1,3,2026-06-27T00:00:00.000Z,NONE,NONE
6002,1,3,2026-06-27T00:00:00.000Z,NONE,NONE
6006,1,3,2026-06-27T00:00:00.000Z,NONE,NONE
6018,1,3,2026-06-27T00:00:00.000Z,NONE,NONE
6020,1,3,2026-06-27T00:00:00.000Z,NONE,NONE
6025,1,3,2026-06-27T00:00:00.000Z,NONE,NONE
6036,1,3,2026-06-27T00:00:00.000Z,NONE,NONE
6044,1,3,2026-06-27T00:00:00.000Z,NONE,NONE
6049,1,3,2026-06-27T00:00:00.000Z,NONE,NONE
6051,1,3,2026-06-27T00:00:00.000Z,NONE,NONE
6057,1,3,2026-06-27T00:00:00.000Z,NONE,NONE
6068,1,3,2026-06-27T00:00:00.000Z,NONE,NONE
6077,1,3,2026-06-27T00:00:00.000Z,NONE,NONE
6082,1,3,2026-06-27T00:00:00.000Z,NONE,NONE
6087,1,3,2026-06-27T00:00:00.000Z,NONE,NONE
6091,1,3,2026-06-27T00:00:00.000Z,NONE,NONE
6099,1,3,2026-06-27T00:00:00.000Z,NONE,NONE
6113,1,3,2026-06-27T00:00:00.000Z,NONE,NONE
6118,1,3,2026-06-27T00:00:00.000Z,NONE,NONE
6125,1,3,2026-06-27T00:00:00.000Z,NONE,NONE
6129,1,3,2026-06-27T00:00:00.000Z,NONE,NONE
6131,1,3,2026-06-27T00:00:00.000Z,NONE,NONE
6134,1,3,2026-06-27T00:00:00.000Z,NONE,NONE
6136,1,3,2026-06-27T00:00:00.000Z,NONE,NONE
6146,1,3,2026-06-27T00:00:00.000Z,NONE,NONE
6149,1,3,2026-06-27T00:00:00.000Z,NONE,NONE
6157,1,3,2026-06-27T00:00:00.000Z,NONE,NONE
6176,1,3,2026-06-27T00:00:00.000Z,NONE,NONE
6182,1,3,2026-06-27T00:00:00.000Z,NONE,NONE
6183,1,3,2026-06-27T00:00:00.000Z,NONE,NONE
6184,1,3,2026-06-27T00:00:00.000Z,NONE,NONE
6186,1,3,2026-06-27T00:00:00.000Z,NONE,NONE
6192,1,3,2026-06-27T00:00:00.000Z,NONE,NONE
6201,1,3,2026-06-27T00:00:00.000Z,NONE,NONE
6202,1,3,2026-06-27T00:00:00.000Z,NONE,NONE
6215,1,3,2026-06-27T00:00:00.000Z,NONE,NONE
6218,1,3,2026-06-27T00:00:00.000Z,NONE,NONE
6223,1,3,2026-06-27T00:00:00.000Z,NONE,NONE
6224,1,3,2026-06-27T00:00:00.000Z,NONE,NONE
6229,1,3,2026-06-27T00:00:00.000Z,NONE,NONE
6234,1,3,2026-06-27T00:00:00.000Z,NONE,NONE
6235,1,3,2026-06-27T00:00:00.000Z,NONE,NONE
6241,1,3,2026-06-27T00:00:00.000Z,NONE,NONE
6251,1,3,2026-06-27T00:00:00.000Z,NONE,NONE
6252,1,3,2026-06-27T00:00:00.000Z,NONE,NONE
6254,1,3,2026-06-27T00:00:00.000Z,NONE,NONE
6261,1,3,2026-06-27T00:00:00.000Z,NONE,NONE
6285,1,3,2026-06-27T00:00:00.000Z,NONE,NONE
6286,1,3,2026-06-27T00:00:00.000Z,NONE,NONE
6287,1,3,2026-06-27T00:00:00.000Z,NONE,NONE
6295,1,3,2026-06-27T00:00:00.000Z,NONE,NONE
6296,1,3,2026-06-27T00:00:00.000Z,NONE,NONE
6309,1,3,2026-06-27T00:00:00.000Z,NONE,NONE
6310,1,3,2026-06-27T00:00:00.000Z,NONE,NONE
6317,1,3,2026-06-27T00:00:00.000Z,NONE,NONE
6323,1,3,2026-06-27T00:00:00.000Z,NONE,NONE
6337,1,3,2026-06-27T00:00:00.000Z,NONE,NONE
6363,1,3,2026-06-27T00:00:00.000Z,NONE,NONE
6366,1,3,2026-06-27T00:00:00.000Z,NONE,NONE
6367,1,3,2026-06-27T00:00:00.000Z,NONE,NONE
6369,1,3,2026-06-27T00:00:00.000Z,NONE,NONE
6376,1,3,2026-06-27T00:00:00.000Z,NONE,NONE
6382,1,3,2026-06-27T00:00:00.000Z,NONE,NONE
6384,1,3,2026-06-27T00:00:00.000Z,NONE,NONE
6398,1,3,2026-06-27T00:00:00.000Z,NONE,NONE
6421,1,3,2026-06-27T00:00:00.000Z,NONE,NONE
6428,1,3,2026-06-27T00:00:00.000Z,NONE,NONE
6433,1,3,2026-06-27T00:00:00.000Z,NONE,NONE
6434,1,3,2026-06-27T00:00:00.000Z,NONE,NONE
6436,1,3,2026-06-27T00:00:00.000Z,NONE,NONE
6447,1,3,2026-06-27T00:00:00.000Z,NONE,NONE
6456,1,3,2026-06-27T00:00:00.000Z,NONE,NONE
6459,1,3,2026-06-27T00:00:00.000Z,NONE,NONE
6475,1,3,2026-06-27T00:00:00.000Z,NONE,NONE
6477,1,3,2026-06-27T00:00:00.000Z,NONE,NONE
6478,1,3,2026-06-27T00:00:00.000Z,NONE,NONE
6480,1,3,2026-06-27T00:00:00.000Z,NONE,NONE
6499,1,3,2026-06-27T00:00:00.000Z,NONE,NONE
6500,1,3,2026-06-27T00:00:00.000Z,NONE,NONE
6501,1,3,2026-06-27T00:00:00.000Z,NONE,NONE
6503,1,3,2026-06-27T00:00:00.000Z,NONE,NONE
6504,1,3,2026-06-27T00:00:00.000Z,NONE,NONE
6513,1,3,2026-06-27T00:00:00.000Z,NONE,NONE
6517,1,3,2026-06-27T00:00:00.000Z,NONE,NONE
6527,1,3,2026-06-27T00:00:00.000Z,NONE,NONE
6534,1,3,2026-06-27T00:00:00.000Z,NONE,NONE
6538,1,3,2026-06-27T00:00:00.000Z,NONE,NONE
6541,1,3,2026-06-27T00:00:00.000Z,NONE,NONE
6547,1,3,2026-06-27T00:00:00.000Z,NONE,NONE
6554,1,3,2026-06-27T00:00:00.000Z,NONE,NONE
6576,1,3,2026-06-27T00:00:00.000Z,NONE,NONE
6585,1,3,2026-06-27T00:00:00.000Z,NONE,NONE
6586,1,3,2026-06-27T00:00:00.000Z,NONE,NONE
6597,1,3,2026-06-27T00:00:00.000Z,NONE,NONE
6603,1,3,2026-06-27T00:00:00.000Z,NONE,NONE
6621,1,3,2026-06-27T00:00:00.000Z,NONE,NONE
6625,1,3,2026-06-27T00:00:00.000Z,NONE,NONE
6630,1,3,2026-06-27T00:00:00.000Z,NONE,NONE
6631,1,3,2026-06-27T00:00:00.000Z,NONE,NONE
6642,1,3,2026-06-27T00:00:00.000Z,NONE,NONE
6646,1,3,2026-06-27T00:00:00.000Z,NONE,NONE
6654,1,3,2026-06-27T00:00:00.000Z,NONE,NONE
6688,1,3,2026-06-27T00:00:00.000Z,NONE,NONE
6702,1,3,2026-06-27T00:00:00.000Z,NONE,NONE
6716,1,3,2026-06-27T00:00:00.000Z,NONE,NONE
6718,1,3,2026-06-27T00:00:00.000Z,NONE,NONE
6721,1,3,2026-06-27T00:00:00.000Z,NONE,NONE
6735,1,3,2026-06-27T00:00:00.000Z,NONE,NONE
6737,1,3,2026-06-27T00:00:00.000Z,NONE,NONE
6738,1,3,2026-06-27T00:00:00.000Z,NONE,NONE
6763,1,3,2026-06-27T00:00:00.000Z,NONE,NONE
6779,1,3,2026-06-27T00:00:00.000Z,NONE,NONE
6788,1,3,2026-06-27T00:00:00.000Z,NONE,NONE
6798,1,3,2026-06-27T00:00:00.000Z,NONE,NONE
6810,1,3,2026-06-27T00:00:00.000Z,NONE,NONE
6821,1,3,2026-06-27T00:00:00.000Z,NONE,NONE
6844,1,3,2026-06-27T00:00:00.000Z,NONE,NONE
6847,1,3,2026-06-27T00:00:00.000Z,NONE,NONE
6849,1,3,2026-06-27T00:00:00.000Z,NONE,NONE
6879,1,3,2026-06-27T00:00:00.000Z,NONE,NONE
6891,1,3,2026-06-27T00:00:00.000Z,NONE,NONE
6897,1,3,2026-06-27T00:00:00.000Z,NONE,NONE
6900,1,3,2026-06-27T00:00:00.000Z,NONE,NONE
6903,1,3,2026-06-27T00:00:00.000Z,NONE,NONE
6913,1,3,2026-06-27T00:00:00.000Z,NONE,NONE
6931,1,3,2026-06-27T00:00:00.000Z,NONE,NONE
6933,1,3,2026-06-27T00:00:00.000Z,NONE,NONE
6936,1,3,2026-06-27T00:00:00.000Z,NONE,NONE
6947,1,3,2026-06-27T00:00:00.000Z,NONE,NONE
6948,1,3,2026-06-27T00:00:00.000Z,NONE,NONE
6954,1,3,2026-06-27T00:00:00.000Z,NONE,NONE
6962,1,3,2026-06-27T00:00:00.000Z,NONE,NONE
6968,1,3,2026-06-27T00:00:00.000Z,NONE,NONE
6983,1,3,2026-06-27T00:00:00.000Z,NONE,NONE
6986,1,3,2026-06-27T00:00:00.000Z,NONE,NONE
6987,1,3,2026-06-27T00:00:00.000Z,NONE,NONE
6997,1,3,2026-06-27T00:00:00.000Z,NONE,NONE
7004,1,3,2026-06-27T00:00:00.000Z,NONE,NONE
7009,1,3,2026-06-27T00:00:00.000Z,NONE,NONE
7016,1,3,2026-06-27T00:00:00.000Z,NONE,NONE
7029,1,3,2026-06-27T00:00:00.000Z,NONE,NONE
7037,1,3,2026-06-27T00:00:00.000Z,NONE,NONE
7041,1,3,2026-06-27T00:00:00.000Z,NONE,NONE
7048,1,3,2026-06-27T00:00:00.000Z,NONE,NONE
7060,1,3,2026-06-27T00:00:00.000Z,NONE,NONE
7069,1,3,2026-06-27T00:00:00.000Z,NONE,NONE
7073,1,3,2026-06-27T00:00:00.000Z,NONE,NONE
7074,1,3,2026-06-27T00:00:00.000Z,NONE,NONE
7081,1,3,2026-06-27T00:00:00.000Z,NONE,NONE
7087,1,3,2026-06-27T00:00:00.000Z,NONE,NONE
7091,1,3,2026-06-27T00:00:00.000Z,NONE,NONE
7095,1,3,2026-06-27T00:00:00.000Z,NONE,NONE
7097,1,3,2026-06-27T00:00:00.000Z,NONE,NONE
7103,1,3,2026-06-27T00:00:00.000Z,NONE,NONE
7112,1,3,2026-06-27T00:00:00.000Z,NONE,NONE
7116,1,3,2026-06-27T00:00:00.000Z,NONE,NONE
7117,1,3,2026-06-27T00:00:00.000Z,NONE,NONE
7131,1,3,2026-06-27T00:00:00.000Z,NONE,NONE
7134,1,3,2026-06-27T00:00:00.000Z,NONE,NONE
7142,1,3,2026-06-27T00:00:00.000Z,NONE,NONE
7152,1,3,2026-06-27T00:00:00.000Z,NONE,NONE
7165,1,3,2026-06-27T00:00:00.000Z,NONE,NONE
7176,1,3,2026-06-27T00:00:00.000Z,NONE,NONE
7178,1,3,2026-06-27T00:00:00.000Z,NONE,NONE
7180,1,3,2026-06-27T00:00:00.000Z,NONE,NONE
7188,1,3,2026-06-27T00:00:00.000Z,NONE,NONE
7196,1,3,2026-06-27T00:00:00.000Z,NONE,NONE
7198,1,3,2026-06-27T00:00:00.000Z,NONE,NONE
7224,1,3,2026-06-27T00:00:00.000Z,NONE,NONE
7225,1,3,2026-06-27T00:00:00.000Z,NONE,NONE
7234,1,3,2026-06-27T00:00:00.000Z,NONE,NONE
7247,1,3,2026-06-27T00:00:00.000Z,NONE,NONE
7252,1,3,2026-06-27T00:00:00.000Z,NONE,NONE
7261,1,3,2026-06-27T00:00:00.000Z,NONE,NONE
7262,1,3,2026-06-27T00:00:00.000Z,NONE,NONE
7266,1,3,2026-06-27T00:00:00.000Z,NONE,NONE
7267,1,3,2026-06-27T00:00:00.000Z,NONE,NONE
7273,1,3,2026-06-27T00:00:00.000Z,NONE,NONE
7277,1,3,2026-06-27T00:00:00.000Z,NONE,NONE
7279,1,3,2026-06-27T00:00:00.000Z,NONE,NONE
7282,1,3,2026-06-27T00:00:00.000Z,NONE,NONE
7284,1,3,2026-06-27T00:00:00.000Z,NONE,NONE
7287,1,3,2026-06-27T00:00:00.000Z,NONE,NONE
7294,1,3,2026-06-27T00:00:00.000Z,NONE,NONE
7298,1,3,2026-06-27T00:00:00.000Z,NONE,NONE
7310,1,3,2026-06-27T00:00:00.000Z,NONE,NONE
7313,1,3,2026-06-27T00:00:00.000Z,NONE,NONE
7343,1,3,2026-06-27T00:00:00.000Z,NONE,NONE
7345,1,3,2026-06-27T00:00:00.000Z,NONE,NONE
7349,1,3,2026-06-27T00:00:00.000Z,NONE,NONE
7368,1,3,2026-06-27T00:00:00.000Z,NONE,NONE
7392,1,3,2026-06-27T00:00:00.000Z,NONE,NONE
7394,1,3,2026-06-27T00:00:00.000Z,NONE,NONE
7411,1,3,2026-06-27T00:00:00.000Z,NONE,NONE
7412,1,3,2026-06-27T00:00:00.000Z,NONE,NONE
7414,1,3,2026-06-27T00:00:00.000Z,NONE,NONE
7417,1,3,2026-06-27T00:00:00.000Z,NONE,NONE
7423,1,3,2026-06-27T00:00:00.000Z,NONE,NONE
7424,1,3,2026-06-27T00:00:00.000Z,NONE,NONE
7429,1,3,2026-06-27T00:00:00.000Z,NONE,NONE
7449,1,3,2026-06-27T00:00:00.000Z,NONE,NONE
7457,1,3,2026-06-27T00:00:00.000Z,NONE,NONE
7469,1,3,2026-06-27T00:00:00.000Z,NONE,NONE
7471,1,3,2026-06-27T00:00:00.000Z,NONE,NONE
7473,1,3,2026-06-27T00:00:00.000Z,NONE,NONE
7485,1,3,2026-06-27T00:00:00.000Z,NONE,NONE
7492,1,3,2026-06-27T00:00:00.000Z,NONE,NONE
7515,1,3,2026-06-27T00:00:00.000Z,NONE,NONE
7519,1,3,2026-06-27T00:00:00.000Z,NONE,NONE
7537,1,3,2026-06-27T00:00:00.000Z,NONE,NONE
7538,1,3,2026-06-27T00:00:00.000Z,NONE,NONE
7539,1,3,2026-06-27T00:00:00.000Z,NONE,NONE
7540,1,3,2026-06-27T00:00:00.000Z,NONE,NONE
7548,1,3,2026-06-27T00:00:00.000Z,NONE,NONE
7549,1,3,2026-06-27T00:00:00.000Z,NONE,NONE
7566,1,3,2026-06-27T00:00:00.000Z,NONE,NONE
7567,1,3,2026-06-27T00:00:00.000Z,NONE,NONE
7568,1,3,2026-06-27T00:00:00.000Z,NONE,NONE
7583,1,3,2026-06-27T00:00:00.000Z,NONE,NONE
7603,1,3,2026-06-27T00:00:00.000Z,NONE,NONE
7636,1,3,2026-06-27T00:00:00.000Z,NONE,NONE
7647,1,3,2026-06-27T00:00:00.000Z,NONE,NONE
7661,1,3,2026-06-27T00:00:00.000Z,NONE,NONE
7670,1,3,2026-06-27T00:00:00.000Z,NONE,NONE
7679,1,3,2026-06-27T00:00:00.000Z,NONE,NONE
7692,1,3,2026-06-27T00:00:00.000Z,NONE,NONE
7716,1,3,2026-06-27T00:00:00.000Z,NONE,NONE
7718,1,3,2026-06-27T00:00:00.000Z,NONE,NONE
7720,1,3,2026-06-27T00:00:00.000Z,NONE,NONE
7723,1,3,2026-06-27T00:00:00.000Z,NONE,NONE
7728,1,3,2026-06-27T00:00:00.000Z,NONE,NONE
7733,1,3,2026-06-27T00:00:00.000Z,NONE,NONE
7734,1,3,2026-06-27T00:00:00.000Z,NONE,NONE
7739,1,3,2026-06-27T00:00:00.000Z,NONE,NONE
7749,1,3,2026-06-27T00:00:00.000Z,NONE,NONE
7761,1,3,2026-06-27T00:00:00.000Z,NONE,NONE
7762,1,3,2026-06-27T00:00:00.000Z,NONE,NONE
7765,1,3,2026-06-27T00:00:00.000Z,NONE,NONE
7771,1,3,2026-06-27T00:00:00.000Z,NONE,NONE
7773,1,3,2026-06-27T00:00:00.000Z,NONE,NONE
7775,1,3,2026-06-27T00:00:00.000Z,NONE,NONE
7780,1,3,2026-06-27T00:00:00.000Z,NONE,NONE
7782,1,3,2026-06-27T00:00:00.000Z,NONE,NONE
7786,1,3,2026-06-27T00:00:00.000Z,NONE,NONE
7800,1,3,2026-06-27T00:00:00.000Z,NONE,NONE
7801,1,3,2026-06-27T00:00:00.000Z,NONE,NONE
7803,1,3,2026-06-27T00:00:00.000Z,NONE,NONE
7805,1,3,2026-06-27T00:00:00.000Z,NONE,NONE
7811,1,3,2026-06-27T00:00:00.000Z,NONE,NONE
7818,1,3,2026-06-27T00:00:00.000Z,NONE,NONE
7819,1,3,2026-06-27T00:00:00.000Z,NONE,NONE
7832,1,3,2026-06-27T00:00:00.000Z,NONE,NONE
7835,1,3,2026-06-27T00:00:00.000Z,NONE,NONE
7837,1,3,2026-06-27T00:00:00.000Z,NONE,NONE
7842,1,3,2026-06-27T00:00:00.000Z,NONE,NONE
7846,1,3,2026-06-27T00:00:00.000Z,NONE,NONE
7847,1,3,2026-06-27T00:00:00.000Z,NONE,NONE
7872,1,3,2026-06-27T00:00:00.000Z,NONE,NONE
7877,1,3,2026-06-27T00:00:00.000Z,NONE,NONE
7884,1,3,2026-06-27T00:00:00.000Z,NONE,NONE
7890,1,3,2026-06-27T00:00:00.000Z,NONE,NONE
7903,1,3,2026-06-27T00:00:00.000Z,NONE,NONE
7926,1,3,2026-06-27T00:00:00.000Z,NONE,NONE
7929,1,3,2026-06-27T00:00:00.000Z,NONE,NONE
7930,1,3,2026-06-27T00:00:00.000Z,NONE,NONE
7948,1,3,2026-06-27T00:00:00.000Z,NONE,NONE
7950,1,3,2026-06-27T00:00:00.000Z,NONE,NONE
7951,1,3,2026-06-27T00:00:00.000Z,NONE,NONE
7954,1,3,2026-06-27T00:00:00.000Z,NONE,NONE
7958,1,3,2026-06-27T00:00:00.000Z,NONE,NONE
7960,1,3,2026-06-27T00:00:00.000Z,NONE,NONE
7961,1,3,2026-06-27T00:00:00.000Z,NONE,NONE
7974,1,3,2026-06-27T00:00:00.000Z,NONE,NONE
7990,1,3,2026-06-27T00:00:00.000Z,NONE,NONE
7994,1,3,2026-06-27T00:00:00.000Z,NONE,NONE
7996,1,3,2026-06-27T00:00:00.000Z,NONE,NONE
8006,1,3,2026-06-27T00:00:00.000Z,NONE,NONE
8018,1,3,2026-06-27T00:00:00.000Z,NONE,NONE
8043,1,3,2026-06-27T00:00:00.000Z,NONE,NONE
8046,1,3,2026-06-27T00:00:00.000Z,NONE,NONE
8063,1,3,2026-06-27T00:00:00.000Z,NONE,NONE
8073,1,3,2026-06-27T00:00:00.000Z,NONE,NONE
8075,1,3,2026-06-27T00:00:00.000Z,NONE,NONE
8083,1,3,2026-06-27T00:00:00.000Z,NONE,NONE
8101,1,3,2026-06-27T00:00:00.000Z,NONE,NONE
8104,1,3,2026-06-27T00:00:00.000Z,NONE,NONE
8108,1,3,2026-06-27T00:00:00.000Z,NONE,NONE
8113,1,3,2026-06-27T00:00:00.000Z,NONE,NONE
8121,1,3,2026-06-27T00:00:00.000Z,NONE,NONE
8127,1,3,2026-06-27T00:00:00.000Z,NONE,NONE
8132,1,3,2026-06-27T00:00:00.000Z,NONE,NONE
8133,1,3,2026-06-27T00:00:00.000Z,NONE,NONE
8138,1,3,2026-06-27T00:00:00.000Z,NONE,NONE
8144,1,3,2026-06-27T00:00:00.000Z,NONE,NONE
8152,1,3,2026-06-27T00:00:00.000Z,NONE,NONE
8162,1,3,2026-06-27T00:00:00.000Z,NONE,NONE
8174,1,3,2026-06-27T00:00:00.000Z,NONE,NONE
8179,1,3,2026-06-27T00:00:00.000Z,NONE,NONE
8187,1,3,2026-06-27T00:00:00.000Z,NONE,NONE
8188,1,3,2026-06-27T00:00:00.000Z,NONE,NONE
8190,1,3,2026-06-27T00:00:00.000Z,NONE,NONE
8206,1,3,2026-06-27T00:00:00.000Z,NONE,NONE
8209,1,3,2026-06-27T00:00:00.000Z,NONE,NONE
8216,1,3,2026-06-27T00:00:00.000Z,NONE,NONE
8218,1,3,2026-06-27T00:00:00.000Z,NONE,NONE
8230,1,3,2026-06-27T00:00:00.000Z,NONE,NONE
8239,1,3,2026-06-27T00:00:00.000Z,NONE,NONE
8246,1,3,2026-06-27T00:00:00.000Z,NONE,NONE
8256,1,3,2026-06-27T00:00:00.000Z,NONE,NONE
8271,1,3,2026-06-27T00:00:00.000Z,NONE,NONE
8273,1,3,2026-06-27T00:00:00.000Z,NONE,NONE
8274,1,3,2026-06-27T00:00:00.000Z,NONE,NONE
8283,1,3,2026-06-27T00:00:00.000Z,NONE,NONE
8301,1,3,2026-06-27T00:00:00.000Z,NONE,NONE
8308,1,3,2026-06-27T00:00:00.000Z,NONE,NONE
8313,1,3,2026-06-27T00:00:00.000Z,NONE,NONE
8316,1,3,2026-06-27T00:00:00.000Z,NONE,NONE
8323,1,3,2026-06-27T00:00:00.000Z,NONE,NONE
8325,1,3,2026-06-27T00:00:00.000Z,NONE,NONE
8341,1,3,2026-06-27T00:00:00.000Z,NONE,NONE
8344,1,3,2026-06-27T00:00:00.000Z,NONE,NONE
8352,1,3,2026-06-27T00:00:00.000Z,NONE,NONE
8356,1,3,2026-06-27T00:00:00.000Z,NONE,NONE
8363,1,3,2026-06-27T00:00:00.000Z,NONE,NONE
8369,1,3,2026-06-27T00:00:00.000Z,NONE,NONE
8371,1,3,2026-06-27T00:00:00.000Z,NONE,NONE
8395,1,3,2026-06-27T00:00:00.000Z,NONE,NONE
8396,1,3,2026-06-27T00:00:00.000Z,NONE,NONE
8399,1,3,2026-06-27T00:00:00.000Z,NONE,NONE
8407,1,3,2026-06-27T00:00:00.000Z,NONE,NONE
8420,1,3,2026-06-27T00:00:00.000Z,NONE,NONE
8423,1,3,2026-06-27T00:00:00.000Z,NONE,NONE
8439,1,3,2026-06-27T00:00:00.000Z,NONE,NONE
8449,1,3,2026-06-27T00:00:00.000Z,NONE,NONE
8457,1,3,2026-06-27T00:00:00.000Z,NONE,NONE
8459,1,3,2026-06-27T00:00:00.000Z,NONE,NONE
8471,1,3,2026-06-27T00:00:00.000Z,NONE,NONE
8474,1,3,2026-06-27T00:00:00.000Z,NONE,NONE
8477,1,3,2026-06-27T00:00:00.000Z,NONE,NONE
8478,1,3,2026-06-27T00:00:00.000Z,NONE,NONE
8487,1,3,2026-06-27T00:00:00.000Z,NONE,NONE
8488,1,3,2026-06-27T00:00:00.000Z,NONE,NONE
8490,1,3,2026-06-27T00:00:00.000Z,NONE,NONE
8492,1,3,2026-06-27T00:00:00.000Z,NONE,NONE
8496,1,3,2026-06-27T00:00:00.000Z,NONE,NONE
8503,1,3,2026-06-27T00:00:00.000Z,NONE,NONE
8506,1,3,2026-06-27T00:00:00.000Z,NONE,NONE
8515,1,3,2026-06-27T00:00:00.000Z,NONE,NONE
8544,1,3,2026-06-27T00:00:00.000Z,NONE,NONE
8546,1,3,2026-06-27T00:00:00.000Z,NONE,NONE
8550,1,3,2026-06-27T00:00:00.000Z,NONE,NONE
8555,1,3,2026-06-27T00:00:00.000Z,NONE,NONE
8560,1,3,2026-06-27T00:00:00.000Z,NONE,NONE
8580,1,3,2026-06-27T00:00:00.000Z,NONE,NONE
8585,1,3,2026-06-27T00:00:00.000Z,NONE,NONE
8597,1,3,2026-06-27T00:00:00.000Z,NONE,NONE
8608,1,3,2026-06-27T00:00:00.000Z,NONE,NONE
8610,1,3,2026-06-27T00:00:00.000Z,NONE,NONE
8628,1,3,2026-06-27T00:00:00.000Z,NONE,NONE
8641,1,3,2026-06-27T00:00:00.000Z,NONE,NONE
8644,1,3,2026-06-27T00:00:00.000Z,NONE,NONE
8646,1,3,2026-06-27T00:00:00.000Z,NONE,NONE
8648,1,3,2026-06-27T00:00:00.000Z,NONE,NONE
8655,1,3,2026-06-27T00:00:00.000Z,NONE,NONE
8674,1,3,2026-06-27T00:00:00.000Z,NONE,NONE
8679,1,3,2026-06-27T00:00:00.000Z,NONE,NONE
8681,1,3,2026-06-27T00:00:00.000Z,NONE,NONE
8682,1,3,2026-06-27T00:00:00.000Z,NONE,NONE
8685,1,3,2026-06-27T00:00:00.000Z,NONE,NONE
8691,1,3,2026-06-27T00:00:00.000Z,NONE,NONE
8704,1,3,2026-06-27T00:00:00.000Z,NONE,NONE
8706,1,3,2026-06-27T00:00:00.000Z,NONE,NONE
8724,1,3,2026-06-27T00:00:00.000Z,NONE,NONE
8742,1,3,2026-06-27T00:00:00.000Z,NONE,NONE
8743,1,3,2026-06-27T00:00:00.000Z,NONE,NONE
8762,1,3,2026-06-27T00:00:00.000Z,NONE,NONE
8801,1,3,2026-06-27T00:00:00.000Z,NONE,NONE
8806,1,3,2026-06-27T00:00:00.000Z,NONE,NONE
8813,1,3,2026-06-27T00:00:00.000Z,NONE,NONE
8820,1,3,2026-06-27T00:00:00.000Z,NONE,NONE
8823,1,3,2026-06-27T00:00:00.000Z,NONE,NONE
8837,1,3,2026-06-27T00:00:00.000Z,NONE,NONE
8840,1,3,2026-06-27T00:00:00.000Z,NONE,NONE
8859,1,3,2026-06-27T00:00:00.000Z,NONE,NONE
8863,1,3,2026-06-27T00:00:00.000Z,NONE,NONE
8875,1,3,2026-06-27T00:00:00.000Z,NONE,NONE
8876,1,3,2026-06-27T00:00:00.000Z,NONE,NONE
8885,1,3,2026-06-27T00:00:00.000Z,NONE,NONE
8888,1,3,2026-06-27T00:00:00.000Z,NONE,NONE
8902,1,3,2026-06-27T00:00:00.000Z,NONE,NONE
8904,1,3,2026-06-27T00:00:00.000Z,NONE,NONE
8913,1,3,2026-06-27T00:00:00.000Z,NONE,NONE
8935,1,3,2026-06-27T00:00:00.000Z,NONE,NONE
8951,1,3,2026-06-27T00:00:00.000Z,NONE,NONE
8968,1,3,2026-06-27T00:00:00.000Z,NONE,NONE
8977,1,3,2026-06-27T00:00:00.000Z,NONE,NONE
8987,1,3,2026-06-27T00:00:00.000Z,NONE,NONE
8988,1,3,2026-06-27T00:00:00.000Z,NONE,NONE
8999,1,3,2026-06-27T00:00:00.000Z,NONE,NONE
9000,1,3,2026-06-27T00:00:00.000Z,NONE,NONE
9010,1,3,2026-06-27T00:00:00.000Z,NONE,NONE
9013,1,3,2026-06-27T00:00:00.000Z,NONE,NONE
9014,1,3,2026-06-27T00:00:00.000Z,NONE,NONE
9017,1,3,2026-06-27T00:00:00.000Z,NONE,NONE
9022,1,3,2026-06-27T00:00:00.000Z,NONE,NONE
9048,1,3,2026-06-27T00:00:00.000Z,NONE,NONE
9086,1,3,2026-06-27T00:00:00.000Z,NONE,NONE
9087,1,3,2026-06-27T00:00:00.000Z,NONE,NONE
9093,1,3,2026-06-27T00:00:00.000Z,NONE,NONE
9094,1,3,2026-06-27T00:00:00.000Z,NONE,NONE
9098,1,3,2026-06-27T00:00:00.000Z,NONE,NONE
9099,1,3,2026-06-27T00:00:00.000Z,NONE,NONE
9103,1,3,2026-06-27T00:00:00.000Z,NONE,NONE
9129,1,3,2026-06-27T00:00:00.000Z,NONE,NONE
9131,1,3,2026-06-27T00:00:00.000Z,NONE,NONE
9138,1,3,2026-06-27T00:00:00.000Z,NONE,NONE
9144,1,3,2026-06-27T00:00:00.000Z,NONE,NONE
9145,1,3,2026-06-27T00:00:00.000Z,NONE,NONE
9147,1,3,2026-06-27T00:00:00.000Z,NONE,NONE
9168,1,3,2026-06-27T00:00:00.000Z,NONE,NONE
9169,1,3,2026-06-27T00:00:00.000Z,NONE,NONE
9171,1,3,2026-06-27T00:00:00.000Z,NONE,NONE
9186,1,3,2026-06-27T00:00:00.000Z,NONE,NONE
9187,1,3,2026-06-27T00:00:00.000Z,NONE,NONE
9205,1,3,2026-06-27T00:00:00.000Z,NONE,NONE
9209,1,3,2026-06-27T00:00:00.000Z,NONE,NONE
9218,1,3,2026-06-27T00:00:00.000Z,NONE,NONE
9219,1,3,2026-06-27T00:00:00.000Z,NONE,NONE
9223,1,3,2026-06-27T00:00:00.000Z,NONE,NONE
9231,1,3,2026-06-27T00:00:00.000Z,NONE,NONE
9234,1,3,2026-06-27T00:00:00.000Z,NONE,NONE
9240,1,3,2026-06-27T00:00:00.000Z,NONE,NONE
9245,1,3,2026-06-27T00:00:00.000Z,NONE,NONE
9246,1,3,2026-06-27T00:00:00.000Z,NONE,NONE
9259,1,3,2026-06-27T00:00:00.000Z,NONE,NONE
9262,1,3,2026-06-27T00:00:00.000Z,NONE,NONE
9268,1,3,2026-06-27T00:00:00.000Z,NONE,NONE
9273,1,3,2026-06-27T00:00:00.000Z,NONE,NONE
9274,1,3,2026-06-27T00:00:00.000Z,NONE,NONE
9276,1,3,2026-06-27T00:00:00.000Z,NONE,NONE
9279,1,3,2026-06-27T00:00:00.000Z,NONE,NONE
9280,1,3,2026-06-27T00:00:00.000Z,NONE,NONE
9291,1,3,2026-06-27T00:00:00.000Z,NONE,NONE
9300,1,3,2026-06-27T00:00:00.000Z,NONE,NONE
9302,1,3,2026-06-27T00:00:00.000Z,NONE,NONE
9307,1,3,2026-06-27T00:00:00.000Z,NONE,NONE
9312,1,3,2026-06-27T00:00:00.000Z,NONE,NONE
9319,1,3,2026-06-27T00:00:00.000Z,NONE,NONE
9320,1,3,2026-06-27T00:00:00.000Z,NONE,NONE
9324,1,3,2026-06-27T00:00:00.000Z,NONE,NONE
9335,1,3,2026-06-27T00:00:00.000Z,NONE,NONE
9351,1,3,2026-06-27T00:00:00.000Z,NONE,NONE
9372,1,3,2026-06-27T00:00:00.000Z,NONE,NONE
9374,1,3,2026-06-27T00:00:00.000Z,NONE,NONE
9376,1,3,2026-06-27T00:00:00.000Z,NONE,NONE
9383,1,3,2026-06-27T00:00:00.000Z,NONE,NONE
9388,1,3,2026-06-27T00:00:00.000Z,NONE,NONE
9390,1,3,2026-06-27T00:00:00.000Z,NONE,NONE
9406,1,3,2026-06-27T00:00:00.000Z,NONE,NONE
9417,1,3,2026-06-27T00:00:00.000Z,NONE,NONE
9420,1,3,2026-06-27T00:00:00.000Z,NONE,NONE
9452,1,3,2026-06-27T00:00:00.000Z,NONE,NONE
9495,1,3,2026-06-27T00:00:00.000Z,NONE,NONE
9496,1,3,2026-06-27T00:00:00.000Z,NONE,NONE
9501,1,3,2026-06-27T00:00:00.000Z,NONE,NONE
9506,1,3,2026-06-27T00:00:00.000Z,NONE,NONE
9509,1,3,2026-06-27T00:00:00.000Z,NONE,NONE
9511,1,3,2026-06-27T00:00:00.000Z,NONE,NONE
9512,1,3,2026-06-27T00:00:00.000Z,NONE,NONE
9516,1,3,2026-06-27T00:00:00.000Z,NONE,NONE
9517,1,3,2026-06-27T00:00:00.000Z,NONE,NONE
9518,1,3,2026-06-27T00:00:00.000Z,NONE,NONE
9524,1,3,2026-06-27T00:00:00.000Z,NONE,NONE
9549,1,3,2026-06-27T00:00:00.000Z,NONE,NONE
9554,1,3,2026-06-27T00:00:00.000Z,NONE,NONE
9578,1,3,2026-06-27T00:00:00.000Z,NONE,NONE
9584,1,3,2026-06-27T00:00:00.000Z,NONE,NONE
9595,1,3,2026-06-27T00:00:00.000Z,NONE,NONE
9596,1,3,2026-06-27T00:00:00.000Z,NONE,NONE
9597,1,3,2026-06-27T00:00:00.000Z,NONE,NONE
9607,1,3,2026-06-27T00:00:00.000Z,NONE,NONE
9635,1,3,2026-06-27T00:00:00.000Z,NONE,NONE
9640,1,3,2026-06-27T00:00:00.000Z,NONE,NONE
9641,1,3,2026-06-27T00:00:00.000Z,NONE,NONE
9654,1,3,2026-06-27T00:00:00.000Z,NONE,NONE
9658,1,3,2026-06-27T00:00:00.000Z,NONE,NONE
9678,1,3,2026-06-27T00:00:00.000Z,NONE,NONE
9684,1,3,2026-06-27T00:00:00.000Z,NONE,NONE
9689,1,3,2026-06-27T00:00:00.000Z,NONE,NONE
9691,1,3,2026-06-27T00:00:00.000Z,NONE,NONE
9695,1,3,2026-06-27T00:00:00.000Z,NONE,NONE
9703,1,3,2026-06-27T00:00:00.000Z,NONE,NONE
9704,1,3,2026-06-27T00:00:00.000Z,NONE,NONE
9711,1,3,2026-06-27T00:00:00.000Z,NONE,NONE
9715,1,3,2026-06-27T00:00:00.000Z,NONE,NONE
9722,1,3,2026-06-27T00:00:00.000Z,NONE,NONE
9727,1,3,2026-06-27T00:00:00.000Z,NONE,NONE
9742,1,3,2026-06-27T00:00:00.000Z,NONE,NONE
9743,1,3,2026-06-27T00:00:00.000Z,NONE,NONE
9744,1,3,2026-06-27T00:00:00.000Z,NONE,NONE
9765,1,3,2026-06-27T00:00:00.000Z,NONE,NONE
9778,1,3,2026-06-27T00:00:00.000Z,NONE,NONE
9782,1,3,2026-06-27T00:00:00.000Z,NONE,NONE
9795,1,3,2026-06-27T00:00:00.000Z,NONE,NONE
9796,1,3,2026-06-27T00:00:00.000Z,NONE,NONE
9821,1,3,2026-06-27T00:00:00.000Z,NONE,NONE
9825,1,3,2026-06-27T00:00:00.000Z,NONE,NONE
9827,1,3,2026-06-27T00:00:00.000Z,NONE,NONE
9829,1,3,2026-06-27T00:00:00.000Z,NONE,NONE
9832,1,3,2026-06-27T00:00:00.000Z,NONE,NONE
9843,1,3,2026-06-27T00:00:00.000Z,NONE,NONE
9860,1,3,2026-06-27T00:00:00.000Z,NONE,NONE
9868,1,3,2026-06-27T00:00:00.000Z,NONE,NONE
9872,1,3,2026-06-27T00:00:00.000Z,NONE,NONE
9874,1,3,2026-06-27T00:00:00.000Z,NONE,NONE
9878,1,3,2026-06-27T00:00:00.000Z,NONE,NONE
9879,1,3,2026-06-27T00:00:00.000Z,NONE,NONE
9899,1,3,2026-06-27T00:00:00.000Z,NONE,NONE
9905,1,3,2026-06-27T00:00:00.000Z,NONE,NONE
9918,1,3,2026-06-27T00:00:00.000Z,NONE,NONE
9922,1,3,2026-06-27T00:00:00.000Z,NONE,NONE
9924,1,3,2026-06-27T00:00:00.000Z,NONE,NONE
9925,1,3,2026-06-27T00:00:00.000Z,NONE,NONE
9929,1,3,2026-06-27T00:00:00.000Z,NONE,NONE
9934,1,3,2026-06-27T00:00:00.000Z,NONE,NONE
9935,1,3,2026-06-27T00:00:00.000Z,NONE,NONE
9940,1,3,2026-06-27T00:00:00.000Z,NONE,NONE
9946,1,3,2026-06-27T00:00:00.000Z,NONE,NONE
9950,1,3,2026-06-27T00:00:00.000Z,NONE,NONE
9957,1,3,2026-06-27T00:00:00.000Z,NONE,NONE
9960,1,3,2026-06-27T00:00:00.000Z,NONE,NONE
9967,1,3,2026-06-27T00:00:00.000Z,NONE,NONE
9978,1,3,2026-06-27T00:00:00.000Z,NONE,NONE
9983,1,3,2026-06-27T00:00:00.000Z,NONE,NONE
10024,1,3,2026-06-27T00:00:00.000Z,NONE,NONE
10028,1,3,2026-06-27T00:00:00.000Z,NONE,NONE
10029,1,3,2026-06-27T00:00:00.000Z,NONE,NONE
10033,1,3,2026-06-27T00:00:00.000Z,NONE,NONE
10036,1,3,2026-06-27T00:00:00.000Z,NONE,NONE
10048,1,3,2026-06-27T00:00:00.000Z,NONE,NONE
10053,1,3,2026-06-27T00:00:00.000Z,NONE,NONE
10060,1,3,2026-06-27T00:00:00.000Z,NONE,NONE
10061,1,3,2026-06-27T00:00:00.000Z,NONE,NONE
10065,1,3,2026-06-27T00:00:00.000Z,NONE,NONE
10066,1,3,2026-06-27T00:00:00.000Z,NONE,NONE
10068,1,3,2026-06-27T00:00:00.000Z,NONE,NONE
10076,1,3,2026-06-27T00:00:00.000Z,NONE,NONE
10078,1,3,2026-06-27T00:00:00.000Z,NONE,NONE
10115,1,3,2026-06-27T00:00:00.000Z,NONE,NONE
10121,1,3,2026-06-27T00:00:00.000Z,NONE,NONE
10129,1,3,2026-06-27T00:00:00.000Z,NONE,NONE
10130,1,3,2026-06-27T00:00:00.000Z,NONE,NONE
10134,1,3,2026-06-27T00:00:00.000Z,NONE,NONE
10138,1,3,2026-06-27T00:00:00.000Z,NONE,NONE
10144,1,3,2026-06-27T00:00:00.000Z,NONE,NONE
10146,1,3,2026-06-27T00:00:00.000Z,NONE,NONE
10150,1,3,2026-06-27T00:00:00.000Z,NONE,NONE
10153,1,3,2026-06-27T00:00:00.000Z,NONE,NONE
10155,1,3,2026-06-27T00:00:00.000Z,NONE,NONE
10156,1,3,2026-06-27T00:00:00.000Z,NONE,NONE
10157,1,3,2026-06-27T00:00:00.000Z,NONE,NONE
10162,1,3,2026-06-27T00:00:00.000Z,NONE,NONE
10174,1,3,2026-06-27T00:00:00.000Z,NONE,NONE
10191,1,3,2026-06-27T00:00:00.000Z,NONE,NONE
10194,1,3,2026-06-27T00:00:00.000Z,NONE,NONE
10196,1,3,2026-06-27T00:00:00.000Z,NONE,NONE
10197,1,3,2026-06-27T00:00:00.000Z,NONE,NONE
10218,1,3,2026-06-27T00:00:00.000Z,NONE,NONE
10244,1,3,2026-06-27T00:00:00.000Z,NONE,NONE
10254,1,3,2026-06-27T00:00:00.000Z,NONE,NONE
10298,1,3,2026-06-27T00:00:00.000Z,NONE,NONE
10300,1,3,2026-06-27T00:00:00.000Z,NONE,NONE
10303,1,3,2026-06-27T00:00:00.000Z,NONE,NONE
10328,1,3,2026-06-27T00:00:00.000Z,NONE,NONE
10354,1,3,2026-06-27T00:00:00.000Z,NONE,NONE
10357,1,3,2026-06-27T00:00:00.000Z,NONE,NONE
10361,1,3,2026-06-27T00:00:00.000Z,NONE,NONE
10369,1,3,2026-06-27T00:00:00.000Z,NONE,NONE
10370,1,3,2026-06-27T00:00:00.000Z,NONE,NONE
10379,1,3,2026-06-27T00:00:00.000Z,NONE,NONE
10381,1,3,2026-06-27T00:00:00.000Z,NONE,NONE
10390,1,3,2026-06-27T00:00:00.000Z,NONE,NONE
10392,1,3,2026-06-27T00:00:00.000Z,NONE,NONE
10396,1,3,2026-06-27T00:00:00.000Z,NONE,NONE
10397,1,3,2026-06-27T00:00:00.000Z,NONE,NONE
10422,1,3,2026-06-27T00:00:00.000Z,NONE,NONE
10427,1,3,2026-06-27T00:00:00.000Z,NONE,NONE
10441,1,3,2026-06-27T00:00:00.000Z,NONE,NONE
10452,1,3,2026-06-27T00:00:00.000Z,NONE,NONE
10456,1,3,2026-06-27T00:00:00.000Z,NONE,NONE
10459,1,3,2026-06-27T00:00:00.000Z,NONE,NONE
10461,1,3,2026-06-27T00:00:00.000Z,NONE,NONE
10465,1,3,2026-06-27T00:00:00.000Z,NONE,NONE
10472,1,3,2026-06-27T00:00:00.000Z,NONE,NONE
10473,1,3,2026-06-27T00:00:00.000Z,NONE,NONE
10479,1,3,2026-06-27T00:00:00.000Z,NONE,NONE
10487,1,3,2026-06-27T00:00:00.000Z,NONE,NONE
10492,1,3,2026-06-27T00:00:00.000Z,NONE,NONE
10493,1,3,2026-06-27T00:00:00.000Z,NONE,NONE
10494,1,3,2026-06-27T00:00:00.000Z,NONE,NONE
10501,1,3,2026-06-27T00:00:00.000Z,NONE,NONE
10513,1,3,2026-06-27T00:00:00.000Z,NONE,NONE
10515,1,3,2026-06-27T00:00:00.000Z,NONE,NONE
10520,1,3,2026-06-27T00:00:00.000Z,NONE,NONE
10522,1,3,2026-06-27T00:00:00.000Z,NONE,NONE
10524,1,3,2026-06-27T00:00:00.000Z,NONE,NONE
10530,1,3,2026-06-27T00:00:00.000Z,NONE,NONE
10545,1,3,2026-06-27T00:00:00.000Z,NONE,NONE
10546,1,3,2026-06-27T00:00:00.000Z,NONE,NONE
10562,1,3,2026-06-27T00:00:00.000Z,NONE,NONE
10580,1,3,2026-06-27T00:00:00.000Z,NONE,NONE
10584,1,3,2026-06-27T00:00:00.000Z,NONE,NONE
10586,1,3,2026-06-27T00:00:00.000Z,NONE,NONE
10589,1,3,2026-06-27T00:00:00.000Z,NONE,NONE
10593,1,3,2026-06-27T00:00:00.000Z,NONE,NONE
10597,1,3,2026-06-27T00:00:00.000Z,NONE,NONE
10602,1,3,2026-06-27T00:00:00.000Z,NONE,NONE
10619,1,3,2026-06-27T00:00:00.000Z,NONE,NONE
10621,1,3,2026-06-27T00:00:00.000Z,NONE,NONE
10644,1,3,2026-06-27T00:00:00.000Z,NONE,NONE
10654,1,3,2026-06-27T00:00:00.000Z,NONE,NONE
10660,1,3,2026-06-27T00:00:00.000Z,NONE,NONE
10668,1,3,2026-06-27T00:00:00.000Z,NONE,NONE
10670,1,3,2026-06-27T00:00:00.000Z,NONE,NONE
10676,1,3,2026-06-27T00:00:00.000Z,NONE,NONE
10681,1,3,2026-06-27T00:00:00.000Z,NONE,NONE
10699,1,3,2026-06-27T00:00:00.000Z,NONE,NONE
10703,1,3,2026-06-27T00:00:00.000Z,NONE,NONE
10721,1,3,2026-06-27T00:00:00.000Z,NONE,NONE
10728,1,3,2026-06-27T00:00:00.000Z,NONE,NONE
451,1,3,2026-06-28T00:00:00.000Z,NONE,NONE
465,1,3,2026-06-28T00:00:00.000Z,NONE,NONE
468,1,3,2026-06-28T00:00:00.000Z,NONE,NONE
473,1,3,2026-06-28T00:00:00.000Z,NONE,NONE
475,1,3,2026-06-28T00:00:00.000Z,NONE,NONE
476,1,3,2026-06-28T00:00:00.000Z,NONE,NONE
499,1,3,2026-06-28T00:00:00.000Z,NONE,NONE
543,1,3,2026-06-28T00:00:00.000Z,NONE,NONE
549,1,3,2026-06-28T00:00:00.000Z,NONE,NONE
551,1,3,2026-06-28T00:00:00.000Z,NONE,NONE
552,1,3,2026-06-28T00:00:00.000Z,NONE,NONE
553,1,3,2026-06-28T00:00:00.000Z,NONE,NONE
559,1,3,2026-06-28T00:00:00.000Z,NONE,NONE
564,1,3,2026-06-28T00:00:00.000Z,NONE,NONE
566,1,3,2026-06-28T00:00:00.000Z,NONE,NONE
570,1,3,2026-06-28T00:00:00.000Z,NONE,NONE
657,1,3,2026-06-28T00:00:00.000Z,NONE,NONE
667,1,3,2026-06-28T00:00:00.000Z,NONE,NONE
686,1,3,2026-06-28T00:00:00.000Z,NONE,NONE
718,1,3,2026-06-28T00:00:00.000Z,NONE,NONE
785,1,3,2026-06-28T00:00:00.000Z,NONE,NONE
1157,1,3,2026-06-28T00:00:00.000Z,NONE,NONE
1330,1,3,2026-06-28T00:00:00.000Z,NONE,NONE
1394,1,3,2026-06-28T00:00:00.000Z,NONE,NONE
1439,1,3,2026-06-28T00:00:00.000Z,NONE,NONE
1732,1,3,2026-06-28T00:00:00.000Z,NONE,NONE
1838,1,3,2026-06-28T00:00:00.000Z,NONE,NONE
1928,1,3,2026-06-28T00:00:00.000Z,NONE,NONE
2097,1,3,2026-06-28T00:00:00.000Z,NONE,NONE
2106,1,3,2026-06-28T00:00:00.000Z,NONE,NONE
2131,1,3,2026-06-28T00:00:00.000Z,NONE,NONE
2148,1,3,2026-06-28T00:00:00.000Z,NONE,NONE
2149,1,3,2026-06-28T00:00:00.000Z,NONE,NONE
2171,1,3,2026-06-28T00:00:00.000Z,NONE,NONE
2216,1,3,2026-06-28T00:00:00.000Z,NONE,NONE
2239,1,3,2026-06-28T00:00:00.000Z,NONE,NONE
2244,1,3,2026-06-28T00:00:00.000Z,NONE,NONE
2267,1,3,2026-06-28T00:00:00.000Z,NONE,NONE
2269,1,3,2026-06-28T00:00:00.000Z,NONE,NONE
2276,1,3,2026-06-28T00:00:00.000Z,NONE,NONE
2279,1,3,2026-06-28T00:00:00.000Z,NONE,NONE
2281,1,3,2026-06-28T00:00:00.000Z,NONE,NONE
2284,1,3,2026-06-28T00:00:00.000Z,NONE,NONE
2289,1,3,2026-06-28T00:00:00.000Z,NONE,NONE
2290,1,3,2026-06-28T00:00:00.000Z,NONE,NONE
2298,1,3,2026-06-28T00:00:00.000Z,NONE,NONE
2302,1,3,2026-06-28T00:00:00.000Z,NONE,NONE
2307,1,3,2026-06-28T00:00:00.000Z,NONE,NONE
2313,1,3,2026-06-28T00:00:00.000Z,NONE,NONE
2321,1,3,2026-06-28T00:00:00.000Z,NONE,NONE
2322,1,3,2026-06-28T00:00:00.000Z,NONE,NONE
2423,1,3,2026-06-28T00:00:00.000Z,NONE,NONE
2429,1,3,2026-06-28T00:00:00.000Z,NONE,NONE
2467,1,3,2026-06-28T00:00:00.000Z,NONE,NONE
2477,1,3,2026-06-28T00:00:00.000Z,NONE,NONE
2482,1,3,2026-06-28T00:00:00.000Z,NONE,NONE
2487,1,3,2026-06-28T00:00:00.000Z,NONE,NONE
2489,1,3,2026-06-28T00:00:00.000Z,NONE,NONE
2492,1,3,2026-06-28T00:00:00.000Z,NONE,NONE
2499,1,3,2026-06-28T00:00:00.000Z,NONE,NONE
2503,1,3,2026-06-28T00:00:00.000Z,NONE,NONE
2508,1,3,2026-06-28T00:00:00.000Z,NONE,NONE
2514,1,3,2026-06-28T00:00:00.000Z,NONE,NONE
2551,1,3,2026-06-28T00:00:00.000Z,NONE,NONE
2552,1,3,2026-06-28T00:00:00.000Z,NONE,NONE
2564,1,3,2026-06-28T00:00:00.000Z,NONE,NONE
2579,1,3,2026-06-28T00:00:00.000Z,NONE,NONE
2587,1,3,2026-06-28T00:00:00.000Z,NONE,NONE
2588,1,3,2026-06-28T00:00:00.000Z,NONE,NONE
2606,1,3,2026-06-28T00:00:00.000Z,NONE,NONE
2629,1,3,2026-06-28T00:00:00.000Z,NONE,NONE
2630,1,3,2026-06-28T00:00:00.000Z,NONE,NONE
2634,1,3,2026-06-28T00:00:00.000Z,NONE,NONE
2639,1,3,2026-06-28T00:00:00.000Z,NONE,NONE
2666,1,3,2026-06-28T00:00:00.000Z,NONE,NONE
2675,1,3,2026-06-28T00:00:00.000Z,NONE,NONE
2684,1,3,2026-06-28T00:00:00.000Z,NONE,NONE
2687,1,3,2026-06-28T00:00:00.000Z,NONE,NONE
2688,1,3,2026-06-28T00:00:00.000Z,NONE,NONE
2692,1,3,2026-06-28T00:00:00.000Z,NONE,NONE
2717,1,3,2026-06-28T00:00:00.000Z,NONE,NONE
2718,1,3,2026-06-28T00:00:00.000Z,NONE,NONE
2727,1,3,2026-06-28T00:00:00.000Z,NONE,NONE
2732,1,3,2026-06-28T00:00:00.000Z,NONE,NONE
2742,1,3,2026-06-28T00:00:00.000Z,NONE,NONE
2744,1,3,2026-06-28T00:00:00.000Z,NONE,NONE
2748,1,3,2026-06-28T00:00:00.000Z,NONE,NONE
2753,1,3,2026-06-28T00:00:00.000Z,NONE,NONE
2758,1,3,2026-06-28T00:00:00.000Z,NONE,NONE
2760,1,3,2026-06-28T00:00:00.000Z,NONE,NONE
2785,1,3,2026-06-28T00:00:00.000Z,NONE,NONE
2793,1,3,2026-06-28T00:00:00.000Z,NONE,NONE
2794,1,3,2026-06-28T00:00:00.000Z,NONE,NONE
2800,1,3,2026-06-28T00:00:00.000Z,NONE,NONE
2803,1,3,2026-06-28T00:00:00.000Z,NONE,NONE
2807,1,3,2026-06-28T00:00:00.000Z,NONE,NONE
2814,1,3,2026-06-28T00:00:00.000Z,NONE,NONE
2819,1,3,2026-06-28T00:00:00.000Z,NONE,NONE
2821,1,3,2026-06-28T00:00:00.000Z,NONE,NONE
2824,1,3,2026-06-28T00:00:00.000Z,NONE,NONE
2829,1,3,2026-06-28T00:00:00.000Z,NONE,NONE
2839,1,3,2026-06-28T00:00:00.000Z,NONE,NONE
2847,1,3,2026-06-28T00:00:00.000Z,NONE,NONE
2879,1,3,2026-06-28T00:00:00.000Z,NONE,NONE
2889,1,3,2026-06-28T00:00:00.000Z,NONE,NONE
2896,1,3,2026-06-28T00:00:00.000Z,NONE,NONE
2910,1,3,2026-06-28T00:00:00.000Z,NONE,NONE
2914,1,3,2026-06-28T00:00:00.000Z,NONE,NONE
2927,1,3,2026-06-28T00:00:00.000Z,NONE,NONE
2932,1,3,2026-06-28T00:00:00.000Z,NONE,NONE
2937,1,3,2026-06-28T00:00:00.000Z,NONE,NONE
2940,1,3,2026-06-28T00:00:00.000Z,NONE,NONE
2942,1,3,2026-06-28T00:00:00.000Z,NONE,NONE
2953,1,3,2026-06-28T00:00:00.000Z,NONE,NONE
2968,1,3,2026-06-28T00:00:00.000Z,NONE,NONE
2984,1,3,2026-06-28T00:00:00.000Z,NONE,NONE
2986,1,3,2026-06-28T00:00:00.000Z,NONE,NONE
2987,1,3,2026-06-28T00:00:00.000Z,NONE,NONE
2996,1,3,2026-06-28T00:00:00.000Z,NONE,NONE
2998,1,3,2026-06-28T00:00:00.000Z,NONE,NONE
3008,1,3,2026-06-28T00:00:00.000Z,NONE,NONE
3011,1,3,2026-06-28T00:00:00.000Z,NONE,NONE
3015,1,3,2026-06-28T00:00:00.000Z,NONE,NONE
3018,1,3,2026-06-28T00:00:00.000Z,NONE,NONE
3021,1,3,2026-06-28T00:00:00.000Z,NONE,NONE
3027,1,3,2026-06-28T00:00:00.000Z,NONE,NONE
3049,1,3,2026-06-28T00:00:00.000Z,NONE,NONE
3052,1,3,2026-06-28T00:00:00.000Z,NONE,NONE
3053,1,3,2026-06-28T00:00:00.000Z,NONE,NONE
3057,1,3,2026-06-28T00:00:00.000Z,NONE,NONE
3058,1,3,2026-06-28T00:00:00.000Z,NONE,NONE
3071,1,3,2026-06-28T00:00:00.000Z,NONE,NONE
3084,1,3,2026-06-28T00:00:00.000Z,NONE,NONE
3087,1,3,2026-06-28T00:00:00.000Z,NONE,NONE
3094,1,3,2026-06-28T00:00:00.000Z,NONE,NONE
3095,1,3,2026-06-28T00:00:00.000Z,NONE,NONE
3103,1,3,2026-06-28T00:00:00.000Z,NONE,NONE
3105,1,3,2026-06-28T00:00:00.000Z,NONE,NONE
3114,1,3,2026-06-28T00:00:00.000Z,NONE,NONE
3118,1,3,2026-06-28T00:00:00.000Z,NONE,NONE
3179,1,3,2026-06-28T00:00:00.000Z,NONE,NONE
3180,1,3,2026-06-28T00:00:00.000Z,NONE,NONE
3197,1,3,2026-06-28T00:00:00.000Z,NONE,NONE
3205,1,3,2026-06-28T00:00:00.000Z,NONE,NONE
3207,1,3,2026-06-28T00:00:00.000Z,NONE,NONE
3210,1,3,2026-06-28T00:00:00.000Z,NONE,NONE
3213,1,3,2026-06-28T00:00:00.000Z,NONE,NONE
3216,1,3,2026-06-28T00:00:00.000Z,NONE,NONE
3219,1,3,2026-06-28T00:00:00.000Z,NONE,NONE
3232,1,3,2026-06-28T00:00:00.000Z,NONE,NONE
3245,1,3,2026-06-28T00:00:00.000Z,NONE,NONE
3259,1,3,2026-06-28T00:00:00.000Z,NONE,NONE
3267,1,3,2026-06-28T00:00:00.000Z,NONE,NONE
3272,1,3,2026-06-28T00:00:00.000Z,NONE,NONE
3283,1,3,2026-06-28T00:00:00.000Z,NONE,NONE
3294,1,3,2026-06-28T00:00:00.000Z,NONE,NONE
3314,1,3,2026-06-28T00:00:00.000Z,NONE,NONE
3317,1,3,2026-06-28T00:00:00.000Z,NONE,NONE
3326,1,3,2026-06-28T00:00:00.000Z,NONE,NONE
3342,1,3,2026-06-28T00:00:00.000Z,NONE,NONE
3357,1,3,2026-06-28T00:00:00.000Z,NONE,NONE
3365,1,3,2026-06-28T00:00:00.000Z,NONE,NONE
3372,1,3,2026-06-28T00:00:00.000Z,NONE,NONE
3391,1,3,2026-06-28T00:00:00.000Z,NONE,NONE
3405,1,3,2026-06-28T00:00:00.000Z,NONE,NONE
3406,1,3,2026-06-28T00:00:00.000Z,NONE,NONE
3412,1,3,2026-06-28T00:00:00.000Z,NONE,NONE
3415,1,3,2026-06-28T00:00:00.000Z,NONE,NONE
3441,1,3,2026-06-28T00:00:00.000Z,NONE,NONE
3453,1,3,2026-06-28T00:00:00.000Z,NONE,NONE
3454,1,3,2026-06-28T00:00:00.000Z,NONE,NONE
3460,1,3,2026-06-28T00:00:00.000Z,NONE,NONE
3480,1,3,2026-06-28T00:00:00.000Z,NONE,NONE
3481,1,3,2026-06-28T00:00:00.000Z,NONE,NONE
3485,1,3,2026-06-28T00:00:00.000Z,NONE,NONE
3496,1,3,2026-06-28T00:00:00.000Z,NONE,NONE
3497,1,3,2026-06-28T00:00:00.000Z,NONE,NONE
3510,1,3,2026-06-28T00:00:00.000Z,NONE,NONE
3511,1,3,2026-06-28T00:00:00.000Z,NONE,NONE
3512,1,3,2026-06-28T00:00:00.000Z,NONE,NONE
3513,1,3,2026-06-28T00:00:00.000Z,NONE,NONE
3516,1,3,2026-06-28T00:00:00.000Z,NONE,NONE
3521,1,3,2026-06-28T00:00:00.000Z,NONE,NONE
3528,1,3,2026-06-28T00:00:00.000Z,NONE,NONE
3546,1,3,2026-06-28T00:00:00.000Z,NONE,NONE
3548,1,3,2026-06-28T00:00:00.000Z,NONE,NONE
3565,1,3,2026-06-28T00:00:00.000Z,NONE,NONE
3575,1,3,2026-06-28T00:00:00.000Z,NONE,NONE
3577,1,3,2026-06-28T00:00:00.000Z,NONE,NONE
3582,1,3,2026-06-28T00:00:00.000Z,NONE,NONE
3597,1,3,2026-06-28T00:00:00.000Z,NONE,NONE
3600,1,3,2026-06-28T00:00:00.000Z,NONE,NONE
3603,1,3,2026-06-28T00:00:00.000Z,NONE,NONE
3606,1,3,2026-06-28T00:00:00.000Z,NONE,NONE
3609,1,3,2026-06-28T00:00:00.000Z,NONE,NONE
3610,1,3,2026-06-28T00:00:00.000Z,NONE,NONE
3618,1,3,2026-06-28T00:00:00.000Z,NONE,NONE
3626,1,3,2026-06-28T00:00:00.000Z,NONE,NONE
3630,1,3,2026-06-28T00:00:00.000Z,NONE,NONE
3633,1,3,2026-06-28T00:00:00.000Z,NONE,NONE
3635,1,3,2026-06-28T00:00:00.000Z,NONE,NONE
3646,1,3,2026-06-28T00:00:00.000Z,NONE,NONE
3647,1,3,2026-06-28T00:00:00.000Z,NONE,NONE
3652,1,3,2026-06-28T00:00:00.000Z,NONE,NONE
3654,1,3,2026-06-28T00:00:00.000Z,NONE,NONE
3656,1,3,2026-06-28T00:00:00.000Z,NONE,NONE
3666,1,3,2026-06-28T00:00:00.000Z,NONE,NONE
3697,1,3,2026-06-28T00:00:00.000Z,NONE,NONE
3705,1,3,2026-06-28T00:00:00.000Z,NONE,NONE
3707,1,3,2026-06-28T00:00:00.000Z,NONE,NONE
3714,1,3,2026-06-28T00:00:00.000Z,NONE,NONE
3733,1,3,2026-06-28T00:00:00.000Z,NONE,NONE
3745,1,3,2026-06-28T00:00:00.000Z,NONE,NONE
3749,1,3,2026-06-28T00:00:00.000Z,NONE,NONE
3763,1,3,2026-06-28T00:00:00.000Z,NONE,NONE
3785,1,3,2026-06-28T00:00:00.000Z,NONE,NONE
3794,1,3,2026-06-28T00:00:00.000Z,NONE,NONE
3800,1,3,2026-06-28T00:00:00.000Z,NONE,NONE
3807,1,3,2026-06-28T00:00:00.000Z,NONE,NONE
3814,1,3,2026-06-28T00:00:00.000Z,NONE,NONE
3821,1,3,2026-06-28T00:00:00.000Z,NONE,NONE
3823,1,3,2026-06-28T00:00:00.000Z,NONE,NONE
3831,1,3,2026-06-28T00:00:00.000Z,NONE,NONE
3835,1,3,2026-06-28T00:00:00.000Z,NONE,NONE
3837,1,3,2026-06-28T00:00:00.000Z,NONE,NONE
3839,1,3,2026-06-28T00:00:00.000Z,NONE,NONE
3862,1,3,2026-06-28T00:00:00.000Z,NONE,NONE
3865,1,3,2026-06-28T00:00:00.000Z,NONE,NONE
3871,1,3,2026-06-28T00:00:00.000Z,NONE,NONE
3874,1,3,2026-06-28T00:00:00.000Z,NONE,NONE
3876,1,3,2026-06-28T00:00:00.000Z,NONE,NONE
3886,1,3,2026-06-28T00:00:00.000Z,NONE,NONE
3888,1,3,2026-06-28T00:00:00.000Z,NONE,NONE
3895,1,3,2026-06-28T00:00:00.000Z,NONE,NONE
3911,1,3,2026-06-28T00:00:00.000Z,NONE,NONE
3924,1,3,2026-06-28T00:00:00.000Z,NONE,NONE
3925,1,3,2026-06-28T00:00:00.000Z,NONE,NONE
3943,1,3,2026-06-28T00:00:00.000Z,NONE,NONE
3949,1,3,2026-06-28T00:00:00.000Z,NONE,NONE
3961,1,3,2026-06-28T00:00:00.000Z,NONE,NONE
3964,1,3,2026-06-28T00:00:00.000Z,NONE,NONE
3965,1,3,2026-06-28T00:00:00.000Z,NONE,NONE
3967,1,3,2026-06-28T00:00:00.000Z,NONE,NONE
3968,1,3,2026-06-28T00:00:00.000Z,NONE,NONE
3969,1,3,2026-06-28T00:00:00.000Z,NONE,NONE
3976,1,3,2026-06-28T00:00:00.000Z,NONE,NONE
3978,1,3,2026-06-28T00:00:00.000Z,NONE,NONE
3979,1,3,2026-06-28T00:00:00.000Z,NONE,NONE
3982,1,3,2026-06-28T00:00:00.000Z,NONE,NONE
3987,1,3,2026-06-28T00:00:00.000Z,NONE,NONE
3990,1,3,2026-06-28T00:00:00.000Z,NONE,NONE
3991,1,3,2026-06-28T00:00:00.000Z,NONE,NONE
3994,1,3,2026-06-28T00:00:00.000Z,NONE,NONE
3995,1,3,2026-06-28T00:00:00.000Z,NONE,NONE
3997,1,3,2026-06-28T00:00:00.000Z,NONE,NONE
4000,1,3,2026-06-28T00:00:00.000Z,NONE,NONE
4002,1,3,2026-06-28T00:00:00.000Z,NONE,NONE
4003,1,3,2026-06-28T00:00:00.000Z,NONE,NONE
4006,1,3,2026-06-28T00:00:00.000Z,NONE,NONE
4008,1,3,2026-06-28T00:00:00.000Z,NONE,NONE
4010,1,3,2026-06-28T00:00:00.000Z,NONE,NONE
4013,1,3,2026-06-28T00:00:00.000Z,NONE,NONE
4017,1,3,2026-06-28T00:00:00.000Z,NONE,NONE
4019,1,3,2026-06-28T00:00:00.000Z,NONE,NONE
4020,1,3,2026-06-28T00:00:00.000Z,NONE,NONE
4022,1,3,2026-06-28T00:00:00.000Z,NONE,NONE
4023,1,3,2026-06-28T00:00:00.000Z,NONE,NONE
4024,1,3,2026-06-28T00:00:00.000Z,NONE,NONE
4030,1,3,2026-06-28T00:00:00.000Z,NONE,NONE
4032,1,3,2026-06-28T00:00:00.000Z,NONE,NONE
4034,1,3,2026-06-28T00:00:00.000Z,NONE,NONE
4036,1,3,2026-06-28T00:00:00.000Z,NONE,NONE
4039,1,3,2026-06-28T00:00:00.000Z,NONE,NONE
4043,1,3,2026-06-28T00:00:00.000Z,NONE,NONE
4046,1,3,2026-06-28T00:00:00.000Z,NONE,NONE
4048,1,3,2026-06-28T00:00:00.000Z,NONE,NONE
4052,1,3,2026-06-28T00:00:00.000Z,NONE,NONE
4056,1,3,2026-06-28T00:00:00.000Z,NONE,NONE
4057,1,3,2026-06-28T00:00:00.000Z,NONE,NONE
4058,1,3,2026-06-28T00:00:00.000Z,NONE,NONE
4063,1,3,2026-06-28T00:00:00.000Z,NONE,NONE
4065,1,3,2026-06-28T00:00:00.000Z,NONE,NONE
4067,1,3,2026-06-28T00:00:00.000Z,NONE,NONE
4068,1,3,2026-06-28T00:00:00.000Z,NONE,NONE
4071,1,3,2026-06-28T00:00:00.000Z,NONE,NONE
4073,1,3,2026-06-28T00:00:00.000Z,NONE,NONE
4075,1,3,2026-06-28T00:00:00.000Z,NONE,NONE
4077,1,3,2026-06-28T00:00:00.000Z,NONE,NONE
4081,1,3,2026-06-28T00:00:00.000Z,NONE,NONE
4083,1,3,2026-06-28T00:00:00.000Z,NONE,NONE
4084,1,3,2026-06-28T00:00:00.000Z,NONE,NONE
4085,1,3,2026-06-28T00:00:00.000Z,NONE,NONE
4088,1,3,2026-06-28T00:00:00.000Z,NONE,NONE
4093,1,3,2026-06-28T00:00:00.000Z,NONE,NONE
4094,1,3,2026-06-28T00:00:00.000Z,NONE,NONE
4096,1,3,2026-06-28T00:00:00.000Z,NONE,NONE
4097,1,3,2026-06-28T00:00:00.000Z,NONE,NONE
4101,1,3,2026-06-28T00:00:00.000Z,NONE,NONE
4104,1,3,2026-06-28T00:00:00.000Z,NONE,NONE
4108,1,3,2026-06-28T00:00:00.000Z,NONE,NONE
4112,1,3,2026-06-28T00:00:00.000Z,NONE,NONE
4114,1,3,2026-06-28T00:00:00.000Z,NONE,NONE
4117,1,3,2026-06-28T00:00:00.000Z,NONE,NONE
4121,1,3,2026-06-28T00:00:00.000Z,NONE,NONE
4122,1,3,2026-06-28T00:00:00.000Z,NONE,NONE
4125,1,3,2026-06-28T00:00:00.000Z,NONE,NONE
4127,1,3,2026-06-28T00:00:00.000Z,NONE,NONE
4128,1,3,2026-06-28T00:00:00.000Z,NONE,NONE
4131,1,3,2026-06-28T00:00:00.000Z,NONE,NONE
4132,1,3,2026-06-28T00:00:00.000Z,NONE,NONE
4135,1,3,2026-06-28T00:00:00.000Z,NONE,NONE
4136,1,3,2026-06-28T00:00:00.000Z,NONE,NONE
4139,1,3,2026-06-28T00:00:00.000Z,NONE,NONE
4140,1,3,2026-06-28T00:00:00.000Z,NONE,NONE
4145,1,3,2026-06-28T00:00:00.000Z,NONE,NONE
4148,1,3,2026-06-28T00:00:00.000Z,NONE,NONE
4151,1,3,2026-06-28T00:00:00.000Z,NONE,NONE
4153,1,3,2026-06-28T00:00:00.000Z,NONE,NONE
4154,1,3,2026-06-28T00:00:00.000Z,NONE,NONE
4155,1,3,2026-06-28T00:00:00.000Z,NONE,NONE
4156,1,3,2026-06-28T00:00:00.000Z,NONE,NONE
4159,1,3,2026-06-28T00:00:00.000Z,NONE,NONE
4160,1,3,2026-06-28T00:00:00.000Z,NONE,NONE
4166,1,3,2026-06-28T00:00:00.000Z,NONE,NONE
4167,1,3,2026-06-28T00:00:00.000Z,NONE,NONE
4168,1,3,2026-06-28T00:00:00.000Z,NONE,NONE
4169,1,3,2026-06-28T00:00:00.000Z,NONE,NONE
4170,1,3,2026-06-28T00:00:00.000Z,NONE,NONE
4172,1,3,2026-06-28T00:00:00.000Z,NONE,NONE
4174,1,3,2026-06-28T00:00:00.000Z,NONE,NONE
4177,1,3,2026-06-28T00:00:00.000Z,NONE,NONE
4178,1,3,2026-06-28T00:00:00.000Z,NONE,NONE
4179,1,3,2026-06-28T00:00:00.000Z,NONE,NONE
4182,1,3,2026-06-28T00:00:00.000Z,NONE,NONE
4185,1,3,2026-06-28T00:00:00.000Z,NONE,NONE
4186,1,3,2026-06-28T00:00:00.000Z,NONE,NONE
4188,1,3,2026-06-28T00:00:00.000Z,NONE,NONE
4189,1,3,2026-06-28T00:00:00.000Z,NONE,NONE
4191,1,3,2026-06-28T00:00:00.000Z,NONE,NONE
4192,1,3,2026-06-28T00:00:00.000Z,NONE,NONE
4196,1,3,2026-06-28T00:00:00.000Z,NONE,NONE
4197,1,3,2026-06-28T00:00:00.000Z,NONE,NONE
4199,1,3,2026-06-28T00:00:00.000Z,NONE,NONE
4204,1,3,2026-06-28T00:00:00.000Z,NONE,NONE
4205,1,3,2026-06-28T00:00:00.000Z,NONE,NONE
4207,1,3,2026-06-28T00:00:00.000Z,NONE,NONE
4210,1,3,2026-06-28T00:00:00.000Z,NONE,NONE
4211,1,3,2026-06-28T00:00:00.000Z,NONE,NONE
4212,1,3,2026-06-28T00:00:00.000Z,NONE,NONE
4214,1,3,2026-06-28T00:00:00.000Z,NONE,NONE
4215,1,3,2026-06-28T00:00:00.000Z,NONE,NONE
4219,1,3,2026-06-28T00:00:00.000Z,NONE,NONE
4220,1,3,2026-06-28T00:00:00.000Z,NONE,NONE
4222,1,3,2026-06-28T00:00:00.000Z,NONE,NONE
4223,1,3,2026-06-28T00:00:00.000Z,NONE,NONE
4225,1,3,2026-06-28T00:00:00.000Z,NONE,NONE
4227,1,3,2026-06-28T00:00:00.000Z,NONE,NONE
4230,1,3,2026-06-28T00:00:00.000Z,NONE,NONE
4231,1,3,2026-06-28T00:00:00.000Z,NONE,NONE
4232,1,3,2026-06-28T00:00:00.000Z,NONE,NONE
4233,1,3,2026-06-28T00:00:00.000Z,NONE,NONE
4234,1,3,2026-06-28T00:00:00.000Z,NONE,NONE
4237,1,3,2026-06-28T00:00:00.000Z,NONE,NONE
4239,1,3,2026-06-28T00:00:00.000Z,NONE,NONE
4241,1,3,2026-06-28T00:00:00.000Z,NONE,NONE
4243,1,3,2026-06-28T00:00:00.000Z,NONE,NONE
4245,1,3,2026-06-28T00:00:00.000Z,NONE,NONE
4246,1,3,2026-06-28T00:00:00.000Z,NONE,NONE
4247,1,3,2026-06-28T00:00:00.000Z,NONE,NONE
4248,1,3,2026-06-28T00:00:00.000Z,NONE,NONE
4251,1,3,2026-06-28T00:00:00.000Z,NONE,NONE
4254,1,3,2026-06-28T00:00:00.000Z,NONE,NONE
4257,1,3,2026-06-28T00:00:00.000Z,NONE,NONE
4264,1,3,2026-06-28T00:00:00.000Z,NONE,NONE
4265,1,3,2026-06-28T00:00:00.000Z,NONE,NONE
4268,1,3,2026-06-28T00:00:00.000Z,NONE,NONE
4269,1,3,2026-06-28T00:00:00.000Z,NONE,NONE
4270,1,3,2026-06-28T00:00:00.000Z,NONE,NONE
4273,1,3,2026-06-28T00:00:00.000Z,NONE,NONE
4274,1,3,2026-06-28T00:00:00.000Z,NONE,NONE
4281,1,3,2026-06-28T00:00:00.000Z,NONE,NONE
4282,1,3,2026-06-28T00:00:00.000Z,NONE,NONE
4285,1,3,2026-06-28T00:00:00.000Z,NONE,NONE
4286,1,3,2026-06-28T00:00:00.000Z,NONE,NONE
4287,1,3,2026-06-28T00:00:00.000Z,NONE,NONE
4289,1,3,2026-06-28T00:00:00.000Z,NONE,NONE
4293,1,3,2026-06-28T00:00:00.000Z,NONE,NONE
4294,1,3,2026-06-28T00:00:00.000Z,NONE,NONE
4301,1,3,2026-06-28T00:00:00.000Z,NONE,NONE
4302,1,3,2026-06-28T00:00:00.000Z,NONE,NONE
4308,1,3,2026-06-28T00:00:00.000Z,NONE,NONE
4309,1,3,2026-06-28T00:00:00.000Z,NONE,NONE
4331,1,3,2026-06-28T00:00:00.000Z,NONE,NONE
4333,1,3,2026-06-28T00:00:00.000Z,NONE,NONE
4334,1,3,2026-06-28T00:00:00.000Z,NONE,NONE
4345,1,3,2026-06-28T00:00:00.000Z,NONE,NONE
4349,1,3,2026-06-28T00:00:00.000Z,NONE,NONE
4351,1,3,2026-06-28T00:00:00.000Z,NONE,NONE
4352,1,3,2026-06-28T00:00:00.000Z,NONE,NONE
4355,1,3,2026-06-28T00:00:00.000Z,NONE,NONE
4360,1,3,2026-06-28T00:00:00.000Z,NONE,NONE
4363,1,3,2026-06-28T00:00:00.000Z,NONE,NONE
4367,1,3,2026-06-28T00:00:00.000Z,NONE,NONE
4371,1,3,2026-06-28T00:00:00.000Z,NONE,NONE
4375,1,3,2026-06-28T00:00:00.000Z,NONE,NONE
4377,1,3,2026-06-28T00:00:00.000Z,NONE,NONE
4378,1,3,2026-06-28T00:00:00.000Z,NONE,NONE
4379,1,3,2026-06-28T00:00:00.000Z,NONE,NONE
4381,1,3,2026-06-28T00:00:00.000Z,NONE,NONE
4385,1,3,2026-06-28T00:00:00.000Z,NONE,NONE
4386,1,3,2026-06-28T00:00:00.000Z,NONE,NONE
4387,1,3,2026-06-28T00:00:00.000Z,NONE,NONE
4389,1,3,2026-06-28T00:00:00.000Z,NONE,NONE
4390,1,3,2026-06-28T00:00:00.000Z,NONE,NONE
4392,1,3,2026-06-28T00:00:00.000Z,NONE,NONE
4393,1,3,2026-06-28T00:00:00.000Z,NONE,NONE
4398,1,3,2026-06-28T00:00:00.000Z,NONE,NONE
4399,1,3,2026-06-28T00:00:00.000Z,NONE,NONE
4401,1,3,2026-06-28T00:00:00.000Z,NONE,NONE
4405,1,3,2026-06-28T00:00:00.000Z,NONE,NONE
4409,1,3,2026-06-28T00:00:00.000Z,NONE,NONE
4410,1,3,2026-06-28T00:00:00.000Z,NONE,NONE
4411,1,3,2026-06-28T00:00:00.000Z,NONE,NONE
4412,1,3,2026-06-28T00:00:00.000Z,NONE,NONE
4413,1,3,2026-06-28T00:00:00.000Z,NONE,NONE
4415,1,3,2026-06-28T00:00:00.000Z,NONE,NONE
4419,1,3,2026-06-28T00:00:00.000Z,NONE,NONE
4421,1,3,2026-06-28T00:00:00.000Z,NONE,NONE
4422,1,3,2026-06-28T00:00:00.000Z,NONE,NONE
4426,1,3,2026-06-28T00:00:00.000Z,NONE,NONE
4427,1,3,2026-06-28T00:00:00.000Z,NONE,NONE
4429,1,3,2026-06-28T00:00:00.000Z,NONE,NONE
4433,1,3,2026-06-28T00:00:00.000Z,NONE,NONE
4436,1,3,2026-06-28T00:00:00.000Z,NONE,NONE
4437,1,3,2026-06-28T00:00:00.000Z,NONE,NONE
4442,1,3,2026-06-28T00:00:00.000Z,NONE,NONE
4448,1,3,2026-06-28T00:00:00.000Z,NONE,NONE
4450,1,3,2026-06-28T00:00:00.000Z,NONE,NONE
4451,1,3,2026-06-28T00:00:00.000Z,NONE,NONE
4453,1,3,2026-06-28T00:00:00.000Z,NONE,NONE
4456,1,3,2026-06-28T00:00:00.000Z,NONE,NONE
4462,1,3,2026-06-28T00:00:00.000Z,NONE,NONE
4463,1,3,2026-06-28T00:00:00.000Z,NONE,NONE
4464,1,3,2026-06-28T00:00:00.000Z,NONE,NONE
4465,1,3,2026-06-28T00:00:00.000Z,NONE,NONE
4471,1,3,2026-06-28T00:00:00.000Z,NONE,NONE
4472,1,3,2026-06-28T00:00:00.000Z,NONE,NONE
4474,1,3,2026-06-28T00:00:00.000Z,NONE,NONE
4475,1,3,2026-06-28T00:00:00.000Z,NONE,NONE
4476,1,3,2026-06-28T00:00:00.000Z,NONE,NONE
4477,1,3,2026-06-28T00:00:00.000Z,NONE,NONE
4478,1,3,2026-06-28T00:00:00.000Z,NONE,NONE
4480,1,3,2026-06-28T00:00:00.000Z,NONE,NONE
4484,1,3,2026-06-28T00:00:00.000Z,NONE,NONE
4487,1,3,2026-06-28T00:00:00.000Z,NONE,NONE
4489,1,3,2026-06-28T00:00:00.000Z,NONE,NONE
4503,1,3,2026-06-28T00:00:00.000Z,NONE,NONE
4507,1,3,2026-06-28T00:00:00.000Z,NONE,NONE
4508,1,3,2026-06-28T00:00:00.000Z,NONE,NONE
4509,1,3,2026-06-28T00:00:00.000Z,NONE,NONE
4515,1,3,2026-06-28T00:00:00.000Z,NONE,NONE
4520,1,3,2026-06-28T00:00:00.000Z,NONE,NONE
4521,1,3,2026-06-28T00:00:00.000Z,NONE,NONE
4522,1,3,2026-06-28T00:00:00.000Z,NONE,NONE
4523,1,3,2026-06-28T00:00:00.000Z,NONE,NONE
4528,1,3,2026-06-28T00:00:00.000Z,NONE,NONE
4531,1,3,2026-06-28T00:00:00.000Z,NONE,NONE
4532,1,3,2026-06-28T00:00:00.000Z,NONE,NONE
4534,1,3,2026-06-28T00:00:00.000Z,NONE,NONE
4535,1,3,2026-06-28T00:00:00.000Z,NONE,NONE
4536,1,3,2026-06-28T00:00:00.000Z,NONE,NONE
4538,1,3,2026-06-28T00:00:00.000Z,NONE,NONE
4539,1,3,2026-06-28T00:00:00.000Z,NONE,NONE
4542,1,3,2026-06-28T00:00:00.000Z,NONE,NONE
4546,1,3,2026-06-28T00:00:00.000Z,NONE,NONE
4548,1,3,2026-06-28T00:00:00.000Z,NONE,NONE
4549,1,3,2026-06-28T00:00:00.000Z,NONE,NONE
4561,1,3,2026-06-28T00:00:00.000Z,NONE,NONE
4563,1,3,2026-06-28T00:00:00.000Z,NONE,NONE
4568,1,3,2026-06-28T00:00:00.000Z,NONE,NONE
4569,1,3,2026-06-28T00:00:00.000Z,NONE,NONE
4572,1,3,2026-06-28T00:00:00.000Z,NONE,NONE
4579,1,3,2026-06-28T00:00:00.000Z,NONE,NONE
4580,1,3,2026-06-28T00:00:00.000Z,NONE,NONE
4584,1,3,2026-06-28T00:00:00.000Z,NONE,NONE
4585,1,3,2026-06-28T00:00:00.000Z,NONE,NONE
4587,1,3,2026-06-28T00:00:00.000Z,NONE,NONE
4589,1,3,2026-06-28T00:00:00.000Z,NONE,NONE
4599,1,3,2026-06-28T00:00:00.000Z,NONE,NONE
4602,1,3,2026-06-28T00:00:00.000Z,NONE,NONE
4603,1,3,2026-06-28T00:00:00.000Z,NONE,NONE
4604,1,3,2026-06-28T00:00:00.000Z,NONE,NONE
4610,1,3,2026-06-28T00:00:00.000Z,NONE,NONE
4613,1,3,2026-06-28T00:00:00.000Z,NONE,NONE
4614,1,3,2026-06-28T00:00:00.000Z,NONE,NONE
4617,1,3,2026-06-28T00:00:00.000Z,NONE,NONE
4618,1,3,2026-06-28T00:00:00.000Z,NONE,NONE
4619,1,3,2026-06-28T00:00:00.000Z,NONE,NONE
4621,1,3,2026-06-28T00:00:00.000Z,NONE,NONE
4627,1,3,2026-06-28T00:00:00.000Z,NONE,NONE
4633,1,3,2026-06-28T00:00:00.000Z,NONE,NONE
4634,1,3,2026-06-28T00:00:00.000Z,NONE,NONE
4638,1,3,2026-06-28T00:00:00.000Z,NONE,NONE
4645,1,3,2026-06-28T00:00:00.000Z,NONE,NONE
4646,1,3,2026-06-28T00:00:00.000Z,NONE,NONE
4650,1,3,2026-06-28T00:00:00.000Z,NONE,NONE
4652,1,3,2026-06-28T00:00:00.000Z,NONE,NONE
4653,1,3,2026-06-28T00:00:00.000Z,NONE,NONE
4654,1,3,2026-06-28T00:00:00.000Z,NONE,NONE
4662,1,3,2026-06-28T00:00:00.000Z,NONE,NONE
4671,1,3,2026-06-28T00:00:00.000Z,NONE,NONE
4673,1,3,2026-06-28T00:00:00.000Z,NONE,NONE
4675,1,3,2026-06-28T00:00:00.000Z,NONE,NONE
4676,1,3,2026-06-28T00:00:00.000Z,NONE,NONE
4678,1,3,2026-06-28T00:00:00.000Z,NONE,NONE
4679,1,3,2026-06-28T00:00:00.000Z,NONE,NONE
4688,1,3,2026-06-28T00:00:00.000Z,NONE,NONE
4689,1,3,2026-06-28T00:00:00.000Z,NONE,NONE
4691,1,3,2026-06-28T00:00:00.000Z,NONE,NONE
4692,1,3,2026-06-28T00:00:00.000Z,NONE,NONE
4693,1,3,2026-06-28T00:00:00.000Z,NONE,NONE
4703,1,3,2026-06-28T00:00:00.000Z,NONE,NONE
4708,1,3,2026-06-28T00:00:00.000Z,NONE,NONE
4709,1,3,2026-06-28T00:00:00.000Z,NONE,NONE
4712,1,3,2026-06-28T00:00:00.000Z,NONE,NONE
4715,1,3,2026-06-28T00:00:00.000Z,NONE,NONE
4716,1,3,2026-06-28T00:00:00.000Z,NONE,NONE
4725,1,3,2026-06-28T00:00:00.000Z,NONE,NONE
4726,1,3,2026-06-28T00:00:00.000Z,NONE,NONE
4729,1,3,2026-06-28T00:00:00.000Z,NONE,NONE
4730,1,3,2026-06-28T00:00:00.000Z,NONE,NONE
4731,1,3,2026-06-28T00:00:00.000Z,NONE,NONE
4732,1,3,2026-06-28T00:00:00.000Z,NONE,NONE
4735,1,3,2026-06-28T00:00:00.000Z,NONE,NONE
4741,1,3,2026-06-28T00:00:00.000Z,NONE,NONE
4745,1,3,2026-06-28T00:00:00.000Z,NONE,NONE
4752,1,3,2026-06-28T00:00:00.000Z,NONE,NONE
4754,1,3,2026-06-28T00:00:00.000Z,NONE,NONE
4758,1,3,2026-06-28T00:00:00.000Z,NONE,NONE
4763,1,3,2026-06-28T00:00:00.000Z,NONE,NONE
4764,1,3,2026-06-28T00:00:00.000Z,NONE,NONE
4765,1,3,2026-06-28T00:00:00.000Z,NONE,NONE
4767,1,3,2026-06-28T00:00:00.000Z,NONE,NONE
4769,1,3,2026-06-28T00:00:00.000Z,NONE,NONE
4772,1,3,2026-06-28T00:00:00.000Z,NONE,NONE
4774,1,3,2026-06-28T00:00:00.000Z,NONE,NONE
4780,1,3,2026-06-28T00:00:00.000Z,NONE,NONE
4782,1,3,2026-06-28T00:00:00.000Z,NONE,NONE
4786,1,3,2026-06-28T00:00:00.000Z,NONE,NONE
4787,1,3,2026-06-28T00:00:00.000Z,NONE,NONE
4793,1,3,2026-06-28T00:00:00.000Z,NONE,NONE
4794,1,3,2026-06-28T00:00:00.000Z,NONE,NONE
4800,1,3,2026-06-28T00:00:00.000Z,NONE,NONE
4804,1,3,2026-06-28T00:00:00.000Z,NONE,NONE
4805,1,3,2026-06-28T00:00:00.000Z,NONE,NONE
4806,1,3,2026-06-28T00:00:00.000Z,NONE,NONE
4809,1,3,2026-06-28T00:00:00.000Z,NONE,NONE
4818,1,3,2026-06-28T00:00:00.000Z,NONE,NONE
4827,1,3,2026-06-28T00:00:00.000Z,NONE,NONE
4830,1,3,2026-06-28T00:00:00.000Z,NONE,NONE
4836,1,3,2026-06-28T00:00:00.000Z,NONE,NONE
4840,1,3,2026-06-28T00:00:00.000Z,NONE,NONE
4841,1,3,2026-06-28T00:00:00.000Z,NONE,NONE
4842,1,3,2026-06-28T00:00:00.000Z,NONE,NONE
4856,1,3,2026-06-28T00:00:00.000Z,NONE,NONE
4858,1,3,2026-06-28T00:00:00.000Z,NONE,NONE
4859,1,3,2026-06-28T00:00:00.000Z,NONE,NONE
4860,1,3,2026-06-28T00:00:00.000Z,NONE,NONE
4862,1,3,2026-06-28T00:00:00.000Z,NONE,NONE
4866,1,3,2026-06-28T00:00:00.000Z,NONE,NONE
4868,1,3,2026-06-28T00:00:00.000Z,NONE,NONE
4870,1,3,2026-06-28T00:00:00.000Z,NONE,NONE
4875,1,3,2026-06-28T00:00:00.000Z,NONE,NONE
4881,1,3,2026-06-28T00:00:00.000Z,NONE,NONE
4882,1,3,2026-06-28T00:00:00.000Z,NONE,NONE
4887,1,3,2026-06-28T00:00:00.000Z,NONE,NONE
4889,1,3,2026-06-28T00:00:00.000Z,NONE,NONE
4894,1,3,2026-06-28T00:00:00.000Z,NONE,NONE
4895,1,3,2026-06-28T00:00:00.000Z,NONE,NONE
4897,1,3,2026-06-28T00:00:00.000Z,NONE,NONE
4899,1,3,2026-06-28T00:00:00.000Z,NONE,NONE
4901,1,3,2026-06-28T00:00:00.000Z,NONE,NONE
4903,1,3,2026-06-28T00:00:00.000Z,NONE,NONE
4908,1,3,2026-06-28T00:00:00.000Z,NONE,NONE
4912,1,3,2026-06-28T00:00:00.000Z,NONE,NONE
4925,1,3,2026-06-28T00:00:00.000Z,NONE,NONE
4926,1,3,2026-06-28T00:00:00.000Z,NONE,NONE
4931,1,3,2026-06-28T00:00:00.000Z,NONE,NONE
4938,1,3,2026-06-28T00:00:00.000Z,NONE,NONE
4941,1,3,2026-06-28T00:00:00.000Z,NONE,NONE
4948,1,3,2026-06-28T00:00:00.000Z,NONE,NONE
4949,1,3,2026-06-28T00:00:00.000Z,NONE,NONE
4953,1,3,2026-06-28T00:00:00.000Z,NONE,NONE
4955,1,3,2026-06-28T00:00:00.000Z,NONE,NONE
4956,1,3,2026-06-28T00:00:00.000Z,NONE,NONE
4959,1,3,2026-06-28T00:00:00.000Z,NONE,NONE
4960,1,3,2026-06-28T00:00:00.000Z,NONE,NONE
4963,1,3,2026-06-28T00:00:00.000Z,NONE,NONE
4974,1,3,2026-06-28T00:00:00.000Z,NONE,NONE
4976,1,3,2026-06-28T00:00:00.000Z,NONE,NONE
4979,1,3,2026-06-28T00:00:00.000Z,NONE,NONE
4981,1,3,2026-06-28T00:00:00.000Z,NONE,NONE
4983,1,3,2026-06-28T00:00:00.000Z,NONE,NONE
4986,1,3,2026-06-28T00:00:00.000Z,NONE,NONE
4992,1,3,2026-06-28T00:00:00.000Z,NONE,NONE
4993,1,3,2026-06-28T00:00:00.000Z,NONE,NONE
4997,1,3,2026-06-28T00:00:00.000Z,NONE,NONE
5004,1,3,2026-06-28T00:00:00.000Z,NONE,NONE
5018,1,3,2026-06-28T00:00:00.000Z,NONE,NONE
5020,1,3,2026-06-28T00:00:00.000Z,NONE,NONE
5032,1,3,2026-06-28T00:00:00.000Z,NONE,NONE
5065,1,3,2026-06-28T00:00:00.000Z,NONE,NONE
5070,1,3,2026-06-28T00:00:00.000Z,NONE,NONE
5072,1,3,2026-06-28T00:00:00.000Z,NONE,NONE
5077,1,3,2026-06-28T00:00:00.000Z,NONE,NONE
5078,1,3,2026-06-28T00:00:00.000Z,NONE,NONE
5079,1,3,2026-06-28T00:00:00.000Z,NONE,NONE
5081,1,3,2026-06-28T00:00:00.000Z,NONE,NONE
5084,1,3,2026-06-28T00:00:00.000Z,NONE,NONE
5096,1,3,2026-06-28T00:00:00.000Z,NONE,NONE
5100,1,3,2026-06-28T00:00:00.000Z,NONE,NONE
5102,1,3,2026-06-28T00:00:00.000Z,NONE,NONE
5103,1,3,2026-06-28T00:00:00.000Z,NONE,NONE
5104,1,3,2026-06-28T00:00:00.000Z,NONE,NONE
5106,1,3,2026-06-28T00:00:00.000Z,NONE,NONE
5107,1,3,2026-06-28T00:00:00.000Z,NONE,NONE
5108,1,3,2026-06-28T00:00:00.000Z,NONE,NONE
5110,1,3,2026-06-28T00:00:00.000Z,NONE,NONE
5112,1,3,2026-06-28T00:00:00.000Z,NONE,NONE
5113,1,3,2026-06-28T00:00:00.000Z,NONE,NONE
5114,1,3,2026-06-28T00:00:00.000Z,NONE,NONE
5117,1,3,2026-06-28T00:00:00.000Z,NONE,NONE
5118,1,3,2026-06-28T00:00:00.000Z,NONE,NONE
5119,1,3,2026-06-28T00:00:00.000Z,NONE,NONE
5125,1,3,2026-06-28T00:00:00.000Z,NONE,NONE
5127,1,3,2026-06-28T00:00:00.000Z,NONE,NONE
5136,1,3,2026-06-28T00:00:00.000Z,NONE,NONE
5138,1,3,2026-06-28T00:00:00.000Z,NONE,NONE
5147,1,3,2026-06-28T00:00:00.000Z,NONE,NONE
5151,1,3,2026-06-28T00:00:00.000Z,NONE,NONE
5153,1,3,2026-06-28T00:00:00.000Z,NONE,NONE
5156,1,3,2026-06-28T00:00:00.000Z,NONE,NONE
5159,1,3,2026-06-28T00:00:00.000Z,NONE,NONE
5160,1,3,2026-06-28T00:00:00.000Z,NONE,NONE
5161,1,3,2026-06-28T00:00:00.000Z,NONE,NONE
5163,1,3,2026-06-28T00:00:00.000Z,NONE,NONE
5169,1,3,2026-06-28T00:00:00.000Z,NONE,NONE
5183,1,3,2026-06-28T00:00:00.000Z,NONE,NONE
5185,1,3,2026-06-28T00:00:00.000Z,NONE,NONE
5188,1,3,2026-06-28T00:00:00.000Z,NONE,NONE
5189,1,3,2026-06-28T00:00:00.000Z,NONE,NONE
5191,1,3,2026-06-28T00:00:00.000Z,NONE,NONE
5197,1,3,2026-06-28T00:00:00.000Z,NONE,NONE
5198,1,3,2026-06-28T00:00:00.000Z,NONE,NONE
5199,1,3,2026-06-28T00:00:00.000Z,NONE,NONE
5202,1,3,2026-06-28T00:00:00.000Z,NONE,NONE
5208,1,3,2026-06-28T00:00:00.000Z,NONE,NONE
5211,1,3,2026-06-28T00:00:00.000Z,NONE,NONE
5212,1,3,2026-06-28T00:00:00.000Z,NONE,NONE
5214,1,3,2026-06-28T00:00:00.000Z,NONE,NONE
5218,1,3,2026-06-28T00:00:00.000Z,NONE,NONE
5221,1,3,2026-06-28T00:00:00.000Z,NONE,NONE
5228,1,3,2026-06-28T00:00:00.000Z,NONE,NONE
5230,1,3,2026-06-28T00:00:00.000Z,NONE,NONE
5232,1,3,2026-06-28T00:00:00.000Z,NONE,NONE
5233,1,3,2026-06-28T00:00:00.000Z,NONE,NONE
5235,1,3,2026-06-28T00:00:00.000Z,NONE,NONE
5242,1,3,2026-06-28T00:00:00.000Z,NONE,NONE
5249,1,3,2026-06-28T00:00:00.000Z,NONE,NONE
5250,1,3,2026-06-28T00:00:00.000Z,NONE,NONE
5261,1,3,2026-06-28T00:00:00.000Z,NONE,NONE
5273,1,3,2026-06-28T00:00:00.000Z,NONE,NONE
5274,1,3,2026-06-28T00:00:00.000Z,NONE,NONE
5278,1,3,2026-06-28T00:00:00.000Z,NONE,NONE
5283,1,3,2026-06-28T00:00:00.000Z,NONE,NONE
5299,1,3,2026-06-28T00:00:00.000Z,NONE,NONE
5302,1,3,2026-06-28T00:00:00.000Z,NONE,NONE
5305,1,3,2026-06-28T00:00:00.000Z,NONE,NONE
5311,1,3,2026-06-28T00:00:00.000Z,NONE,NONE
5316,1,3,2026-06-28T00:00:00.000Z,NONE,NONE
5331,1,3,2026-06-28T00:00:00.000Z,NONE,NONE
5339,1,3,2026-06-28T00:00:00.000Z,NONE,NONE
5343,1,3,2026-06-28T00:00:00.000Z,NONE,NONE
5357,1,3,2026-06-28T00:00:00.000Z,NONE,NONE
5361,1,3,2026-06-28T00:00:00.000Z,NONE,NONE
5383,1,3,2026-06-28T00:00:00.000Z,NONE,NONE
5391,1,3,2026-06-28T00:00:00.000Z,NONE,NONE
5393,1,3,2026-06-28T00:00:00.000Z,NONE,NONE
5398,1,3,2026-06-28T00:00:00.000Z,NONE,NONE
5425,1,3,2026-06-28T00:00:00.000Z,NONE,NONE
5444,1,3,2026-06-28T00:00:00.000Z,NONE,NONE
5451,1,3,2026-06-28T00:00:00.000Z,NONE,NONE
5462,1,3,2026-06-28T00:00:00.000Z,NONE,NONE
5463,1,3,2026-06-28T00:00:00.000Z,NONE,NONE
5466,1,3,2026-06-28T00:00:00.000Z,NONE,NONE
5468,1,3,2026-06-28T00:00:00.000Z,NONE,NONE
5476,1,3,2026-06-28T00:00:00.000Z,NONE,NONE
5479,1,3,2026-06-28T00:00:00.000Z,NONE,NONE
5481,1,3,2026-06-28T00:00:00.000Z,NONE,NONE
5486,1,3,2026-06-28T00:00:00.000Z,NONE,NONE
5514,1,3,2026-06-28T00:00:00.000Z,NONE,NONE
5516,1,3,2026-06-28T00:00:00.000Z,NONE,NONE
5521,1,3,2026-06-28T00:00:00.000Z,NONE,NONE
5527,1,3,2026-06-28T00:00:00.000Z,NONE,NONE
5544,1,3,2026-06-28T00:00:00.000Z,NONE,NONE
5553,1,3,2026-06-28T00:00:00.000Z,NONE,NONE
5566,1,3,2026-06-28T00:00:00.000Z,NONE,NONE
5569,1,3,2026-06-28T00:00:00.000Z,NONE,NONE
5570,1,3,2026-06-28T00:00:00.000Z,NONE,NONE
5571,1,3,2026-06-28T00:00:00.000Z,NONE,NONE
5578,1,3,2026-06-28T00:00:00.000Z,NONE,NONE
5592,1,3,2026-06-28T00:00:00.000Z,NONE,NONE
5599,1,3,2026-06-28T00:00:00.000Z,NONE,NONE
5601,1,3,2026-06-28T00:00:00.000Z,NONE,NONE
5605,1,3,2026-06-28T00:00:00.000Z,NONE,NONE
5609,1,3,2026-06-28T00:00:00.000Z,NONE,NONE
5612,1,3,2026-06-28T00:00:00.000Z,NONE,NONE
5615,1,3,2026-06-28T00:00:00.000Z,NONE,NONE
5620,1,3,2026-06-28T00:00:00.000Z,NONE,NONE
5624,1,3,2026-06-28T00:00:00.000Z,NONE,NONE
5649,1,3,2026-06-28T00:00:00.000Z,NONE,NONE
5653,1,3,2026-06-28T00:00:00.000Z,NONE,NONE
5656,1,3,2026-06-28T00:00:00.000Z,NONE,NONE
5657,1,3,2026-06-28T00:00:00.000Z,NONE,NONE
5670,1,3,2026-06-28T00:00:00.000Z,NONE,NONE
5676,1,3,2026-06-28T00:00:00.000Z,NONE,NONE
5677,1,3,2026-06-28T00:00:00.000Z,NONE,NONE
5709,1,3,2026-06-28T00:00:00.000Z,NONE,NONE
5712,1,3,2026-06-28T00:00:00.000Z,NONE,NONE
5717,1,3,2026-06-28T00:00:00.000Z,NONE,NONE
5720,1,3,2026-06-28T00:00:00.000Z,NONE,NONE
5738,1,3,2026-06-28T00:00:00.000Z,NONE,NONE
5739,1,3,2026-06-28T00:00:00.000Z,NONE,NONE
5740,1,3,2026-06-28T00:00:00.000Z,NONE,NONE
5756,1,3,2026-06-28T00:00:00.000Z,NONE,NONE
5757,1,3,2026-06-28T00:00:00.000Z,NONE,NONE
5763,1,3,2026-06-28T00:00:00.000Z,NONE,NONE
5769,1,3,2026-06-28T00:00:00.000Z,NONE,NONE
5772,1,3,2026-06-28T00:00:00.000Z,NONE,NONE
5791,1,3,2026-06-28T00:00:00.000Z,NONE,NONE
5793,1,3,2026-06-28T00:00:00.000Z,NONE,NONE
5796,1,3,2026-06-28T00:00:00.000Z,NONE,NONE
5797,1,3,2026-06-28T00:00:00.000Z,NONE,NONE
5806,1,3,2026-06-28T00:00:00.000Z,NONE,NONE
5807,1,3,2026-06-28T00:00:00.000Z,NONE,NONE
5828,1,3,2026-06-28T00:00:00.000Z,NONE,NONE
5829,1,3,2026-06-28T00:00:00.000Z,NONE,NONE
5841,1,3,2026-06-28T00:00:00.000Z,NONE,NONE
5845,1,3,2026-06-28T00:00:00.000Z,NONE,NONE
5852,1,3,2026-06-28T00:00:00.000Z,NONE,NONE
5854,1,3,2026-06-28T00:00:00.000Z,NONE,NONE
5859,1,3,2026-06-28T00:00:00.000Z,NONE,NONE
5861,1,3,2026-06-28T00:00:00.000Z,NONE,NONE
5866,1,3,2026-06-28T00:00:00.000Z,NONE,NONE
5889,1,3,2026-06-28T00:00:00.000Z,NONE,NONE
5917,1,3,2026-06-28T00:00:00.000Z,NONE,NONE
5920,1,3,2026-06-28T00:00:00.000Z,NONE,NONE
5924,1,3,2026-06-28T00:00:00.000Z,NONE,NONE
5925,1,3,2026-06-28T00:00:00.000Z,NONE,NONE
5928,1,3,2026-06-28T00:00:00.000Z,NONE,NONE
5933,1,3,2026-06-28T00:00:00.000Z,NONE,NONE
5935,1,3,2026-06-28T00:00:00.000Z,NONE,NONE
5938,1,3,2026-06-28T00:00:00.000Z,NONE,NONE
5940,1,3,2026-06-28T00:00:00.000Z,NONE,NONE
5942,1,3,2026-06-28T00:00:00.000Z,NONE,NONE
5950,1,3,2026-06-28T00:00:00.000Z,NONE,NONE
5951,1,3,2026-06-28T00:00:00.000Z,NONE,NONE
5956,1,3,2026-06-28T00:00:00.000Z,NONE,NONE
5964,1,3,2026-06-28T00:00:00.000Z,NONE,NONE
5967,1,3,2026-06-28T00:00:00.000Z,NONE,NONE
5969,1,3,2026-06-28T00:00:00.000Z,NONE,NONE
5979,1,3,2026-06-28T00:00:00.000Z,NONE,NONE
5981,1,3,2026-06-28T00:00:00.000Z,NONE,NONE
5982,1,3,2026-06-28T00:00:00.000Z,NONE,NONE
5984,1,3,2026-06-28T00:00:00.000Z,NONE,NONE
5985,1,3,2026-06-28T00:00:00.000Z,NONE,NONE
5998,1,3,2026-06-28T00:00:00.000Z,NONE,NONE
6015,1,3,2026-06-28T00:00:00.000Z,NONE,NONE
6026,1,3,2026-06-28T00:00:00.000Z,NONE,NONE
6031,1,3,2026-06-28T00:00:00.000Z,NONE,NONE
6032,1,3,2026-06-28T00:00:00.000Z,NONE,NONE
6039,1,3,2026-06-28T00:00:00.000Z,NONE,NONE
6043,1,3,2026-06-28T00:00:00.000Z,NONE,NONE
6071,1,3,2026-06-28T00:00:00.000Z,NONE,NONE
6086,1,3,2026-06-28T00:00:00.000Z,NONE,NONE
6088,1,3,2026-06-28T00:00:00.000Z,NONE,NONE
6092,1,3,2026-06-28T00:00:00.000Z,NONE,NONE
6094,1,3,2026-06-28T00:00:00.000Z,NONE,NONE
6106,1,3,2026-06-28T00:00:00.000Z,NONE,NONE
6114,1,3,2026-06-28T00:00:00.000Z,NONE,NONE
6116,1,3,2026-06-28T00:00:00.000Z,NONE,NONE
6121,1,3,2026-06-28T00:00:00.000Z,NONE,NONE
6148,1,3,2026-06-28T00:00:00.000Z,NONE,NONE
6150,1,3,2026-06-28T00:00:00.000Z,NONE,NONE
6160,1,3,2026-06-28T00:00:00.000Z,NONE,NONE
6166,1,3,2026-06-28T00:00:00.000Z,NONE,NONE
6167,1,3,2026-06-28T00:00:00.000Z,NONE,NONE
6169,1,3,2026-06-28T00:00:00.000Z,NONE,NONE
6189,1,3,2026-06-28T00:00:00.000Z,NONE,NONE
6191,1,3,2026-06-28T00:00:00.000Z,NONE,NONE
6203,1,3,2026-06-28T00:00:00.000Z,NONE,NONE
6206,1,3,2026-06-28T00:00:00.000Z,NONE,NONE
6208,1,3,2026-06-28T00:00:00.000Z,NONE,NONE
6214,1,3,2026-06-28T00:00:00.000Z,NONE,NONE
6221,1,3,2026-06-28T00:00:00.000Z,NONE,NONE
6222,1,3,2026-06-28T00:00:00.000Z,NONE,NONE
6231,1,3,2026-06-28T00:00:00.000Z,NONE,NONE
6233,1,3,2026-06-28T00:00:00.000Z,NONE,NONE
6245,1,3,2026-06-28T00:00:00.000Z,NONE,NONE
6253,1,3,2026-06-28T00:00:00.000Z,NONE,NONE
6256,1,3,2026-06-28T00:00:00.000Z,NONE,NONE
6259,1,3,2026-06-28T00:00:00.000Z,NONE,NONE
6289,1,3,2026-06-28T00:00:00.000Z,NONE,NONE
6291,1,3,2026-06-28T00:00:00.000Z,NONE,NONE
6297,1,3,2026-06-28T00:00:00.000Z,NONE,NONE
6300,1,3,2026-06-28T00:00:00.000Z,NONE,NONE
6301,1,3,2026-06-28T00:00:00.000Z,NONE,NONE
6313,1,3,2026-06-28T00:00:00.000Z,NONE,NONE
6314,1,3,2026-06-28T00:00:00.000Z,NONE,NONE
6315,1,3,2026-06-28T00:00:00.000Z,NONE,NONE
6319,1,3,2026-06-28T00:00:00.000Z,NONE,NONE
6327,1,3,2026-06-28T00:00:00.000Z,NONE,NONE
6333,1,3,2026-06-28T00:00:00.000Z,NONE,NONE
6339,1,3,2026-06-28T00:00:00.000Z,NONE,NONE
6340,1,3,2026-06-28T00:00:00.000Z,NONE,NONE
6341,1,3,2026-06-28T00:00:00.000Z,NONE,NONE
6347,1,3,2026-06-28T00:00:00.000Z,NONE,NONE
6361,1,3,2026-06-28T00:00:00.000Z,NONE,NONE
6362,1,3,2026-06-28T00:00:00.000Z,NONE,NONE
6372,1,3,2026-06-28T00:00:00.000Z,NONE,NONE
6375,1,3,2026-06-28T00:00:00.000Z,NONE,NONE
6380,1,3,2026-06-28T00:00:00.000Z,NONE,NONE
6383,1,3,2026-06-28T00:00:00.000Z,NONE,NONE
6393,1,3,2026-06-28T00:00:00.000Z,NONE,NONE
6399,1,3,2026-06-28T00:00:00.000Z,NONE,NONE
6400,1,3,2026-06-28T00:00:00.000Z,NONE,NONE
6403,1,3,2026-06-28T00:00:00.000Z,NONE,NONE
6405,1,3,2026-06-28T00:00:00.000Z,NONE,NONE
6407,1,3,2026-06-28T00:00:00.000Z,NONE,NONE
6410,1,3,2026-06-28T00:00:00.000Z,NONE,NONE
6412,1,3,2026-06-28T00:00:00.000Z,NONE,NONE
6415,1,3,2026-06-28T00:00:00.000Z,NONE,NONE
6427,1,3,2026-06-28T00:00:00.000Z,NONE,NONE
6435,1,3,2026-06-28T00:00:00.000Z,NONE,NONE
6438,1,3,2026-06-28T00:00:00.000Z,NONE,NONE
6439,1,3,2026-06-28T00:00:00.000Z,NONE,NONE
6445,1,3,2026-06-28T00:00:00.000Z,NONE,NONE
6446,1,3,2026-06-28T00:00:00.000Z,NONE,NONE
6449,1,3,2026-06-28T00:00:00.000Z,NONE,NONE
6458,1,3,2026-06-28T00:00:00.000Z,NONE,NONE
6462,1,3,2026-06-28T00:00:00.000Z,NONE,NONE
6463,1,3,2026-06-28T00:00:00.000Z,NONE,NONE
6467,1,3,2026-06-28T00:00:00.000Z,NONE,NONE
6472,1,3,2026-06-28T00:00:00.000Z,NONE,NONE
6476,1,3,2026-06-28T00:00:00.000Z,NONE,NONE
6485,1,3,2026-06-28T00:00:00.000Z,NONE,NONE
6489,1,3,2026-06-28T00:00:00.000Z,NONE,NONE
6516,1,3,2026-06-28T00:00:00.000Z,NONE,NONE
6521,1,3,2026-06-28T00:00:00.000Z,NONE,NONE
6523,1,3,2026-06-28T00:00:00.000Z,NONE,NONE
6539,1,3,2026-06-28T00:00:00.000Z,NONE,NONE
6568,1,3,2026-06-28T00:00:00.000Z,NONE,NONE
6575,1,3,2026-06-28T00:00:00.000Z,NONE,NONE
6578,1,3,2026-06-28T00:00:00.000Z,NONE,NONE
6581,1,3,2026-06-28T00:00:00.000Z,NONE,NONE
6583,1,3,2026-06-28T00:00:00.000Z,NONE,NONE
6584,1,3,2026-06-28T00:00:00.000Z,NONE,NONE
6589,1,3,2026-06-28T00:00:00.000Z,NONE,NONE
6600,1,3,2026-06-28T00:00:00.000Z,NONE,NONE
6611,1,3,2026-06-28T00:00:00.000Z,NONE,NONE
6616,1,3,2026-06-28T00:00:00.000Z,NONE,NONE
6629,1,3,2026-06-28T00:00:00.000Z,NONE,NONE
6637,1,3,2026-06-28T00:00:00.000Z,NONE,NONE
6638,1,3,2026-06-28T00:00:00.000Z,NONE,NONE
6644,1,3,2026-06-28T00:00:00.000Z,NONE,NONE
6650,1,3,2026-06-28T00:00:00.000Z,NONE,NONE
6651,1,3,2026-06-28T00:00:00.000Z,NONE,NONE
6653,1,3,2026-06-28T00:00:00.000Z,NONE,NONE
6670,1,3,2026-06-28T00:00:00.000Z,NONE,NONE
6671,1,3,2026-06-28T00:00:00.000Z,NONE,NONE
6675,1,3,2026-06-28T00:00:00.000Z,NONE,NONE
6684,1,3,2026-06-28T00:00:00.000Z,NONE,NONE
6687,1,3,2026-06-28T00:00:00.000Z,NONE,NONE
6692,1,3,2026-06-28T00:00:00.000Z,NONE,NONE
6696,1,3,2026-06-28T00:00:00.000Z,NONE,NONE
6698,1,3,2026-06-28T00:00:00.000Z,NONE,NONE
6706,1,3,2026-06-28T00:00:00.000Z,NONE,NONE
6712,1,3,2026-06-28T00:00:00.000Z,NONE,NONE
6713,1,3,2026-06-28T00:00:00.000Z,NONE,NONE
6714,1,3,2026-06-28T00:00:00.000Z,NONE,NONE
6720,1,3,2026-06-28T00:00:00.000Z,NONE,NONE
6722,1,3,2026-06-28T00:00:00.000Z,NONE,NONE
6733,1,3,2026-06-28T00:00:00.000Z,NONE,NONE
6745,1,3,2026-06-28T00:00:00.000Z,NONE,NONE
6754,1,3,2026-06-28T00:00:00.000Z,NONE,NONE
6765,1,3,2026-06-28T00:00:00.000Z,NONE,NONE
6772,1,3,2026-06-28T00:00:00.000Z,NONE,NONE
6774,1,3,2026-06-28T00:00:00.000Z,NONE,NONE
6785,1,3,2026-06-28T00:00:00.000Z,NONE,NONE
6786,1,3,2026-06-28T00:00:00.000Z,NONE,NONE
6800,1,3,2026-06-28T00:00:00.000Z,NONE,NONE
6825,1,3,2026-06-28T00:00:00.000Z,NONE,NONE
6829,1,3,2026-06-28T00:00:00.000Z,NONE,NONE
6830,1,3,2026-06-28T00:00:00.000Z,NONE,NONE
6838,1,3,2026-06-28T00:00:00.000Z,NONE,NONE
6842,1,3,2026-06-28T00:00:00.000Z,NONE,NONE
6853,1,3,2026-06-28T00:00:00.000Z,NONE,NONE
6855,1,3,2026-06-28T00:00:00.000Z,NONE,NONE
6887,1,3,2026-06-28T00:00:00.000Z,NONE,NONE
6890,1,3,2026-06-28T00:00:00.000Z,NONE,NONE
6907,1,3,2026-06-28T00:00:00.000Z,NONE,NONE
6975,1,3,2026-06-28T00:00:00.000Z,NONE,NONE
7001,1,3,2026-06-28T00:00:00.000Z,NONE,NONE
7005,1,3,2026-06-28T00:00:00.000Z,NONE,NONE
7008,1,3,2026-06-28T00:00:00.000Z,NONE,NONE
7012,1,3,2026-06-28T00:00:00.000Z,NONE,NONE
7017,1,3,2026-06-28T00:00:00.000Z,NONE,NONE
7033,1,3,2026-06-28T00:00:00.000Z,NONE,NONE
7040,1,3,2026-06-28T00:00:00.000Z,NONE,NONE
7078,1,3,2026-06-28T00:00:00.000Z,NONE,NONE
7079,1,3,2026-06-28T00:00:00.000Z,NONE,NONE
7090,1,3,2026-06-28T00:00:00.000Z,NONE,NONE
7094,1,3,2026-06-28T00:00:00.000Z,NONE,NONE
7102,1,3,2026-06-28T00:00:00.000Z,NONE,NONE
7122,1,3,2026-06-28T00:00:00.000Z,NONE,NONE
7125,1,3,2026-06-28T00:00:00.000Z,NONE,NONE
7130,1,3,2026-06-28T00:00:00.000Z,NONE,NONE
7140,1,3,2026-06-28T00:00:00.000Z,NONE,NONE
7158,1,3,2026-06-28T00:00:00.000Z,NONE,NONE
7160,1,3,2026-06-28T00:00:00.000Z,NONE,NONE
7170,1,3,2026-06-28T00:00:00.000Z,NONE,NONE
7172,1,3,2026-06-28T00:00:00.000Z,NONE,NONE
7177,1,3,2026-06-28T00:00:00.000Z,NONE,NONE
7187,1,3,2026-06-28T00:00:00.000Z,NONE,NONE
7192,1,3,2026-06-28T00:00:00.000Z,NONE,NONE
7214,1,3,2026-06-28T00:00:00.000Z,NONE,NONE
7219,1,3,2026-06-28T00:00:00.000Z,NONE,NONE
7220,1,3,2026-06-28T00:00:00.000Z,NONE,NONE
7230,1,3,2026-06-28T00:00:00.000Z,NONE,NONE
7235,1,3,2026-06-28T00:00:00.000Z,NONE,NONE
7242,1,3,2026-06-28T00:00:00.000Z,NONE,NONE
7243,1,3,2026-06-28T00:00:00.000Z,NONE,NONE
7256,1,3,2026-06-28T00:00:00.000Z,NONE,NONE
7263,1,3,2026-06-28T00:00:00.000Z,NONE,NONE
7289,1,3,2026-06-28T00:00:00.000Z,NONE,NONE
7299,1,3,2026-06-28T00:00:00.000Z,NONE,NONE
7300,1,3,2026-06-28T00:00:00.000Z,NONE,NONE
7307,1,3,2026-06-28T00:00:00.000Z,NONE,NONE
7327,1,3,2026-06-28T00:00:00.000Z,NONE,NONE
7329,1,3,2026-06-28T00:00:00.000Z,NONE,NONE
7337,1,3,2026-06-28T00:00:00.000Z,NONE,NONE
7339,1,3,2026-06-28T00:00:00.000Z,NONE,NONE
7341,1,3,2026-06-28T00:00:00.000Z,NONE,NONE
7362,1,3,2026-06-28T00:00:00.000Z,NONE,NONE
7369,1,3,2026-06-28T00:00:00.000Z,NONE,NONE
7372,1,3,2026-06-28T00:00:00.000Z,NONE,NONE
7381,1,3,2026-06-28T00:00:00.000Z,NONE,NONE
7382,1,3,2026-06-28T00:00:00.000Z,NONE,NONE
7388,1,3,2026-06-28T00:00:00.000Z,NONE,NONE
7408,1,3,2026-06-28T00:00:00.000Z,NONE,NONE
7416,1,3,2026-06-28T00:00:00.000Z,NONE,NONE
7431,1,3,2026-06-28T00:00:00.000Z,NONE,NONE
7476,1,3,2026-06-28T00:00:00.000Z,NONE,NONE
7483,1,3,2026-06-28T00:00:00.000Z,NONE,NONE
7502,1,3,2026-06-28T00:00:00.000Z,NONE,NONE
7508,1,3,2026-06-28T00:00:00.000Z,NONE,NONE
7522,1,3,2026-06-28T00:00:00.000Z,NONE,NONE
7545,1,3,2026-06-28T00:00:00.000Z,NONE,NONE
7562,1,3,2026-06-28T00:00:00.000Z,NONE,NONE
7576,1,3,2026-06-28T00:00:00.000Z,NONE,NONE
7582,1,3,2026-06-28T00:00:00.000Z,NONE,NONE
7584,1,3,2026-06-28T00:00:00.000Z,NONE,NONE
7590,1,3,2026-06-28T00:00:00.000Z,NONE,NONE
7607,1,3,2026-06-28T00:00:00.000Z,NONE,NONE
7612,1,3,2026-06-28T00:00:00.000Z,NONE,NONE
7615,1,3,2026-06-28T00:00:00.000Z,NONE,NONE
7640,1,3,2026-06-28T00:00:00.000Z,NONE,NONE
7646,1,3,2026-06-28T00:00:00.000Z,NONE,NONE
7649,1,3,2026-06-28T00:00:00.000Z,NONE,NONE
7651,1,3,2026-06-28T00:00:00.000Z,NONE,NONE
7658,1,3,2026-06-28T00:00:00.000Z,NONE,NONE
7667,1,3,2026-06-28T00:00:00.000Z,NONE,NONE
7671,1,3,2026-06-28T00:00:00.000Z,NONE,NONE
7674,1,3,2026-06-28T00:00:00.000Z,NONE,NONE
7678,1,3,2026-06-28T00:00:00.000Z,NONE,NONE
7680,1,3,2026-06-28T00:00:00.000Z,NONE,NONE
7681,1,3,2026-06-28T00:00:00.000Z,NONE,NONE
7682,1,3,2026-06-28T00:00:00.000Z,NONE,NONE
7683,1,3,2026-06-28T00:00:00.000Z,NONE,NONE
7696,1,3,2026-06-28T00:00:00.000Z,NONE,NONE
7697,1,3,2026-06-28T00:00:00.000Z,NONE,NONE
7724,1,3,2026-06-28T00:00:00.000Z,NONE,NONE
7725,1,3,2026-06-28T00:00:00.000Z,NONE,NONE
7737,1,3,2026-06-28T00:00:00.000Z,NONE,NONE
7741,1,3,2026-06-28T00:00:00.000Z,NONE,NONE
7744,1,3,2026-06-28T00:00:00.000Z,NONE,NONE
7745,1,3,2026-06-28T00:00:00.000Z,NONE,NONE
7755,1,3,2026-06-28T00:00:00.000Z,NONE,NONE
7757,1,3,2026-06-28T00:00:00.000Z,NONE,NONE
7767,1,3,2026-06-28T00:00:00.000Z,NONE,NONE
7768,1,3,2026-06-28T00:00:00.000Z,NONE,NONE
7772,1,3,2026-06-28T00:00:00.000Z,NONE,NONE
7783,1,3,2026-06-28T00:00:00.000Z,NONE,NONE
7791,1,3,2026-06-28T00:00:00.000Z,NONE,NONE
7820,1,3,2026-06-28T00:00:00.000Z,NONE,NONE
7821,1,3,2026-06-28T00:00:00.000Z,NONE,NONE
7829,1,3,2026-06-28T00:00:00.000Z,NONE,NONE
7830,1,3,2026-06-28T00:00:00.000Z,NONE,NONE
7869,1,3,2026-06-28T00:00:00.000Z,NONE,NONE
7876,1,3,2026-06-28T00:00:00.000Z,NONE,NONE
7879,1,3,2026-06-28T00:00:00.000Z,NONE,NONE
7887,1,3,2026-06-28T00:00:00.000Z,NONE,NONE
7891,1,3,2026-06-28T00:00:00.000Z,NONE,NONE
7893,1,3,2026-06-28T00:00:00.000Z,NONE,NONE
7894,1,3,2026-06-28T00:00:00.000Z,NONE,NONE
7895,1,3,2026-06-28T00:00:00.000Z,NONE,NONE
7907,1,3,2026-06-28T00:00:00.000Z,NONE,NONE
7911,1,3,2026-06-28T00:00:00.000Z,NONE,NONE
7915,1,3,2026-06-28T00:00:00.000Z,NONE,NONE
7920,1,3,2026-06-28T00:00:00.000Z,NONE,NONE
7924,1,3,2026-06-28T00:00:00.000Z,NONE,NONE
7927,1,3,2026-06-28T00:00:00.000Z,NONE,NONE
7932,1,3,2026-06-28T00:00:00.000Z,NONE,NONE
7934,1,3,2026-06-28T00:00:00.000Z,NONE,NONE
7939,1,3,2026-06-28T00:00:00.000Z,NONE,NONE
7947,1,3,2026-06-28T00:00:00.000Z,NONE,NONE
7955,1,3,2026-06-28T00:00:00.000Z,NONE,NONE
7962,1,3,2026-06-28T00:00:00.000Z,NONE,NONE
7966,1,3,2026-06-28T00:00:00.000Z,NONE,NONE
7971,1,3,2026-06-28T00:00:00.000Z,NONE,NONE
7972,1,3,2026-06-28T00:00:00.000Z,NONE,NONE
7981,1,3,2026-06-28T00:00:00.000Z,NONE,NONE
7984,1,3,2026-06-28T00:00:00.000Z,NONE,NONE
7998,1,3,2026-06-28T00:00:00.000Z,NONE,NONE
8002,1,3,2026-06-28T00:00:00.000Z,NONE,NONE
8005,1,3,2026-06-28T00:00:00.000Z,NONE,NONE
8017,1,3,2026-06-28T00:00:00.000Z,NONE,NONE
8019,1,3,2026-06-28T00:00:00.000Z,NONE,NONE
8020,1,3,2026-06-28T00:00:00.000Z,NONE,NONE
8026,1,3,2026-06-28T00:00:00.000Z,NONE,NONE
8031,1,3,2026-06-28T00:00:00.000Z,NONE,NONE
8053,1,3,2026-06-28T00:00:00.000Z,NONE,NONE
8056,1,3,2026-06-28T00:00:00.000Z,NONE,NONE
8062,1,3,2026-06-28T00:00:00.000Z,NONE,NONE
8065,1,3,2026-06-28T00:00:00.000Z,NONE,NONE
8069,1,3,2026-06-28T00:00:00.000Z,NONE,NONE
8072,1,3,2026-06-28T00:00:00.000Z,NONE,NONE
8082,1,3,2026-06-28T00:00:00.000Z,NONE,NONE
8089,1,3,2026-06-28T00:00:00.000Z,NONE,NONE
8096,1,3,2026-06-28T00:00:00.000Z,NONE,NONE
8102,1,3,2026-06-28T00:00:00.000Z,NONE,NONE
8111,1,3,2026-06-28T00:00:00.000Z,NONE,NONE
8120,1,3,2026-06-28T00:00:00.000Z,NONE,NONE
8129,1,3,2026-06-28T00:00:00.000Z,NONE,NONE
8136,1,3,2026-06-28T00:00:00.000Z,NONE,NONE
8151,1,3,2026-06-28T00:00:00.000Z,NONE,NONE
8153,1,3,2026-06-28T00:00:00.000Z,NONE,NONE
8157,1,3,2026-06-28T00:00:00.000Z,NONE,NONE
8159,1,3,2026-06-28T00:00:00.000Z,NONE,NONE
8160,1,3,2026-06-28T00:00:00.000Z,NONE,NONE
8163,1,3,2026-06-28T00:00:00.000Z,NONE,NONE
8168,1,3,2026-06-28T00:00:00.000Z,NONE,NONE
8182,1,3,2026-06-28T00:00:00.000Z,NONE,NONE
8200,1,3,2026-06-28T00:00:00.000Z,NONE,NONE
8201,1,3,2026-06-28T00:00:00.000Z,NONE,NONE
8220,1,3,2026-06-28T00:00:00.000Z,NONE,NONE
8221,1,3,2026-06-28T00:00:00.000Z,NONE,NONE
8232,1,3,2026-06-28T00:00:00.000Z,NONE,NONE
8243,1,3,2026-06-28T00:00:00.000Z,NONE,NONE
8249,1,3,2026-06-28T00:00:00.000Z,NONE,NONE
8250,1,3,2026-06-28T00:00:00.000Z,NONE,NONE
8252,1,3,2026-06-28T00:00:00.000Z,NONE,NONE
8266,1,3,2026-06-28T00:00:00.000Z,NONE,NONE
8282,1,3,2026-06-28T00:00:00.000Z,NONE,NONE
8285,1,3,2026-06-28T00:00:00.000Z,NONE,NONE
8290,1,3,2026-06-28T00:00:00.000Z,NONE,NONE
8293,1,3,2026-06-28T00:00:00.000Z,NONE,NONE
8297,1,3,2026-06-28T00:00:00.000Z,NONE,NONE
8307,1,3,2026-06-28T00:00:00.000Z,NONE,NONE
8311,1,3,2026-06-28T00:00:00.000Z,NONE,NONE
8320,1,3,2026-06-28T00:00:00.000Z,NONE,NONE
8321,1,3,2026-06-28T00:00:00.000Z,NONE,NONE
8334,1,3,2026-06-28T00:00:00.000Z,NONE,NONE
8338,1,3,2026-06-28T00:00:00.000Z,NONE,NONE
8348,1,3,2026-06-28T00:00:00.000Z,NONE,NONE
8354,1,3,2026-06-28T00:00:00.000Z,NONE,NONE
8366,1,3,2026-06-28T00:00:00.000Z,NONE,NONE
8368,1,3,2026-06-28T00:00:00.000Z,NONE,NONE
8381,1,3,2026-06-28T00:00:00.000Z,NONE,NONE
8391,1,3,2026-06-28T00:00:00.000Z,NONE,NONE
8419,1,3,2026-06-28T00:00:00.000Z,NONE,NONE
8436,1,3,2026-06-28T00:00:00.000Z,NONE,NONE
8450,1,3,2026-06-28T00:00:00.000Z,NONE,NONE
8452,1,3,2026-06-28T00:00:00.000Z,NONE,NONE
8473,1,3,2026-06-28T00:00:00.000Z,NONE,NONE
8475,1,3,2026-06-28T00:00:00.000Z,NONE,NONE
8486,1,3,2026-06-28T00:00:00.000Z,NONE,NONE
8495,1,3,2026-06-28T00:00:00.000Z,NONE,NONE
8498,1,3,2026-06-28T00:00:00.000Z,NONE,NONE
8499,1,3,2026-06-28T00:00:00.000Z,NONE,NONE
8508,1,3,2026-06-28T00:00:00.000Z,NONE,NONE
8519,1,3,2026-06-28T00:00:00.000Z,NONE,NONE
8536,1,3,2026-06-28T00:00:00.000Z,NONE,NONE
8538,1,3,2026-06-28T00:00:00.000Z,NONE,NONE
8548,1,3,2026-06-28T00:00:00.000Z,NONE,NONE
8558,1,3,2026-06-28T00:00:00.000Z,NONE,NONE
8567,1,3,2026-06-28T00:00:00.000Z,NONE,NONE
8589,1,3,2026-06-28T00:00:00.000Z,NONE,NONE
8600,1,3,2026-06-28T00:00:00.000Z,NONE,NONE
8609,1,3,2026-06-28T00:00:00.000Z,NONE,NONE
8612,1,3,2026-06-28T00:00:00.000Z,NONE,NONE
8613,1,3,2026-06-28T00:00:00.000Z,NONE,NONE
8624,1,3,2026-06-28T00:00:00.000Z,NONE,NONE
8625,1,3,2026-06-28T00:00:00.000Z,NONE,NONE
8653,1,3,2026-06-28T00:00:00.000Z,NONE,NONE
8660,1,3,2026-06-28T00:00:00.000Z,NONE,NONE
8687,1,3,2026-06-28T00:00:00.000Z,NONE,NONE
8695,1,3,2026-06-28T00:00:00.000Z,NONE,NONE
8701,1,3,2026-06-28T00:00:00.000Z,NONE,NONE
8707,1,3,2026-06-28T00:00:00.000Z,NONE,NONE
8711,1,3,2026-06-28T00:00:00.000Z,NONE,NONE
8720,1,3,2026-06-28T00:00:00.000Z,NONE,NONE
8723,1,3,2026-06-28T00:00:00.000Z,NONE,NONE
8732,1,3,2026-06-28T00:00:00.000Z,NONE,NONE
8740,1,3,2026-06-28T00:00:00.000Z,NONE,NONE
8746,1,3,2026-06-28T00:00:00.000Z,NONE,NONE
8763,1,3,2026-06-28T00:00:00.000Z,NONE,NONE
8769,1,3,2026-06-28T00:00:00.000Z,NONE,NONE
8774,1,3,2026-06-28T00:00:00.000Z,NONE,NONE
8785,1,3,2026-06-28T00:00:00.000Z,NONE,NONE
8792,1,3,2026-06-28T00:00:00.000Z,NONE,NONE
8802,1,3,2026-06-28T00:00:00.000Z,NONE,NONE
8803,1,3,2026-06-28T00:00:00.000Z,NONE,NONE
8804,1,3,2026-06-28T00:00:00.000Z,NONE,NONE
8808,1,3,2026-06-28T00:00:00.000Z,NONE,NONE
8812,1,3,2026-06-28T00:00:00.000Z,NONE,NONE
8814,1,3,2026-06-28T00:00:00.000Z,NONE,NONE
8828,1,3,2026-06-28T00:00:00.000Z,NONE,NONE
8831,1,3,2026-06-28T00:00:00.000Z,NONE,NONE
8838,1,3,2026-06-28T00:00:00.000Z,NONE,NONE
8844,1,3,2026-06-28T00:00:00.000Z,NONE,NONE
8848,1,3,2026-06-28T00:00:00.000Z,NONE,NONE
8858,1,3,2026-06-28T00:00:00.000Z,NONE,NONE
8860,1,3,2026-06-28T00:00:00.000Z,NONE,NONE
8865,1,3,2026-06-28T00:00:00.000Z,NONE,NONE
8869,1,3,2026-06-28T00:00:00.000Z,NONE,NONE
8871,1,3,2026-06-28T00:00:00.000Z,NONE,NONE
8890,1,3,2026-06-28T00:00:00.000Z,NONE,NONE
8896,1,3,2026-06-28T00:00:00.000Z,NONE,NONE
8900,1,3,2026-06-28T00:00:00.000Z,NONE,NONE
8916,1,3,2026-06-28T00:00:00.000Z,NONE,NONE
8918,1,3,2026-06-28T00:00:00.000Z,NONE,NONE
8932,1,3,2026-06-28T00:00:00.000Z,NONE,NONE
8939,1,3,2026-06-28T00:00:00.000Z,NONE,NONE
8942,1,3,2026-06-28T00:00:00.000Z,NONE,NONE
8946,1,3,2026-06-28T00:00:00.000Z,NONE,NONE
8947,1,3,2026-06-28T00:00:00.000Z,NONE,NONE
8957,1,3,2026-06-28T00:00:00.000Z,NONE,NONE
8961,1,3,2026-06-28T00:00:00.000Z,NONE,NONE
8966,1,3,2026-06-28T00:00:00.000Z,NONE,NONE
8979,1,3,2026-06-28T00:00:00.000Z,NONE,NONE
8990,1,3,2026-06-28T00:00:00.000Z,NONE,NONE
9002,1,3,2026-06-28T00:00:00.000Z,NONE,NONE
9007,1,3,2026-06-28T00:00:00.000Z,NONE,NONE
9015,1,3,2026-06-28T00:00:00.000Z,NONE,NONE
9026,1,3,2026-06-28T00:00:00.000Z,NONE,NONE
9040,1,3,2026-06-28T00:00:00.000Z,NONE,NONE
9042,1,3,2026-06-28T00:00:00.000Z,NONE,NONE
9051,1,3,2026-06-28T00:00:00.000Z,NONE,NONE
9052,1,3,2026-06-28T00:00:00.000Z,NONE,NONE
9060,1,3,2026-06-28T00:00:00.000Z,NONE,NONE
9062,1,3,2026-06-28T00:00:00.000Z,NONE,NONE
9082,1,3,2026-06-28T00:00:00.000Z,NONE,NONE
9107,1,3,2026-06-28T00:00:00.000Z,NONE,NONE
9118,1,3,2026-06-28T00:00:00.000Z,NONE,NONE
9126,1,3,2026-06-28T00:00:00.000Z,NONE,NONE
9132,1,3,2026-06-28T00:00:00.000Z,NONE,NONE
9133,1,3,2026-06-28T00:00:00.000Z,NONE,NONE
9198,1,3,2026-06-28T00:00:00.000Z,NONE,NONE
9212,1,3,2026-06-28T00:00:00.000Z,NONE,NONE
9244,1,3,2026-06-28T00:00:00.000Z,NONE,NONE
9247,1,3,2026-06-28T00:00:00.000Z,NONE,NONE
9255,1,3,2026-06-28T00:00:00.000Z,NONE,NONE
9261,1,3,2026-06-28T00:00:00.000Z,NONE,NONE
9263,1,3,2026-06-28T00:00:00.000Z,NONE,NONE
9267,1,3,2026-06-28T00:00:00.000Z,NONE,NONE
9269,1,3,2026-06-28T00:00:00.000Z,NONE,NONE
9283,1,3,2026-06-28T00:00:00.000Z,NONE,NONE
9285,1,3,2026-06-28T00:00:00.000Z,NONE,NONE
9288,1,3,2026-06-28T00:00:00.000Z,NONE,NONE
9289,1,3,2026-06-28T00:00:00.000Z,NONE,NONE
9293,1,3,2026-06-28T00:00:00.000Z,NONE,NONE
9294,1,3,2026-06-28T00:00:00.000Z,NONE,NONE
9296,1,3,2026-06-28T00:00:00.000Z,NONE,NONE
9304,1,3,2026-06-28T00:00:00.000Z,NONE,NONE
9306,1,3,2026-06-28T00:00:00.000Z,NONE,NONE
9321,1,3,2026-06-28T00:00:00.000Z,NONE,NONE
9360,1,3,2026-06-28T00:00:00.000Z,NONE,NONE
9361,1,3,2026-06-28T00:00:00.000Z,NONE,NONE
9377,1,3,2026-06-28T00:00:00.000Z,NONE,NONE
9392,1,3,2026-06-28T00:00:00.000Z,NONE,NONE
9395,1,3,2026-06-28T00:00:00.000Z,NONE,NONE
9413,1,3,2026-06-28T00:00:00.000Z,NONE,NONE
9426,1,3,2026-06-28T00:00:00.000Z,NONE,NONE
9427,1,3,2026-06-28T00:00:00.000Z,NONE,NONE
9428,1,3,2026-06-28T00:00:00.000Z,NONE,NONE
9429,1,3,2026-06-28T00:00:00.000Z,NONE,NONE
9432,1,3,2026-06-28T00:00:00.000Z,NONE,NONE
9433,1,3,2026-06-28T00:00:00.000Z,NONE,NONE
9472,1,3,2026-06-28T00:00:00.000Z,NONE,NONE
9477,1,3,2026-06-28T00:00:00.000Z,NONE,NONE
9504,1,3,2026-06-28T00:00:00.000Z,NONE,NONE
9515,1,3,2026-06-28T00:00:00.000Z,NONE,NONE
9537,1,3,2026-06-28T00:00:00.000Z,NONE,NONE
9540,1,3,2026-06-28T00:00:00.000Z,NONE,NONE
9546,1,3,2026-06-28T00:00:00.000Z,NONE,NONE
9559,1,3,2026-06-28T00:00:00.000Z,NONE,NONE
9561,1,3,2026-06-28T00:00:00.000Z,NONE,NONE
9562,1,3,2026-06-28T00:00:00.000Z,NONE,NONE
9564,1,3,2026-06-28T00:00:00.000Z,NONE,NONE
9571,1,3,2026-06-28T00:00:00.000Z,NONE,NONE
9572,1,3,2026-06-28T00:00:00.000Z,NONE,NONE
9573,1,3,2026-06-28T00:00:00.000Z,NONE,NONE
9605,1,3,2026-06-28T00:00:00.000Z,NONE,NONE
9609,1,3,2026-06-28T00:00:00.000Z,NONE,NONE
9659,1,3,2026-06-28T00:00:00.000Z,NONE,NONE
9665,1,3,2026-06-28T00:00:00.000Z,NONE,NONE
9673,1,3,2026-06-28T00:00:00.000Z,NONE,NONE
9683,1,3,2026-06-28T00:00:00.000Z,NONE,NONE
9725,1,3,2026-06-28T00:00:00.000Z,NONE,NONE
9731,1,3,2026-06-28T00:00:00.000Z,NONE,NONE
9737,1,3,2026-06-28T00:00:00.000Z,NONE,NONE
9755,1,3,2026-06-28T00:00:00.000Z,NONE,NONE
9759,1,3,2026-06-28T00:00:00.000Z,NONE,NONE
9767,1,3,2026-06-28T00:00:00.000Z,NONE,NONE
9781,1,3,2026-06-28T00:00:00.000Z,NONE,NONE
9793,1,3,2026-06-28T00:00:00.000Z,NONE,NONE
9812,1,3,2026-06-28T00:00:00.000Z,NONE,NONE
9822,1,3,2026-06-28T00:00:00.000Z,NONE,NONE
9831,1,3,2026-06-28T00:00:00.000Z,NONE,NONE
9837,1,3,2026-06-28T00:00:00.000Z,NONE,NONE
9839,1,3,2026-06-28T00:00:00.000Z,NONE,NONE
9840,1,3,2026-06-28T00:00:00.000Z,NONE,NONE
9844,1,3,2026-06-28T00:00:00.000Z,NONE,NONE
9851,1,3,2026-06-28T00:00:00.000Z,NONE,NONE
9853,1,3,2026-06-28T00:00:00.000Z,NONE,NONE
9871,1,3,2026-06-28T00:00:00.000Z,NONE,NONE
9877,1,3,2026-06-28T00:00:00.000Z,NONE,NONE
9888,1,3,2026-06-28T00:00:00.000Z,NONE,NONE
9889,1,3,2026-06-28T00:00:00.000Z,NONE,NONE
9901,1,3,2026-06-28T00:00:00.000Z,NONE,NONE
9920,1,3,2026-06-28T00:00:00.000Z,NONE,NONE
9923,1,3,2026-06-28T00:00:00.000Z,NONE,NONE
9938,1,3,2026-06-28T00:00:00.000Z,NONE,NONE
9941,1,3,2026-06-28T00:00:00.000Z,NONE,NONE
9942,1,3,2026-06-28T00:00:00.000Z,NONE,NONE
9943,1,3,2026-06-28T00:00:00.000Z,NONE,NONE
9945,1,3,2026-06-28T00:00:00.000Z,NONE,NONE
9965,1,3,2026-06-28T00:00:00.000Z,NONE,NONE
9969,1,3,2026-06-28T00:00:00.000Z,NONE,NONE
9976,1,3,2026-06-28T00:00:00.000Z,NONE,NONE
9977,1,3,2026-06-28T00:00:00.000Z,NONE,NONE
9986,1,3,2026-06-28T00:00:00.000Z,NONE,NONE
9988,1,3,2026-06-28T00:00:00.000Z,NONE,NONE
9996,1,3,2026-06-28T00:00:00.000Z,NONE,NONE
9997,1,3,2026-06-28T00:00:00.000Z,NONE,NONE
10001,1,3,2026-06-28T00:00:00.000Z,NONE,NONE
10007,1,3,2026-06-28T00:00:00.000Z,NONE,NONE
10012,1,3,2026-06-28T00:00:00.000Z,NONE,NONE
10015,1,3,2026-06-28T00:00:00.000Z,NONE,NONE
10025,1,3,2026-06-28T00:00:00.000Z,NONE,NONE
10040,1,3,2026-06-28T00:00:00.000Z,NONE,NONE
10043,1,3,2026-06-28T00:00:00.000Z,NONE,NONE
10045,1,3,2026-06-28T00:00:00.000Z,NONE,NONE
10051,1,3,2026-06-28T00:00:00.000Z,NONE,NONE
10062,1,3,2026-06-28T00:00:00.000Z,NONE,NONE
10091,1,3,2026-06-28T00:00:00.000Z,NONE,NONE
10117,1,3,2026-06-28T00:00:00.000Z,NONE,NONE
10147,1,3,2026-06-28T00:00:00.000Z,NONE,NONE
10163,1,3,2026-06-28T00:00:00.000Z,NONE,NONE
10165,1,3,2026-06-28T00:00:00.000Z,NONE,NONE
10178,1,3,2026-06-28T00:00:00.000Z,NONE,NONE
10198,1,3,2026-06-28T00:00:00.000Z,NONE,NONE
10202,1,3,2026-06-28T00:00:00.000Z,NONE,NONE
10211,1,3,2026-06-28T00:00:00.000Z,NONE,NONE
10217,1,3,2026-06-28T00:00:00.000Z,NONE,NONE
10220,1,3,2026-06-28T00:00:00.000Z,NONE,NONE
10235,1,3,2026-06-28T00:00:00.000Z,NONE,NONE
10236,1,3,2026-06-28T00:00:00.000Z,NONE,NONE
10237,1,3,2026-06-28T00:00:00.000Z,NONE,NONE
10238,1,3,2026-06-28T00:00:00.000Z,NONE,NONE
10239,1,3,2026-06-28T00:00:00.000Z,NONE,NONE
10245,1,3,2026-06-28T00:00:00.000Z,NONE,NONE
10247,1,3,2026-06-28T00:00:00.000Z,NONE,NONE
10250,1,3,2026-06-28T00:00:00.000Z,NONE,NONE
10280,1,3,2026-06-28T00:00:00.000Z,NONE,NONE
10295,1,3,2026-06-28T00:00:00.000Z,NONE,NONE
10297,1,3,2026-06-28T00:00:00.000Z,NONE,NONE
10302,1,3,2026-06-28T00:00:00.000Z,NONE,NONE
10304,1,3,2026-06-28T00:00:00.000Z,NONE,NONE
10323,1,3,2026-06-28T00:00:00.000Z,NONE,NONE
10325,1,3,2026-06-28T00:00:00.000Z,NONE,NONE
10333,1,3,2026-06-28T00:00:00.000Z,NONE,NONE
10345,1,3,2026-06-28T00:00:00.000Z,NONE,NONE
10347,1,3,2026-06-28T00:00:00.000Z,NONE,NONE
10350,1,3,2026-06-28T00:00:00.000Z,NONE,NONE
10358,1,3,2026-06-28T00:00:00.000Z,NONE,NONE
10364,1,3,2026-06-28T00:00:00.000Z,NONE,NONE
10367,1,3,2026-06-28T00:00:00.000Z,NONE,NONE
10368,1,3,2026-06-28T00:00:00.000Z,NONE,NONE
10371,1,3,2026-06-28T00:00:00.000Z,NONE,NONE
10372,1,3,2026-06-28T00:00:00.000Z,NONE,NONE
10374,1,3,2026-06-28T00:00:00.000Z,NONE,NONE
10380,1,3,2026-06-28T00:00:00.000Z,NONE,NONE
10391,1,3,2026-06-28T00:00:00.000Z,NONE,NONE
10393,1,3,2026-06-28T00:00:00.000Z,NONE,NONE
10398,1,3,2026-06-28T00:00:00.000Z,NONE,NONE
10401,1,3,2026-06-28T00:00:00.000Z,NONE,NONE
10407,1,3,2026-06-28T00:00:00.000Z,NONE,NONE
10412,1,3,2026-06-28T00:00:00.000Z,NONE,NONE
10416,1,3,2026-06-28T00:00:00.000Z,NONE,NONE
10421,1,3,2026-06-28T00:00:00.000Z,NONE,NONE
10425,1,3,2026-06-28T00:00:00.000Z,NONE,NONE
10428,1,3,2026-06-28T00:00:00.000Z,NONE,NONE
10446,1,3,2026-06-28T00:00:00.000Z,NONE,NONE
10448,1,3,2026-06-28T00:00:00.000Z,NONE,NONE
10449,1,3,2026-06-28T00:00:00.000Z,NONE,NONE
10450,1,3,2026-06-28T00:00:00.000Z,NONE,NONE
10457,1,3,2026-06-28T00:00:00.000Z,NONE,NONE
10470,1,3,2026-06-28T00:00:00.000Z,NONE,NONE
10474,1,3,2026-06-28T00:00:00.000Z,NONE,NONE
10475,1,3,2026-06-28T00:00:00.000Z,NONE,NONE
10476,1,3,2026-06-28T00:00:00.000Z,NONE,NONE
10481,1,3,2026-06-28T00:00:00.000Z,NONE,NONE
10483,1,3,2026-06-28T00:00:00.000Z,NONE,NONE
10484,1,3,2026-06-28T00:00:00.000Z,NONE,NONE
10498,1,3,2026-06-28T00:00:00.000Z,NONE,NONE
10509,1,3,2026-06-28T00:00:00.000Z,NONE,NONE
10511,1,3,2026-06-28T00:00:00.000Z,NONE,NONE
10519,1,3,2026-06-28T00:00:00.000Z,NONE,NONE
10539,1,3,2026-06-28T00:00:00.000Z,NONE,NONE
10540,1,3,2026-06-28T00:00:00.000Z,NONE,NONE
10543,1,3,2026-06-28T00:00:00.000Z,NONE,NONE
10549,1,3,2026-06-28T00:00:00.000Z,NONE,NONE
10559,1,3,2026-06-28T00:00:00.000Z,NONE,NONE
10607,1,3,2026-06-28T00:00:00.000Z,NONE,NONE
10609,1,3,2026-06-28T00:00:00.000Z,NONE,NONE
10613,1,3,2026-06-28T00:00:00.000Z,NONE,NONE
10626,1,3,2026-06-28T00:00:00.000Z,NONE,NONE
10632,1,3,2026-06-28T00:00:00.000Z,NONE,NONE
10634,1,3,2026-06-28T00:00:00.000Z,NONE,NONE
10655,1,3,2026-06-28T00:00:00.000Z,NONE,NONE
10662,1,3,2026-06-28T00:00:00.000Z,NONE,NONE
10682,1,3,2026-06-28T00:00:00.000Z,NONE,NONE
10688,1,3,2026-06-28T00:00:00.000Z,NONE,NONE
10693,1,3,2026-06-28T00:00:00.000Z,NONE,NONE
10696,1,3,2026-06-28T00:00:00.000Z,NONE,NONE
10702,1,3,2026-06-28T00:00:00.000Z,NONE,NONE
10710,1,3,2026-06-28T00:00:00.000Z,NONE,NONE
10718,1,3,2026-06-28T00:00:00.000Z,NONE,NONE
10723,1,3,2026-06-28T00:00:00.000Z,NONE,NONE
1,1,3,2026-06-29T00:00:00.000Z,NONE,NONE
9,1,3,2026-06-29T00:00:00.000Z,NONE,NONE
14,1,3,2026-06-29T00:00:00.000Z,NONE,NONE
16,1,3,2026-06-29T00:00:00.000Z,NONE,NONE
23,1,3,2026-06-29T00:00:00.000Z,NONE,NONE
25,1,3,2026-06-29T00:00:00.000Z,NONE,NONE
31,1,3,2026-06-29T00:00:00.000Z,NONE,NONE
35,1,3,2026-06-29T00:00:00.000Z,NONE,NONE
43,1,3,2026-06-29T00:00:00.000Z,NONE,NONE
50,1,3,2026-06-29T00:00:00.000Z,NONE,NONE
52,1,3,2026-06-29T00:00:00.000Z,NONE,NONE
57,1,3,2026-06-29T00:00:00.000Z,NONE,NONE
60,1,3,2026-06-29T00:00:00.000Z,NONE,NONE
73,1,3,2026-06-29T00:00:00.000Z,NONE,NONE
81,1,3,2026-06-29T00:00:00.000Z,NONE,NONE
85,1,3,2026-06-29T00:00:00.000Z,NONE,NONE
88,1,3,2026-06-29T00:00:00.000Z,NONE,NONE
95,1,3,2026-06-29T00:00:00.000Z,NONE,NONE
97,1,3,2026-06-29T00:00:00.000Z,NONE,NONE
101,1,3,2026-06-29T00:00:00.000Z,NONE,NONE
102,1,3,2026-06-29T00:00:00.000Z,NONE,NONE
106,1,3,2026-06-29T00:00:00.000Z,NONE,NONE
107,1,3,2026-06-29T00:00:00.000Z,NONE,NONE
109,1,3,2026-06-29T00:00:00.000Z,NONE,NONE
113,1,3,2026-06-29T00:00:00.000Z,NONE,NONE
123,1,3,2026-06-29T00:00:00.000Z,NONE,NONE
127,1,3,2026-06-29T00:00:00.000Z,NONE,NONE
141,1,3,2026-06-29T00:00:00.000Z,NONE,NONE
142,1,3,2026-06-29T00:00:00.000Z,NONE,NONE
148,1,3,2026-06-29T00:00:00.000Z,NONE,NONE
151,1,3,2026-06-29T00:00:00.000Z,NONE,NONE
153,1,3,2026-06-29T00:00:00.000Z,NONE,NONE
156,1,3,2026-06-29T00:00:00.000Z,NONE,NONE
158,1,3,2026-06-29T00:00:00.000Z,NONE,NONE
162,1,3,2026-06-29T00:00:00.000Z,NONE,NONE
163,1,3,2026-06-29T00:00:00.000Z,NONE,NONE
168,1,3,2026-06-29T00:00:00.000Z,NONE,NONE
172,1,3,2026-06-29T00:00:00.000Z,NONE,NONE
174,1,3,2026-06-29T00:00:00.000Z,NONE,NONE
182,1,3,2026-06-29T00:00:00.000Z,NONE,NONE
187,1,3,2026-06-29T00:00:00.000Z,NONE,NONE
189,1,3,2026-06-29T00:00:00.000Z,NONE,NONE
190,1,3,2026-06-29T00:00:00.000Z,NONE,NONE
203,1,3,2026-06-29T00:00:00.000Z,NONE,NONE
204,1,3,2026-06-29T00:00:00.000Z,NONE,NONE
208,1,3,2026-06-29T00:00:00.000Z,NONE,NONE
212,1,3,2026-06-29T00:00:00.000Z,NONE,NONE
219,1,3,2026-06-29T00:00:00.000Z,NONE,NONE
223,1,3,2026-06-29T00:00:00.000Z,NONE,NONE
225,1,3,2026-06-29T00:00:00.000Z,NONE,NONE
228,1,3,2026-06-29T00:00:00.000Z,NONE,NONE
229,1,3,2026-06-29T00:00:00.000Z,NONE,NONE
240,1,3,2026-06-29T00:00:00.000Z,NONE,NONE
242,1,3,2026-06-29T00:00:00.000Z,NONE,NONE
244,1,3,2026-06-29T00:00:00.000Z,NONE,NONE
255,1,3,2026-06-29T00:00:00.000Z,NONE,NONE
259,1,3,2026-06-29T00:00:00.000Z,NONE,NONE
262,1,3,2026-06-29T00:00:00.000Z,NONE,NONE
265,1,3,2026-06-29T00:00:00.000Z,NONE,NONE
274,1,3,2026-06-29T00:00:00.000Z,NONE,NONE
287,1,3,2026-06-29T00:00:00.000Z,NONE,NONE
288,1,3,2026-06-29T00:00:00.000Z,NONE,NONE
299,1,3,2026-06-29T00:00:00.000Z,NONE,NONE
302,1,3,2026-06-29T00:00:00.000Z,NONE,NONE
319,1,3,2026-06-29T00:00:00.000Z,NONE,NONE
323,1,3,2026-06-29T00:00:00.000Z,NONE,NONE
338,1,3,2026-06-29T00:00:00.000Z,NONE,NONE
344,1,3,2026-06-29T00:00:00.000Z,NONE,NONE
354,1,3,2026-06-29T00:00:00.000Z,NONE,NONE
373,1,3,2026-06-29T00:00:00.000Z,NONE,NONE
393,1,3,2026-06-29T00:00:00.000Z,NONE,NONE
418,1,3,2026-06-29T00:00:00.000Z,NONE,NONE
429,1,3,2026-06-29T00:00:00.000Z,NONE,NONE
436,1,3,2026-06-29T00:00:00.000Z,NONE,NONE
437,1,3,2026-06-29T00:00:00.000Z,NONE,NONE
445,1,3,2026-06-29T00:00:00.000Z,NONE,NONE
464,1,3,2026-06-29T00:00:00.000Z,NONE,NONE
470,1,3,2026-06-29T00:00:00.000Z,NONE,NONE
481,1,3,2026-06-29T00:00:00.000Z,NONE,NONE
485,1,3,2026-06-29T00:00:00.000Z,NONE,NONE
494,1,3,2026-06-29T00:00:00.000Z,NONE,NONE
498,1,3,2026-06-29T00:00:00.000Z,NONE,NONE
504,1,3,2026-06-29T00:00:00.000Z,NONE,NONE
506,1,3,2026-06-29T00:00:00.000Z,NONE,NONE
514,1,3,2026-06-29T00:00:00.000Z,NONE,NONE
537,1,3,2026-06-29T00:00:00.000Z,NONE,NONE
574,1,3,2026-06-29T00:00:00.000Z,NONE,NONE
592,1,3,2026-06-29T00:00:00.000Z,NONE,NONE
598,1,3,2026-06-29T00:00:00.000Z,NONE,NONE
606,1,3,2026-06-29T00:00:00.000Z,NONE,NONE
607,1,3,2026-06-29T00:00:00.000Z,NONE,NONE
612,1,3,2026-06-29T00:00:00.000Z,NONE,NONE
618,1,3,2026-06-29T00:00:00.000Z,NONE,NONE
625,1,3,2026-06-29T00:00:00.000Z,NONE,NONE
661,1,3,2026-06-29T00:00:00.000Z,NONE,NONE
662,1,3,2026-06-29T00:00:00.000Z,NONE,NONE
670,1,3,2026-06-29T00:00:00.000Z,NONE,NONE
676,1,3,2026-06-29T00:00:00.000Z,NONE,NONE
684,1,3,2026-06-29T00:00:00.000Z,NONE,NONE
695,1,3,2026-06-29T00:00:00.000Z,NONE,NONE
709,1,3,2026-06-29T00:00:00.000Z,NONE,NONE
721,1,3,2026-06-29T00:00:00.000Z,NONE,NONE
722,1,3,2026-06-29T00:00:00.000Z,NONE,NONE
730,1,3,2026-06-29T00:00:00.000Z,NONE,NONE
732,1,3,2026-06-29T00:00:00.000Z,NONE,NONE
733,1,3,2026-06-29T00:00:00.000Z,NONE,NONE
737,1,3,2026-06-29T00:00:00.000Z,NONE,NONE
739,1,3,2026-06-29T00:00:00.000Z,NONE,NONE
740,1,3,2026-06-29T00:00:00.000Z,NONE,NONE
743,1,3,2026-06-29T00:00:00.000Z,NONE,NONE
746,1,3,2026-06-29T00:00:00.000Z,NONE,NONE
749,1,3,2026-06-29T00:00:00.000Z,NONE,NONE
758,1,3,2026-06-29T00:00:00.000Z,NONE,NONE
764,1,3,2026-06-29T00:00:00.000Z,NONE,NONE
769,1,3,2026-06-29T00:00:00.000Z,NONE,NONE
772,1,3,2026-06-29T00:00:00.000Z,NONE,NONE
776,1,3,2026-06-29T00:00:00.000Z,NONE,NONE
778,1,3,2026-06-29T00:00:00.000Z,NONE,NONE
784,1,3,2026-06-29T00:00:00.000Z,NONE,NONE
787,1,3,2026-06-29T00:00:00.000Z,NONE,NONE
789,1,3,2026-06-29T00:00:00.000Z,NONE,NONE
790,1,3,2026-06-29T00:00:00.000Z,NONE,NONE
791,1,3,2026-06-29T00:00:00.000Z,NONE,NONE
796,1,3,2026-06-29T00:00:00.000Z,NONE,NONE
800,1,3,2026-06-29T00:00:00.000Z,NONE,NONE
802,1,3,2026-06-29T00:00:00.000Z,NONE,NONE
819,1,3,2026-06-29T00:00:00.000Z,NONE,NONE
832,1,3,2026-06-29T00:00:00.000Z,NONE,NONE
833,1,3,2026-06-29T00:00:00.000Z,NONE,NONE
841,1,3,2026-06-29T00:00:00.000Z,NONE,NONE
845,1,3,2026-06-29T00:00:00.000Z,NONE,NONE
847,1,3,2026-06-29T00:00:00.000Z,NONE,NONE
858,1,3,2026-06-29T00:00:00.000Z,NONE,NONE
863,1,3,2026-06-29T00:00:00.000Z,NONE,NONE
865,1,3,2026-06-29T00:00:00.000Z,NONE,NONE
874,1,3,2026-06-29T00:00:00.000Z,NONE,NONE
875,1,3,2026-06-29T00:00:00.000Z,NONE,NONE
878,1,3,2026-06-29T00:00:00.000Z,NONE,NONE
893,1,3,2026-06-29T00:00:00.000Z,NONE,NONE
900,1,3,2026-06-29T00:00:00.000Z,NONE,NONE
906,1,3,2026-06-29T00:00:00.000Z,NONE,NONE
913,1,3,2026-06-29T00:00:00.000Z,NONE,NONE
915,1,3,2026-06-29T00:00:00.000Z,NONE,NONE
918,1,3,2026-06-29T00:00:00.000Z,NONE,NONE
919,1,3,2026-06-29T00:00:00.000Z,NONE,NONE
920,1,3,2026-06-29T00:00:00.000Z,NONE,NONE
924,1,3,2026-06-29T00:00:00.000Z,NONE,NONE
928,1,3,2026-06-29T00:00:00.000Z,NONE,NONE
929,1,3,2026-06-29T00:00:00.000Z,NONE,NONE
930,1,3,2026-06-29T00:00:00.000Z,NONE,NONE
931,1,3,2026-06-29T00:00:00.000Z,NONE,NONE
933,1,3,2026-06-29T00:00:00.000Z,NONE,NONE
936,1,3,2026-06-29T00:00:00.000Z,NONE,NONE
940,1,3,2026-06-29T00:00:00.000Z,NONE,NONE
944,1,3,2026-06-29T00:00:00.000Z,NONE,NONE
948,1,3,2026-06-29T00:00:00.000Z,NONE,NONE
951,1,3,2026-06-29T00:00:00.000Z,NONE,NONE
952,1,3,2026-06-29T00:00:00.000Z,NONE,NONE
953,1,3,2026-06-29T00:00:00.000Z,NONE,NONE
955,1,3,2026-06-29T00:00:00.000Z,NONE,NONE
956,1,3,2026-06-29T00:00:00.000Z,NONE,NONE
959,1,3,2026-06-29T00:00:00.000Z,NONE,NONE
968,1,3,2026-06-29T00:00:00.000Z,NONE,NONE
969,1,3,2026-06-29T00:00:00.000Z,NONE,NONE
972,1,3,2026-06-29T00:00:00.000Z,NONE,NONE
978,1,3,2026-06-29T00:00:00.000Z,NONE,NONE
985,1,3,2026-06-29T00:00:00.000Z,NONE,NONE
986,1,3,2026-06-29T00:00:00.000Z,NONE,NONE
990,1,3,2026-06-29T00:00:00.000Z,NONE,NONE
995,1,3,2026-06-29T00:00:00.000Z,NONE,NONE
1001,1,3,2026-06-29T00:00:00.000Z,NONE,NONE
1005,1,3,2026-06-29T00:00:00.000Z,NONE,NONE
1007,1,3,2026-06-29T00:00:00.000Z,NONE,NONE
1008,1,3,2026-06-29T00:00:00.000Z,NONE,NONE
1009,1,3,2026-06-29T00:00:00.000Z,NONE,NONE
1011,1,3,2026-06-29T00:00:00.000Z,NONE,NONE
1014,1,3,2026-06-29T00:00:00.000Z,NONE,NONE
1017,1,3,2026-06-29T00:00:00.000Z,NONE,NONE
1025,1,3,2026-06-29T00:00:00.000Z,NONE,NONE
1029,1,3,2026-06-29T00:00:00.000Z,NONE,NONE
1035,1,3,2026-06-29T00:00:00.000Z,NONE,NONE
1037,1,3,2026-06-29T00:00:00.000Z,NONE,NONE
1039,1,3,2026-06-29T00:00:00.000Z,NONE,NONE
1040,1,3,2026-06-29T00:00:00.000Z,NONE,NONE
1043,1,3,2026-06-29T00:00:00.000Z,NONE,NONE
1056,1,3,2026-06-29T00:00:00.000Z,NONE,NONE
1057,1,3,2026-06-29T00:00:00.000Z,NONE,NONE
1061,1,3,2026-06-29T00:00:00.000Z,NONE,NONE
1067,1,3,2026-06-29T00:00:00.000Z,NONE,NONE
1073,1,3,2026-06-29T00:00:00.000Z,NONE,NONE
1082,1,3,2026-06-29T00:00:00.000Z,NONE,NONE
1087,1,3,2026-06-29T00:00:00.000Z,NONE,NONE
1089,1,3,2026-06-29T00:00:00.000Z,NONE,NONE
1093,1,3,2026-06-29T00:00:00.000Z,NONE,NONE
1095,1,3,2026-06-29T00:00:00.000Z,NONE,NONE
1115,1,3,2026-06-29T00:00:00.000Z,NONE,NONE
1122,1,3,2026-06-29T00:00:00.000Z,NONE,NONE
1132,1,3,2026-06-29T00:00:00.000Z,NONE,NONE
1144,1,3,2026-06-29T00:00:00.000Z,NONE,NONE
1155,1,3,2026-06-29T00:00:00.000Z,NONE,NONE
1158,1,3,2026-06-29T00:00:00.000Z,NONE,NONE
1179,1,3,2026-06-29T00:00:00.000Z,NONE,NONE
1184,1,3,2026-06-29T00:00:00.000Z,NONE,NONE
1193,1,3,2026-06-29T00:00:00.000Z,NONE,NONE
1198,1,3,2026-06-29T00:00:00.000Z,NONE,NONE
1204,1,3,2026-06-29T00:00:00.000Z,NONE,NONE
1221,1,3,2026-06-29T00:00:00.000Z,NONE,NONE
1226,1,3,2026-06-29T00:00:00.000Z,NONE,NONE
1232,1,3,2026-06-29T00:00:00.000Z,NONE,NONE
1236,1,3,2026-06-29T00:00:00.000Z,NONE,NONE
1241,1,3,2026-06-29T00:00:00.000Z,NONE,NONE
1245,1,3,2026-06-29T00:00:00.000Z,NONE,NONE
1251,1,3,2026-06-29T00:00:00.000Z,NONE,NONE
1253,1,3,2026-06-29T00:00:00.000Z,NONE,NONE
1259,1,3,2026-06-29T00:00:00.000Z,NONE,NONE
1263,1,3,2026-06-29T00:00:00.000Z,NONE,NONE
1265,1,3,2026-06-29T00:00:00.000Z,NONE,NONE
1271,1,3,2026-06-29T00:00:00.000Z,NONE,NONE
1280,1,3,2026-06-29T00:00:00.000Z,NONE,NONE
1283,1,3,2026-06-29T00:00:00.000Z,NONE,NONE
1291,1,3,2026-06-29T00:00:00.000Z,NONE,NONE
1293,1,3,2026-06-29T00:00:00.000Z,NONE,NONE
1305,1,3,2026-06-29T00:00:00.000Z,NONE,NONE
1313,1,3,2026-06-29T00:00:00.000Z,NONE,NONE
1314,1,3,2026-06-29T00:00:00.000Z,NONE,NONE
1338,1,3,2026-06-29T00:00:00.000Z,NONE,NONE
1342,1,3,2026-06-29T00:00:00.000Z,NONE,NONE
1343,1,3,2026-06-29T00:00:00.000Z,NONE,NONE
1344,1,3,2026-06-29T00:00:00.000Z,NONE,NONE
1356,1,3,2026-06-29T00:00:00.000Z,NONE,NONE
1358,1,3,2026-06-29T00:00:00.000Z,NONE,NONE
1369,1,3,2026-06-29T00:00:00.000Z,NONE,NONE
1374,1,3,2026-06-29T00:00:00.000Z,NONE,NONE
1375,1,3,2026-06-29T00:00:00.000Z,NONE,NONE
1378,1,3,2026-06-29T00:00:00.000Z,NONE,NONE
1380,1,3,2026-06-29T00:00:00.000Z,NONE,NONE
1388,1,3,2026-06-29T00:00:00.000Z,NONE,NONE
1403,1,3,2026-06-29T00:00:00.000Z,NONE,NONE
1405,1,3,2026-06-29T00:00:00.000Z,NONE,NONE
1413,1,3,2026-06-29T00:00:00.000Z,NONE,NONE
1423,1,3,2026-06-29T00:00:00.000Z,NONE,NONE
1429,1,3,2026-06-29T00:00:00.000Z,NONE,NONE
1431,1,3,2026-06-29T00:00:00.000Z,NONE,NONE
1436,1,3,2026-06-29T00:00:00.000Z,NONE,NONE
1458,1,3,2026-06-29T00:00:00.000Z,NONE,NONE
1461,1,3,2026-06-29T00:00:00.000Z,NONE,NONE
1468,1,3,2026-06-29T00:00:00.000Z,NONE,NONE
1469,1,3,2026-06-29T00:00:00.000Z,NONE,NONE
1480,1,3,2026-06-29T00:00:00.000Z,NONE,NONE
1482,1,3,2026-06-29T00:00:00.000Z,NONE,NONE
1488,1,3,2026-06-29T00:00:00.000Z,NONE,NONE
1490,1,3,2026-06-29T00:00:00.000Z,NONE,NONE
1492,1,3,2026-06-29T00:00:00.000Z,NONE,NONE
1500,1,3,2026-06-29T00:00:00.000Z,NONE,NONE
1501,1,3,2026-06-29T00:00:00.000Z,NONE,NONE
1515,1,3,2026-06-29T00:00:00.000Z,NONE,NONE
1517,1,3,2026-06-29T00:00:00.000Z,NONE,NONE
1522,1,3,2026-06-29T00:00:00.000Z,NONE,NONE
1525,1,3,2026-06-29T00:00:00.000Z,NONE,NONE
1529,1,3,2026-06-29T00:00:00.000Z,NONE,NONE
1533,1,3,2026-06-29T00:00:00.000Z,NONE,NONE
1549,1,3,2026-06-29T00:00:00.000Z,NONE,NONE
1560,1,3,2026-06-29T00:00:00.000Z,NONE,NONE
1590,1,3,2026-06-29T00:00:00.000Z,NONE,NONE
1602,1,3,2026-06-29T00:00:00.000Z,NONE,NONE
1610,1,3,2026-06-29T00:00:00.000Z,NONE,NONE
1620,1,3,2026-06-29T00:00:00.000Z,NONE,NONE
1625,1,3,2026-06-29T00:00:00.000Z,NONE,NONE
1634,1,3,2026-06-29T00:00:00.000Z,NONE,NONE
1669,1,3,2026-06-29T00:00:00.000Z,NONE,NONE
1672,1,3,2026-06-29T00:00:00.000Z,NONE,NONE
1687,1,3,2026-06-29T00:00:00.000Z,NONE,NONE
1695,1,3,2026-06-29T00:00:00.000Z,NONE,NONE
1713,1,3,2026-06-29T00:00:00.000Z,NONE,NONE
1729,1,3,2026-06-29T00:00:00.000Z,NONE,NONE
1741,1,3,2026-06-29T00:00:00.000Z,NONE,NONE
1743,1,3,2026-06-29T00:00:00.000Z,NONE,NONE
1753,1,3,2026-06-29T00:00:00.000Z,NONE,NONE
1755,1,3,2026-06-29T00:00:00.000Z,NONE,NONE
1756,1,3,2026-06-29T00:00:00.000Z,NONE,NONE
1758,1,3,2026-06-29T00:00:00.000Z,NONE,NONE
1759,1,3,2026-06-29T00:00:00.000Z,NONE,NONE
1766,1,3,2026-06-29T00:00:00.000Z,NONE,NONE
1784,1,3,2026-06-29T00:00:00.000Z,NONE,NONE
1791,1,3,2026-06-29T00:00:00.000Z,NONE,NONE
1794,1,3,2026-06-29T00:00:00.000Z,NONE,NONE
1796,1,3,2026-06-29T00:00:00.000Z,NONE,NONE
1800,1,3,2026-06-29T00:00:00.000Z,NONE,NONE
1816,1,3,2026-06-29T00:00:00.000Z,NONE,NONE
1829,1,3,2026-06-29T00:00:00.000Z,NONE,NONE
1834,1,3,2026-06-29T00:00:00.000Z,NONE,NONE
1835,1,3,2026-06-29T00:00:00.000Z,NONE,NONE
1869,1,3,2026-06-29T00:00:00.000Z,NONE,NONE
1892,1,3,2026-06-29T00:00:00.000Z,NONE,NONE
1894,1,3,2026-06-29T00:00:00.000Z,NONE,NONE
1899,1,3,2026-06-29T00:00:00.000Z,NONE,NONE
1903,1,3,2026-06-29T00:00:00.000Z,NONE,NONE
1904,1,3,2026-06-29T00:00:00.000Z,NONE,NONE
1905,1,3,2026-06-29T00:00:00.000Z,NONE,NONE
1916,1,3,2026-06-29T00:00:00.000Z,NONE,NONE
1927,1,3,2026-06-29T00:00:00.000Z,NONE,NONE
1934,1,3,2026-06-29T00:00:00.000Z,NONE,NONE
1938,1,3,2026-06-29T00:00:00.000Z,NONE,NONE
1944,1,3,2026-06-29T00:00:00.000Z,NONE,NONE
1951,1,3,2026-06-29T00:00:00.000Z,NONE,NONE
1952,1,3,2026-06-29T00:00:00.000Z,NONE,NONE
1954,1,3,2026-06-29T00:00:00.000Z,NONE,NONE
1990,1,3,2026-06-29T00:00:00.000Z,NONE,NONE
2011,1,3,2026-06-29T00:00:00.000Z,NONE,NONE
2013,1,3,2026-06-29T00:00:00.000Z,NONE,NONE
2020,1,3,2026-06-29T00:00:00.000Z,NONE,NONE
2022,1,3,2026-06-29T00:00:00.000Z,NONE,NONE
2030,1,3,2026-06-29T00:00:00.000Z,NONE,NONE
2046,1,3,2026-06-29T00:00:00.000Z,NONE,NONE
2058,1,3,2026-06-29T00:00:00.000Z,NONE,NONE
2068,1,3,2026-06-29T00:00:00.000Z,NONE,NONE
2073,1,3,2026-06-29T00:00:00.000Z,NONE,NONE
2108,1,3,2026-06-29T00:00:00.000Z,NONE,NONE
2126,1,3,2026-06-29T00:00:00.000Z,NONE,NONE
2169,1,3,2026-06-29T00:00:00.000Z,NONE,NONE
2172,1,3,2026-06-29T00:00:00.000Z,NONE,NONE
2174,1,3,2026-06-29T00:00:00.000Z,NONE,NONE
2180,1,3,2026-06-29T00:00:00.000Z,NONE,NONE
2186,1,3,2026-06-29T00:00:00.000Z,NONE,NONE
2214,1,3,2026-06-29T00:00:00.000Z,NONE,NONE
2223,1,3,2026-06-29T00:00:00.000Z,NONE,NONE
2227,1,3,2026-06-29T00:00:00.000Z,NONE,NONE
2234,1,3,2026-06-29T00:00:00.000Z,NONE,NONE
2237,1,3,2026-06-29T00:00:00.000Z,NONE,NONE
2247,1,3,2026-06-29T00:00:00.000Z,NONE,NONE
2256,1,3,2026-06-29T00:00:00.000Z,NONE,NONE
2257,1,3,2026-06-29T00:00:00.000Z,NONE,NONE
2263,1,3,2026-06-29T00:00:00.000Z,NONE,NONE
2266,1,3,2026-06-29T00:00:00.000Z,NONE,NONE
2283,1,3,2026-06-29T00:00:00.000Z,NONE,NONE
2288,1,3,2026-06-29T00:00:00.000Z,NONE,NONE
2301,1,3,2026-06-29T00:00:00.000Z,NONE,NONE
2305,1,3,2026-06-29T00:00:00.000Z,NONE,NONE
2324,1,3,2026-06-29T00:00:00.000Z,NONE,NONE
2326,1,3,2026-06-29T00:00:00.000Z,NONE,NONE
2330,1,3,2026-06-29T00:00:00.000Z,NONE,NONE
2334,1,3,2026-06-29T00:00:00.000Z,NONE,NONE
2351,1,3,2026-06-29T00:00:00.000Z,NONE,NONE
2382,1,3,2026-06-29T00:00:00.000Z,NONE,NONE
2391,1,3,2026-06-29T00:00:00.000Z,NONE,NONE
2430,1,3,2026-06-29T00:00:00.000Z,NONE,NONE
2442,1,3,2026-06-29T00:00:00.000Z,NONE,NONE
2451,1,3,2026-06-29T00:00:00.000Z,NONE,NONE
2454,1,3,2026-06-29T00:00:00.000Z,NONE,NONE
2463,1,3,2026-06-29T00:00:00.000Z,NONE,NONE
2476,1,3,2026-06-29T00:00:00.000Z,NONE,NONE
2480,1,3,2026-06-29T00:00:00.000Z,NONE,NONE
2518,1,3,2026-06-29T00:00:00.000Z,NONE,NONE
2519,1,3,2026-06-29T00:00:00.000Z,NONE,NONE
2524,1,3,2026-06-29T00:00:00.000Z,NONE,NONE
2528,1,3,2026-06-29T00:00:00.000Z,NONE,NONE
2540,1,3,2026-06-29T00:00:00.000Z,NONE,NONE
2548,1,3,2026-06-29T00:00:00.000Z,NONE,NONE
2553,1,3,2026-06-29T00:00:00.000Z,NONE,NONE
2572,1,3,2026-06-29T00:00:00.000Z,NONE,NONE
2577,1,3,2026-06-29T00:00:00.000Z,NONE,NONE
2586,1,3,2026-06-29T00:00:00.000Z,NONE,NONE
2591,1,3,2026-06-29T00:00:00.000Z,NONE,NONE
2597,1,3,2026-06-29T00:00:00.000Z,NONE,NONE
2602,1,3,2026-06-29T00:00:00.000Z,NONE,NONE
2608,1,3,2026-06-29T00:00:00.000Z,NONE,NONE
2616,1,3,2026-06-29T00:00:00.000Z,NONE,NONE
2618,1,3,2026-06-29T00:00:00.000Z,NONE,NONE
2621,1,3,2026-06-29T00:00:00.000Z,NONE,NONE
2622,1,3,2026-06-29T00:00:00.000Z,NONE,NONE
2631,1,3,2026-06-29T00:00:00.000Z,NONE,NONE
2649,1,3,2026-06-29T00:00:00.000Z,NONE,NONE
2650,1,3,2026-06-29T00:00:00.000Z,NONE,NONE
2654,1,3,2026-06-29T00:00:00.000Z,NONE,NONE
2664,1,3,2026-06-29T00:00:00.000Z,NONE,NONE
2671,1,3,2026-06-29T00:00:00.000Z,NONE,NONE
2686,1,3,2026-06-29T00:00:00.000Z,NONE,NONE
2695,1,3,2026-06-29T00:00:00.000Z,NONE,NONE
2701,1,3,2026-06-29T00:00:00.000Z,NONE,NONE
2710,1,3,2026-06-29T00:00:00.000Z,NONE,NONE
2761,1,3,2026-06-29T00:00:00.000Z,NONE,NONE
2767,1,3,2026-06-29T00:00:00.000Z,NONE,NONE
2768,1,3,2026-06-29T00:00:00.000Z,NONE,NONE
2795,1,3,2026-06-29T00:00:00.000Z,NONE,NONE
2796,1,3,2026-06-29T00:00:00.000Z,NONE,NONE
2799,1,3,2026-06-29T00:00:00.000Z,NONE,NONE
2804,1,3,2026-06-29T00:00:00.000Z,NONE,NONE
2836,1,3,2026-06-29T00:00:00.000Z,NONE,NONE
2841,1,3,2026-06-29T00:00:00.000Z,NONE,NONE
2844,1,3,2026-06-29T00:00:00.000Z,NONE,NONE
2850,1,3,2026-06-29T00:00:00.000Z,NONE,NONE
2854,1,3,2026-06-29T00:00:00.000Z,NONE,NONE
2861,1,3,2026-06-29T00:00:00.000Z,NONE,NONE
2863,1,3,2026-06-29T00:00:00.000Z,NONE,NONE
2870,1,3,2026-06-29T00:00:00.000Z,NONE,NONE
2882,1,3,2026-06-29T00:00:00.000Z,NONE,NONE
2908,1,3,2026-06-29T00:00:00.000Z,NONE,NONE
2928,1,3,2026-06-29T00:00:00.000Z,NONE,NONE
2931,1,3,2026-06-29T00:00:00.000Z,NONE,NONE
2950,1,3,2026-06-29T00:00:00.000Z,NONE,NONE
2966,1,3,2026-06-29T00:00:00.000Z,NONE,NONE
2983,1,3,2026-06-29T00:00:00.000Z,NONE,NONE
3022,1,3,2026-06-29T00:00:00.000Z,NONE,NONE
3029,1,3,2026-06-29T00:00:00.000Z,NONE,NONE
3032,1,3,2026-06-29T00:00:00.000Z,NONE,NONE
3043,1,3,2026-06-29T00:00:00.000Z,NONE,NONE
3055,1,3,2026-06-29T00:00:00.000Z,NONE,NONE
3077,1,3,2026-06-29T00:00:00.000Z,NONE,NONE
3078,1,3,2026-06-29T00:00:00.000Z,NONE,NONE
3102,1,3,2026-06-29T00:00:00.000Z,NONE,NONE
3131,1,3,2026-06-29T00:00:00.000Z,NONE,NONE
3132,1,3,2026-06-29T00:00:00.000Z,NONE,NONE
3145,1,3,2026-06-29T00:00:00.000Z,NONE,NONE
3153,1,3,2026-06-29T00:00:00.000Z,NONE,NONE
3172,1,3,2026-06-29T00:00:00.000Z,NONE,NONE
3186,1,3,2026-06-29T00:00:00.000Z,NONE,NONE
3192,1,3,2026-06-29T00:00:00.000Z,NONE,NONE
3196,1,3,2026-06-29T00:00:00.000Z,NONE,NONE
3218,1,3,2026-06-29T00:00:00.000Z,NONE,NONE
3226,1,3,2026-06-29T00:00:00.000Z,NONE,NONE
3227,1,3,2026-06-29T00:00:00.000Z,NONE,NONE
3273,1,3,2026-06-29T00:00:00.000Z,NONE,NONE
3274,1,3,2026-06-29T00:00:00.000Z,NONE,NONE
3276,1,3,2026-06-29T00:00:00.000Z,NONE,NONE
3277,1,3,2026-06-29T00:00:00.000Z,NONE,NONE
3281,1,3,2026-06-29T00:00:00.000Z,NONE,NONE
3293,1,3,2026-06-29T00:00:00.000Z,NONE,NONE
3295,1,3,2026-06-29T00:00:00.000Z,NONE,NONE
3297,1,3,2026-06-29T00:00:00.000Z,NONE,NONE
3315,1,3,2026-06-29T00:00:00.000Z,NONE,NONE
3350,1,3,2026-06-29T00:00:00.000Z,NONE,NONE
3356,1,3,2026-06-29T00:00:00.000Z,NONE,NONE
3368,1,3,2026-06-29T00:00:00.000Z,NONE,NONE
3392,1,3,2026-06-29T00:00:00.000Z,NONE,NONE
3395,1,3,2026-06-29T00:00:00.000Z,NONE,NONE
3401,1,3,2026-06-29T00:00:00.000Z,NONE,NONE
3409,1,3,2026-06-29T00:00:00.000Z,NONE,NONE
3411,1,3,2026-06-29T00:00:00.000Z,NONE,NONE
3428,1,3,2026-06-29T00:00:00.000Z,NONE,NONE
3459,1,3,2026-06-29T00:00:00.000Z,NONE,NONE
3473,1,3,2026-06-29T00:00:00.000Z,NONE,NONE
3474,1,3,2026-06-29T00:00:00.000Z,NONE,NONE
3501,1,3,2026-06-29T00:00:00.000Z,NONE,NONE
3502,1,3,2026-06-29T00:00:00.000Z,NONE,NONE
3507,1,3,2026-06-29T00:00:00.000Z,NONE,NONE
3508,1,3,2026-06-29T00:00:00.000Z,NONE,NONE
3531,1,3,2026-06-29T00:00:00.000Z,NONE,NONE
3538,1,3,2026-06-29T00:00:00.000Z,NONE,NONE
3562,1,3,2026-06-29T00:00:00.000Z,NONE,NONE
3564,1,3,2026-06-29T00:00:00.000Z,NONE,NONE
3581,1,3,2026-06-29T00:00:00.000Z,NONE,NONE
3599,1,3,2026-06-29T00:00:00.000Z,NONE,NONE
3613,1,3,2026-06-29T00:00:00.000Z,NONE,NONE
3627,1,3,2026-06-29T00:00:00.000Z,NONE,NONE
3638,1,3,2026-06-29T00:00:00.000Z,NONE,NONE
3683,1,3,2026-06-29T00:00:00.000Z,NONE,NONE
3686,1,3,2026-06-29T00:00:00.000Z,NONE,NONE
3691,1,3,2026-06-29T00:00:00.000Z,NONE,NONE
3709,1,3,2026-06-29T00:00:00.000Z,NONE,NONE
3715,1,3,2026-06-29T00:00:00.000Z,NONE,NONE
3719,1,3,2026-06-29T00:00:00.000Z,NONE,NONE
3743,1,3,2026-06-29T00:00:00.000Z,NONE,NONE
3747,1,3,2026-06-29T00:00:00.000Z,NONE,NONE
3757,1,3,2026-06-29T00:00:00.000Z,NONE,NONE
3762,1,3,2026-06-29T00:00:00.000Z,NONE,NONE
3766,1,3,2026-06-29T00:00:00.000Z,NONE,NONE
3802,1,3,2026-06-29T00:00:00.000Z,NONE,NONE
3803,1,3,2026-06-29T00:00:00.000Z,NONE,NONE
3827,1,3,2026-06-29T00:00:00.000Z,NONE,NONE
3833,1,3,2026-06-29T00:00:00.000Z,NONE,NONE
3836,1,3,2026-06-29T00:00:00.000Z,NONE,NONE
3843,1,3,2026-06-29T00:00:00.000Z,NONE,NONE
3875,1,3,2026-06-29T00:00:00.000Z,NONE,NONE
3878,1,3,2026-06-29T00:00:00.000Z,NONE,NONE
3905,1,3,2026-06-29T00:00:00.000Z,NONE,NONE
3918,1,3,2026-06-29T00:00:00.000Z,NONE,NONE
3920,1,3,2026-06-29T00:00:00.000Z,NONE,NONE
3941,1,3,2026-06-29T00:00:00.000Z,NONE,NONE
3954,1,3,2026-06-29T00:00:00.000Z,NONE,NONE
3973,1,3,2026-06-29T00:00:00.000Z,NONE,NONE
4035,1,3,2026-06-29T00:00:00.000Z,NONE,NONE
4047,1,3,2026-06-29T00:00:00.000Z,NONE,NONE
4053,1,3,2026-06-29T00:00:00.000Z,NONE,NONE
4055,1,3,2026-06-29T00:00:00.000Z,NONE,NONE
4066,1,3,2026-06-29T00:00:00.000Z,NONE,NONE
4087,1,3,2026-06-29T00:00:00.000Z,NONE,NONE
4100,1,3,2026-06-29T00:00:00.000Z,NONE,NONE
4103,1,3,2026-06-29T00:00:00.000Z,NONE,NONE
4141,1,3,2026-06-29T00:00:00.000Z,NONE,NONE
4162,1,3,2026-06-29T00:00:00.000Z,NONE,NONE
4184,1,3,2026-06-29T00:00:00.000Z,NONE,NONE
4217,1,3,2026-06-29T00:00:00.000Z,NONE,NONE
4221,1,3,2026-06-29T00:00:00.000Z,NONE,NONE
4256,1,3,2026-06-29T00:00:00.000Z,NONE,NONE
4279,1,3,2026-06-29T00:00:00.000Z,NONE,NONE
4319,1,3,2026-06-29T00:00:00.000Z,NONE,NONE
4323,1,3,2026-06-29T00:00:00.000Z,NONE,NONE
4324,1,3,2026-06-29T00:00:00.000Z,NONE,NONE
4353,1,3,2026-06-29T00:00:00.000Z,NONE,NONE
4354,1,3,2026-06-29T00:00:00.000Z,NONE,NONE
4403,1,3,2026-06-29T00:00:00.000Z,NONE,NONE
4425,1,3,2026-06-29T00:00:00.000Z,NONE,NONE
4441,1,3,2026-06-29T00:00:00.000Z,NONE,NONE
4491,1,3,2026-06-29T00:00:00.000Z,NONE,NONE
4504,1,3,2026-06-29T00:00:00.000Z,NONE,NONE
4505,1,3,2026-06-29T00:00:00.000Z,NONE,NONE
4512,1,3,2026-06-29T00:00:00.000Z,NONE,NONE
4518,1,3,2026-06-29T00:00:00.000Z,NONE,NONE
4519,1,3,2026-06-29T00:00:00.000Z,NONE,NONE
4533,1,3,2026-06-29T00:00:00.000Z,NONE,NONE
4541,1,3,2026-06-29T00:00:00.000Z,NONE,NONE
4544,1,3,2026-06-29T00:00:00.000Z,NONE,NONE
4550,1,3,2026-06-29T00:00:00.000Z,NONE,NONE
4566,1,3,2026-06-29T00:00:00.000Z,NONE,NONE
4570,1,3,2026-06-29T00:00:00.000Z,NONE,NONE
4578,1,3,2026-06-29T00:00:00.000Z,NONE,NONE
4582,1,3,2026-06-29T00:00:00.000Z,NONE,NONE
4592,1,3,2026-06-29T00:00:00.000Z,NONE,NONE
4594,1,3,2026-06-29T00:00:00.000Z,NONE,NONE
4612,1,3,2026-06-29T00:00:00.000Z,NONE,NONE
4629,1,3,2026-06-29T00:00:00.000Z,NONE,NONE
4635,1,3,2026-06-29T00:00:00.000Z,NONE,NONE
4639,1,3,2026-06-29T00:00:00.000Z,NONE,NONE
4640,1,3,2026-06-29T00:00:00.000Z,NONE,NONE
4642,1,3,2026-06-29T00:00:00.000Z,NONE,NONE
4643,1,3,2026-06-29T00:00:00.000Z,NONE,NONE
4660,1,3,2026-06-29T00:00:00.000Z,NONE,NONE
4694,1,3,2026-06-29T00:00:00.000Z,NONE,NONE
4702,1,3,2026-06-29T00:00:00.000Z,NONE,NONE
4718,1,3,2026-06-29T00:00:00.000Z,NONE,NONE
4739,1,3,2026-06-29T00:00:00.000Z,NONE,NONE
4740,1,3,2026-06-29T00:00:00.000Z,NONE,NONE
4743,1,3,2026-06-29T00:00:00.000Z,NONE,NONE
4775,1,3,2026-06-29T00:00:00.000Z,NONE,NONE
4781,1,3,2026-06-29T00:00:00.000Z,NONE,NONE
4788,1,3,2026-06-29T00:00:00.000Z,NONE,NONE
4790,1,3,2026-06-29T00:00:00.000Z,NONE,NONE
4813,1,3,2026-06-29T00:00:00.000Z,NONE,NONE
4819,1,3,2026-06-29T00:00:00.000Z,NONE,NONE
4823,1,3,2026-06-29T00:00:00.000Z,NONE,NONE
4835,1,3,2026-06-29T00:00:00.000Z,NONE,NONE
4861,1,3,2026-06-29T00:00:00.000Z,NONE,NONE
4863,1,3,2026-06-29T00:00:00.000Z,NONE,NONE
4871,1,3,2026-06-29T00:00:00.000Z,NONE,NONE
4892,1,3,2026-06-29T00:00:00.000Z,NONE,NONE
4909,1,3,2026-06-29T00:00:00.000Z,NONE,NONE
4922,1,3,2026-06-29T00:00:00.000Z,NONE,NONE
4940,1,3,2026-06-29T00:00:00.000Z,NONE,NONE
4942,1,3,2026-06-29T00:00:00.000Z,NONE,NONE
4946,1,3,2026-06-29T00:00:00.000Z,NONE,NONE
4964,1,3,2026-06-29T00:00:00.000Z,NONE,NONE
4973,1,3,2026-06-29T00:00:00.000Z,NONE,NONE
4987,1,3,2026-06-29T00:00:00.000Z,NONE,NONE
4989,1,3,2026-06-29T00:00:00.000Z,NONE,NONE
5031,1,3,2026-06-29T00:00:00.000Z,NONE,NONE
5035,1,3,2026-06-29T00:00:00.000Z,NONE,NONE
5043,1,3,2026-06-29T00:00:00.000Z,NONE,NONE
5053,1,3,2026-06-29T00:00:00.000Z,NONE,NONE
5054,1,3,2026-06-29T00:00:00.000Z,NONE,NONE
5058,1,3,2026-06-29T00:00:00.000Z,NONE,NONE
5060,1,3,2026-06-29T00:00:00.000Z,NONE,NONE
5062,1,3,2026-06-29T00:00:00.000Z,NONE,NONE
5069,1,3,2026-06-29T00:00:00.000Z,NONE,NONE
5090,1,3,2026-06-29T00:00:00.000Z,NONE,NONE
5139,1,3,2026-06-29T00:00:00.000Z,NONE,NONE
5144,1,3,2026-06-29T00:00:00.000Z,NONE,NONE
5148,1,3,2026-06-29T00:00:00.000Z,NONE,NONE
5182,1,3,2026-06-29T00:00:00.000Z,NONE,NONE
5192,1,3,2026-06-29T00:00:00.000Z,NONE,NONE
5205,1,3,2026-06-29T00:00:00.000Z,NONE,NONE
5234,1,3,2026-06-29T00:00:00.000Z,NONE,NONE
5245,1,3,2026-06-29T00:00:00.000Z,NONE,NONE
5247,1,3,2026-06-29T00:00:00.000Z,NONE,NONE
5248,1,3,2026-06-29T00:00:00.000Z,NONE,NONE
5251,1,3,2026-06-29T00:00:00.000Z,NONE,NONE
5256,1,3,2026-06-29T00:00:00.000Z,NONE,NONE
5257,1,3,2026-06-29T00:00:00.000Z,NONE,NONE
5262,1,3,2026-06-29T00:00:00.000Z,NONE,NONE
5263,1,3,2026-06-29T00:00:00.000Z,NONE,NONE
5267,1,3,2026-06-29T00:00:00.000Z,NONE,NONE
5269,1,3,2026-06-29T00:00:00.000Z,NONE,NONE
5271,1,3,2026-06-29T00:00:00.000Z,NONE,NONE
5275,1,3,2026-06-29T00:00:00.000Z,NONE,NONE
5276,1,3,2026-06-29T00:00:00.000Z,NONE,NONE
5277,1,3,2026-06-29T00:00:00.000Z,NONE,NONE
5281,1,3,2026-06-29T00:00:00.000Z,NONE,NONE
5282,1,3,2026-06-29T00:00:00.000Z,NONE,NONE
5285,1,3,2026-06-29T00:00:00.000Z,NONE,NONE
5286,1,3,2026-06-29T00:00:00.000Z,NONE,NONE
5288,1,3,2026-06-29T00:00:00.000Z,NONE,NONE
5289,1,3,2026-06-29T00:00:00.000Z,NONE,NONE
5290,1,3,2026-06-29T00:00:00.000Z,NONE,NONE
5293,1,3,2026-06-29T00:00:00.000Z,NONE,NONE
5294,1,3,2026-06-29T00:00:00.000Z,NONE,NONE
5296,1,3,2026-06-29T00:00:00.000Z,NONE,NONE
5297,1,3,2026-06-29T00:00:00.000Z,NONE,NONE
5300,1,3,2026-06-29T00:00:00.000Z,NONE,NONE
5306,1,3,2026-06-29T00:00:00.000Z,NONE,NONE
5308,1,3,2026-06-29T00:00:00.000Z,NONE,NONE
5329,1,3,2026-06-29T00:00:00.000Z,NONE,NONE
5330,1,3,2026-06-29T00:00:00.000Z,NONE,NONE
5332,1,3,2026-06-29T00:00:00.000Z,NONE,NONE
5337,1,3,2026-06-29T00:00:00.000Z,NONE,NONE
5344,1,3,2026-06-29T00:00:00.000Z,NONE,NONE
5345,1,3,2026-06-29T00:00:00.000Z,NONE,NONE
5346,1,3,2026-06-29T00:00:00.000Z,NONE,NONE
5351,1,3,2026-06-29T00:00:00.000Z,NONE,NONE
5354,1,3,2026-06-29T00:00:00.000Z,NONE,NONE
5359,1,3,2026-06-29T00:00:00.000Z,NONE,NONE
5362,1,3,2026-06-29T00:00:00.000Z,NONE,NONE
5365,1,3,2026-06-29T00:00:00.000Z,NONE,NONE
5371,1,3,2026-06-29T00:00:00.000Z,NONE,NONE
5373,1,3,2026-06-29T00:00:00.000Z,NONE,NONE
5376,1,3,2026-06-29T00:00:00.000Z,NONE,NONE
5377,1,3,2026-06-29T00:00:00.000Z,NONE,NONE
5379,1,3,2026-06-29T00:00:00.000Z,NONE,NONE
5387,1,3,2026-06-29T00:00:00.000Z,NONE,NONE
5389,1,3,2026-06-29T00:00:00.000Z,NONE,NONE
5396,1,3,2026-06-29T00:00:00.000Z,NONE,NONE
5397,1,3,2026-06-29T00:00:00.000Z,NONE,NONE
5403,1,3,2026-06-29T00:00:00.000Z,NONE,NONE
5406,1,3,2026-06-29T00:00:00.000Z,NONE,NONE
5410,1,3,2026-06-29T00:00:00.000Z,NONE,NONE
5412,1,3,2026-06-29T00:00:00.000Z,NONE,NONE
5414,1,3,2026-06-29T00:00:00.000Z,NONE,NONE
5419,1,3,2026-06-29T00:00:00.000Z,NONE,NONE
5424,1,3,2026-06-29T00:00:00.000Z,NONE,NONE
5429,1,3,2026-06-29T00:00:00.000Z,NONE,NONE
5430,1,3,2026-06-29T00:00:00.000Z,NONE,NONE
5436,1,3,2026-06-29T00:00:00.000Z,NONE,NONE
5437,1,3,2026-06-29T00:00:00.000Z,NONE,NONE
5439,1,3,2026-06-29T00:00:00.000Z,NONE,NONE
5445,1,3,2026-06-29T00:00:00.000Z,NONE,NONE
5446,1,3,2026-06-29T00:00:00.000Z,NONE,NONE
5449,1,3,2026-06-29T00:00:00.000Z,NONE,NONE
5450,1,3,2026-06-29T00:00:00.000Z,NONE,NONE
5452,1,3,2026-06-29T00:00:00.000Z,NONE,NONE
5454,1,3,2026-06-29T00:00:00.000Z,NONE,NONE
5455,1,3,2026-06-29T00:00:00.000Z,NONE,NONE
5457,1,3,2026-06-29T00:00:00.000Z,NONE,NONE
5464,1,3,2026-06-29T00:00:00.000Z,NONE,NONE
5465,1,3,2026-06-29T00:00:00.000Z,NONE,NONE
5471,1,3,2026-06-29T00:00:00.000Z,NONE,NONE
5472,1,3,2026-06-29T00:00:00.000Z,NONE,NONE
5473,1,3,2026-06-29T00:00:00.000Z,NONE,NONE
5480,1,3,2026-06-29T00:00:00.000Z,NONE,NONE
5487,1,3,2026-06-29T00:00:00.000Z,NONE,NONE
5489,1,3,2026-06-29T00:00:00.000Z,NONE,NONE
5492,1,3,2026-06-29T00:00:00.000Z,NONE,NONE
5494,1,3,2026-06-29T00:00:00.000Z,NONE,NONE
5502,1,3,2026-06-29T00:00:00.000Z,NONE,NONE
5506,1,3,2026-06-29T00:00:00.000Z,NONE,NONE
5507,1,3,2026-06-29T00:00:00.000Z,NONE,NONE
5509,1,3,2026-06-29T00:00:00.000Z,NONE,NONE
5511,1,3,2026-06-29T00:00:00.000Z,NONE,NONE
5513,1,3,2026-06-29T00:00:00.000Z,NONE,NONE
5519,1,3,2026-06-29T00:00:00.000Z,NONE,NONE
5524,1,3,2026-06-29T00:00:00.000Z,NONE,NONE
5532,1,3,2026-06-29T00:00:00.000Z,NONE,NONE
5536,1,3,2026-06-29T00:00:00.000Z,NONE,NONE
5537,1,3,2026-06-29T00:00:00.000Z,NONE,NONE
5542,1,3,2026-06-29T00:00:00.000Z,NONE,NONE
5543,1,3,2026-06-29T00:00:00.000Z,NONE,NONE
5545,1,3,2026-06-29T00:00:00.000Z,NONE,NONE
5550,1,3,2026-06-29T00:00:00.000Z,NONE,NONE
5575,1,3,2026-06-29T00:00:00.000Z,NONE,NONE
5582,1,3,2026-06-29T00:00:00.000Z,NONE,NONE
5588,1,3,2026-06-29T00:00:00.000Z,NONE,NONE
5590,1,3,2026-06-29T00:00:00.000Z,NONE,NONE
5591,1,3,2026-06-29T00:00:00.000Z,NONE,NONE
5594,1,3,2026-06-29T00:00:00.000Z,NONE,NONE
5595,1,3,2026-06-29T00:00:00.000Z,NONE,NONE
5597,1,3,2026-06-29T00:00:00.000Z,NONE,NONE
5603,1,3,2026-06-29T00:00:00.000Z,NONE,NONE
5604,1,3,2026-06-29T00:00:00.000Z,NONE,NONE
5613,1,3,2026-06-29T00:00:00.000Z,NONE,NONE
5614,1,3,2026-06-29T00:00:00.000Z,NONE,NONE
5617,1,3,2026-06-29T00:00:00.000Z,NONE,NONE
5621,1,3,2026-06-29T00:00:00.000Z,NONE,NONE
5627,1,3,2026-06-29T00:00:00.000Z,NONE,NONE
5629,1,3,2026-06-29T00:00:00.000Z,NONE,NONE
5633,1,3,2026-06-29T00:00:00.000Z,NONE,NONE
5636,1,3,2026-06-29T00:00:00.000Z,NONE,NONE
5640,1,3,2026-06-29T00:00:00.000Z,NONE,NONE
5645,1,3,2026-06-29T00:00:00.000Z,NONE,NONE
5646,1,3,2026-06-29T00:00:00.000Z,NONE,NONE
5647,1,3,2026-06-29T00:00:00.000Z,NONE,NONE
5650,1,3,2026-06-29T00:00:00.000Z,NONE,NONE
5652,1,3,2026-06-29T00:00:00.000Z,NONE,NONE
5658,1,3,2026-06-29T00:00:00.000Z,NONE,NONE
5659,1,3,2026-06-29T00:00:00.000Z,NONE,NONE
5662,1,3,2026-06-29T00:00:00.000Z,NONE,NONE
5663,1,3,2026-06-29T00:00:00.000Z,NONE,NONE
5664,1,3,2026-06-29T00:00:00.000Z,NONE,NONE
5666,1,3,2026-06-29T00:00:00.000Z,NONE,NONE
5668,1,3,2026-06-29T00:00:00.000Z,NONE,NONE
5674,1,3,2026-06-29T00:00:00.000Z,NONE,NONE
5679,1,3,2026-06-29T00:00:00.000Z,NONE,NONE
5681,1,3,2026-06-29T00:00:00.000Z,NONE,NONE
5682,1,3,2026-06-29T00:00:00.000Z,NONE,NONE
5683,1,3,2026-06-29T00:00:00.000Z,NONE,NONE
5685,1,3,2026-06-29T00:00:00.000Z,NONE,NONE
5686,1,3,2026-06-29T00:00:00.000Z,NONE,NONE
5693,1,3,2026-06-29T00:00:00.000Z,NONE,NONE
5699,1,3,2026-06-29T00:00:00.000Z,NONE,NONE
5700,1,3,2026-06-29T00:00:00.000Z,NONE,NONE
5705,1,3,2026-06-29T00:00:00.000Z,NONE,NONE
5707,1,3,2026-06-29T00:00:00.000Z,NONE,NONE
5713,1,3,2026-06-29T00:00:00.000Z,NONE,NONE
5714,1,3,2026-06-29T00:00:00.000Z,NONE,NONE
5715,1,3,2026-06-29T00:00:00.000Z,NONE,NONE
5721,1,3,2026-06-29T00:00:00.000Z,NONE,NONE
5722,1,3,2026-06-29T00:00:00.000Z,NONE,NONE
5730,1,3,2026-06-29T00:00:00.000Z,NONE,NONE
5731,1,3,2026-06-29T00:00:00.000Z,NONE,NONE
5741,1,3,2026-06-29T00:00:00.000Z,NONE,NONE
5742,1,3,2026-06-29T00:00:00.000Z,NONE,NONE
5744,1,3,2026-06-29T00:00:00.000Z,NONE,NONE
5746,1,3,2026-06-29T00:00:00.000Z,NONE,NONE
5750,1,3,2026-06-29T00:00:00.000Z,NONE,NONE
5751,1,3,2026-06-29T00:00:00.000Z,NONE,NONE
5758,1,3,2026-06-29T00:00:00.000Z,NONE,NONE
5761,1,3,2026-06-29T00:00:00.000Z,NONE,NONE
5762,1,3,2026-06-29T00:00:00.000Z,NONE,NONE
5765,1,3,2026-06-29T00:00:00.000Z,NONE,NONE
5767,1,3,2026-06-29T00:00:00.000Z,NONE,NONE
5774,1,3,2026-06-29T00:00:00.000Z,NONE,NONE
5777,1,3,2026-06-29T00:00:00.000Z,NONE,NONE
5781,1,3,2026-06-29T00:00:00.000Z,NONE,NONE
5782,1,3,2026-06-29T00:00:00.000Z,NONE,NONE
5783,1,3,2026-06-29T00:00:00.000Z,NONE,NONE
5784,1,3,2026-06-29T00:00:00.000Z,NONE,NONE
5786,1,3,2026-06-29T00:00:00.000Z,NONE,NONE
5795,1,3,2026-06-29T00:00:00.000Z,NONE,NONE
5803,1,3,2026-06-29T00:00:00.000Z,NONE,NONE
5809,1,3,2026-06-29T00:00:00.000Z,NONE,NONE
5812,1,3,2026-06-29T00:00:00.000Z,NONE,NONE
5823,1,3,2026-06-29T00:00:00.000Z,NONE,NONE
5824,1,3,2026-06-29T00:00:00.000Z,NONE,NONE
5827,1,3,2026-06-29T00:00:00.000Z,NONE,NONE
5830,1,3,2026-06-29T00:00:00.000Z,NONE,NONE
5831,1,3,2026-06-29T00:00:00.000Z,NONE,NONE
5832,1,3,2026-06-29T00:00:00.000Z,NONE,NONE
5833,1,3,2026-06-29T00:00:00.000Z,NONE,NONE
5838,1,3,2026-06-29T00:00:00.000Z,NONE,NONE
5848,1,3,2026-06-29T00:00:00.000Z,NONE,NONE
5851,1,3,2026-06-29T00:00:00.000Z,NONE,NONE
5864,1,3,2026-06-29T00:00:00.000Z,NONE,NONE
5868,1,3,2026-06-29T00:00:00.000Z,NONE,NONE
5875,1,3,2026-06-29T00:00:00.000Z,NONE,NONE
5876,1,3,2026-06-29T00:00:00.000Z,NONE,NONE
5878,1,3,2026-06-29T00:00:00.000Z,NONE,NONE
5880,1,3,2026-06-29T00:00:00.000Z,NONE,NONE
5882,1,3,2026-06-29T00:00:00.000Z,NONE,NONE
5885,1,3,2026-06-29T00:00:00.000Z,NONE,NONE
5886,1,3,2026-06-29T00:00:00.000Z,NONE,NONE
5891,1,3,2026-06-29T00:00:00.000Z,NONE,NONE
5892,1,3,2026-06-29T00:00:00.000Z,NONE,NONE
5897,1,3,2026-06-29T00:00:00.000Z,NONE,NONE
5899,1,3,2026-06-29T00:00:00.000Z,NONE,NONE
5906,1,3,2026-06-29T00:00:00.000Z,NONE,NONE
5907,1,3,2026-06-29T00:00:00.000Z,NONE,NONE
5909,1,3,2026-06-29T00:00:00.000Z,NONE,NONE
5915,1,3,2026-06-29T00:00:00.000Z,NONE,NONE
5936,1,3,2026-06-29T00:00:00.000Z,NONE,NONE
5939,1,3,2026-06-29T00:00:00.000Z,NONE,NONE
5944,1,3,2026-06-29T00:00:00.000Z,NONE,NONE
5946,1,3,2026-06-29T00:00:00.000Z,NONE,NONE
5948,1,3,2026-06-29T00:00:00.000Z,NONE,NONE
5953,1,3,2026-06-29T00:00:00.000Z,NONE,NONE
5955,1,3,2026-06-29T00:00:00.000Z,NONE,NONE
5960,1,3,2026-06-29T00:00:00.000Z,NONE,NONE
5963,1,3,2026-06-29T00:00:00.000Z,NONE,NONE
5968,1,3,2026-06-29T00:00:00.000Z,NONE,NONE
5970,1,3,2026-06-29T00:00:00.000Z,NONE,NONE
5987,1,3,2026-06-29T00:00:00.000Z,NONE,NONE
5990,1,3,2026-06-29T00:00:00.000Z,NONE,NONE
5997,1,3,2026-06-29T00:00:00.000Z,NONE,NONE
5999,1,3,2026-06-29T00:00:00.000Z,NONE,NONE
6004,1,3,2026-06-29T00:00:00.000Z,NONE,NONE
6007,1,3,2026-06-29T00:00:00.000Z,NONE,NONE
6008,1,3,2026-06-29T00:00:00.000Z,NONE,NONE
6009,1,3,2026-06-29T00:00:00.000Z,NONE,NONE
6014,1,3,2026-06-29T00:00:00.000Z,NONE,NONE
6019,1,3,2026-06-29T00:00:00.000Z,NONE,NONE
6022,1,3,2026-06-29T00:00:00.000Z,NONE,NONE
6024,1,3,2026-06-29T00:00:00.000Z,NONE,NONE
6028,1,3,2026-06-29T00:00:00.000Z,NONE,NONE
6029,1,3,2026-06-29T00:00:00.000Z,NONE,NONE
6030,1,3,2026-06-29T00:00:00.000Z,NONE,NONE
6033,1,3,2026-06-29T00:00:00.000Z,NONE,NONE
6034,1,3,2026-06-29T00:00:00.000Z,NONE,NONE
6035,1,3,2026-06-29T00:00:00.000Z,NONE,NONE
6037,1,3,2026-06-29T00:00:00.000Z,NONE,NONE
6041,1,3,2026-06-29T00:00:00.000Z,NONE,NONE
6052,1,3,2026-06-29T00:00:00.000Z,NONE,NONE
6056,1,3,2026-06-29T00:00:00.000Z,NONE,NONE
6058,1,3,2026-06-29T00:00:00.000Z,NONE,NONE
6060,1,3,2026-06-29T00:00:00.000Z,NONE,NONE
6061,1,3,2026-06-29T00:00:00.000Z,NONE,NONE
6063,1,3,2026-06-29T00:00:00.000Z,NONE,NONE
6069,1,3,2026-06-29T00:00:00.000Z,NONE,NONE
6070,1,3,2026-06-29T00:00:00.000Z,NONE,NONE
6076,1,3,2026-06-29T00:00:00.000Z,NONE,NONE
6084,1,3,2026-06-29T00:00:00.000Z,NONE,NONE
6090,1,3,2026-06-29T00:00:00.000Z,NONE,NONE
6095,1,3,2026-06-29T00:00:00.000Z,NONE,NONE
6100,1,3,2026-06-29T00:00:00.000Z,NONE,NONE
6103,1,3,2026-06-29T00:00:00.000Z,NONE,NONE
6107,1,3,2026-06-29T00:00:00.000Z,NONE,NONE
6110,1,3,2026-06-29T00:00:00.000Z,NONE,NONE
6120,1,3,2026-06-29T00:00:00.000Z,NONE,NONE
6126,1,3,2026-06-29T00:00:00.000Z,NONE,NONE
6130,1,3,2026-06-29T00:00:00.000Z,NONE,NONE
6132,1,3,2026-06-29T00:00:00.000Z,NONE,NONE
6135,1,3,2026-06-29T00:00:00.000Z,NONE,NONE
6145,1,3,2026-06-29T00:00:00.000Z,NONE,NONE
6152,1,3,2026-06-29T00:00:00.000Z,NONE,NONE
6163,1,3,2026-06-29T00:00:00.000Z,NONE,NONE
6164,1,3,2026-06-29T00:00:00.000Z,NONE,NONE
6168,1,3,2026-06-29T00:00:00.000Z,NONE,NONE
6174,1,3,2026-06-29T00:00:00.000Z,NONE,NONE
6175,1,3,2026-06-29T00:00:00.000Z,NONE,NONE
6185,1,3,2026-06-29T00:00:00.000Z,NONE,NONE
6187,1,3,2026-06-29T00:00:00.000Z,NONE,NONE
6195,1,3,2026-06-29T00:00:00.000Z,NONE,NONE
6196,1,3,2026-06-29T00:00:00.000Z,NONE,NONE
6197,1,3,2026-06-29T00:00:00.000Z,NONE,NONE
6199,1,3,2026-06-29T00:00:00.000Z,NONE,NONE
6212,1,3,2026-06-29T00:00:00.000Z,NONE,NONE
6219,1,3,2026-06-29T00:00:00.000Z,NONE,NONE
6226,1,3,2026-06-29T00:00:00.000Z,NONE,NONE
6227,1,3,2026-06-29T00:00:00.000Z,NONE,NONE
6236,1,3,2026-06-29T00:00:00.000Z,NONE,NONE
6238,1,3,2026-06-29T00:00:00.000Z,NONE,NONE
6242,1,3,2026-06-29T00:00:00.000Z,NONE,NONE
6243,1,3,2026-06-29T00:00:00.000Z,NONE,NONE
6244,1,3,2026-06-29T00:00:00.000Z,NONE,NONE
6246,1,3,2026-06-29T00:00:00.000Z,NONE,NONE
6247,1,3,2026-06-29T00:00:00.000Z,NONE,NONE
6250,1,3,2026-06-29T00:00:00.000Z,NONE,NONE
6263,1,3,2026-06-29T00:00:00.000Z,NONE,NONE
6264,1,3,2026-06-29T00:00:00.000Z,NONE,NONE
6269,1,3,2026-06-29T00:00:00.000Z,NONE,NONE
6270,1,3,2026-06-29T00:00:00.000Z,NONE,NONE
6271,1,3,2026-06-29T00:00:00.000Z,NONE,NONE
6272,1,3,2026-06-29T00:00:00.000Z,NONE,NONE
6277,1,3,2026-06-29T00:00:00.000Z,NONE,NONE
6278,1,3,2026-06-29T00:00:00.000Z,NONE,NONE
6280,1,3,2026-06-29T00:00:00.000Z,NONE,NONE
6281,1,3,2026-06-29T00:00:00.000Z,NONE,NONE
6283,1,3,2026-06-29T00:00:00.000Z,NONE,NONE
6290,1,3,2026-06-29T00:00:00.000Z,NONE,NONE
6293,1,3,2026-06-29T00:00:00.000Z,NONE,NONE
6298,1,3,2026-06-29T00:00:00.000Z,NONE,NONE
6304,1,3,2026-06-29T00:00:00.000Z,NONE,NONE
6306,1,3,2026-06-29T00:00:00.000Z,NONE,NONE
6307,1,3,2026-06-29T00:00:00.000Z,NONE,NONE
6308,1,3,2026-06-29T00:00:00.000Z,NONE,NONE
6312,1,3,2026-06-29T00:00:00.000Z,NONE,NONE
6324,1,3,2026-06-29T00:00:00.000Z,NONE,NONE
6328,1,3,2026-06-29T00:00:00.000Z,NONE,NONE
6330,1,3,2026-06-29T00:00:00.000Z,NONE,NONE
6331,1,3,2026-06-29T00:00:00.000Z,NONE,NONE
6332,1,3,2026-06-29T00:00:00.000Z,NONE,NONE
6335,1,3,2026-06-29T00:00:00.000Z,NONE,NONE
6338,1,3,2026-06-29T00:00:00.000Z,NONE,NONE
6344,1,3,2026-06-29T00:00:00.000Z,NONE,NONE
6346,1,3,2026-06-29T00:00:00.000Z,NONE,NONE
6349,1,3,2026-06-29T00:00:00.000Z,NONE,NONE
6351,1,3,2026-06-29T00:00:00.000Z,NONE,NONE
6353,1,3,2026-06-29T00:00:00.000Z,NONE,NONE
6354,1,3,2026-06-29T00:00:00.000Z,NONE,NONE
6356,1,3,2026-06-29T00:00:00.000Z,NONE,NONE
6357,1,3,2026-06-29T00:00:00.000Z,NONE,NONE
6358,1,3,2026-06-29T00:00:00.000Z,NONE,NONE
6359,1,3,2026-06-29T00:00:00.000Z,NONE,NONE
6365,1,3,2026-06-29T00:00:00.000Z,NONE,NONE
6373,1,3,2026-06-29T00:00:00.000Z,NONE,NONE
6378,1,3,2026-06-29T00:00:00.000Z,NONE,NONE
6379,1,3,2026-06-29T00:00:00.000Z,NONE,NONE
6389,1,3,2026-06-29T00:00:00.000Z,NONE,NONE
6396,1,3,2026-06-29T00:00:00.000Z,NONE,NONE
6404,1,3,2026-06-29T00:00:00.000Z,NONE,NONE
6408,1,3,2026-06-29T00:00:00.000Z,NONE,NONE
6411,1,3,2026-06-29T00:00:00.000Z,NONE,NONE
6413,1,3,2026-06-29T00:00:00.000Z,NONE,NONE
6414,1,3,2026-06-29T00:00:00.000Z,NONE,NONE
6416,1,3,2026-06-29T00:00:00.000Z,NONE,NONE
6417,1,3,2026-06-29T00:00:00.000Z,NONE,NONE
6419,1,3,2026-06-29T00:00:00.000Z,NONE,NONE
6423,1,3,2026-06-29T00:00:00.000Z,NONE,NONE
6430,1,3,2026-06-29T00:00:00.000Z,NONE,NONE
6431,1,3,2026-06-29T00:00:00.000Z,NONE,NONE
6444,1,3,2026-06-29T00:00:00.000Z,NONE,NONE
6448,1,3,2026-06-29T00:00:00.000Z,NONE,NONE
6451,1,3,2026-06-29T00:00:00.000Z,NONE,NONE
6452,1,3,2026-06-29T00:00:00.000Z,NONE,NONE
6455,1,3,2026-06-29T00:00:00.000Z,NONE,NONE
6460,1,3,2026-06-29T00:00:00.000Z,NONE,NONE
6466,1,3,2026-06-29T00:00:00.000Z,NONE,NONE
6469,1,3,2026-06-29T00:00:00.000Z,NONE,NONE
6474,1,3,2026-06-29T00:00:00.000Z,NONE,NONE
6488,1,3,2026-06-29T00:00:00.000Z,NONE,NONE
6490,1,3,2026-06-29T00:00:00.000Z,NONE,NONE
6492,1,3,2026-06-29T00:00:00.000Z,NONE,NONE
6496,1,3,2026-06-29T00:00:00.000Z,NONE,NONE
6497,1,3,2026-06-29T00:00:00.000Z,NONE,NONE
6506,1,3,2026-06-29T00:00:00.000Z,NONE,NONE
6508,1,3,2026-06-29T00:00:00.000Z,NONE,NONE
6509,1,3,2026-06-29T00:00:00.000Z,NONE,NONE
6515,1,3,2026-06-29T00:00:00.000Z,NONE,NONE
6518,1,3,2026-06-29T00:00:00.000Z,NONE,NONE
6519,1,3,2026-06-29T00:00:00.000Z,NONE,NONE
6520,1,3,2026-06-29T00:00:00.000Z,NONE,NONE
6525,1,3,2026-06-29T00:00:00.000Z,NONE,NONE
6526,1,3,2026-06-29T00:00:00.000Z,NONE,NONE
6528,1,3,2026-06-29T00:00:00.000Z,NONE,NONE
6529,1,3,2026-06-29T00:00:00.000Z,NONE,NONE
6530,1,3,2026-06-29T00:00:00.000Z,NONE,NONE
6531,1,3,2026-06-29T00:00:00.000Z,NONE,NONE
6543,1,3,2026-06-29T00:00:00.000Z,NONE,NONE
6545,1,3,2026-06-29T00:00:00.000Z,NONE,NONE
6546,1,3,2026-06-29T00:00:00.000Z,NONE,NONE
6553,1,3,2026-06-29T00:00:00.000Z,NONE,NONE
6556,1,3,2026-06-29T00:00:00.000Z,NONE,NONE
6560,1,3,2026-06-29T00:00:00.000Z,NONE,NONE
6563,1,3,2026-06-29T00:00:00.000Z,NONE,NONE
6566,1,3,2026-06-29T00:00:00.000Z,NONE,NONE
6569,1,3,2026-06-29T00:00:00.000Z,NONE,NONE
6572,1,3,2026-06-29T00:00:00.000Z,NONE,NONE
6577,1,3,2026-06-29T00:00:00.000Z,NONE,NONE
6579,1,3,2026-06-29T00:00:00.000Z,NONE,NONE
6596,1,3,2026-06-29T00:00:00.000Z,NONE,NONE
6598,1,3,2026-06-29T00:00:00.000Z,NONE,NONE
6602,1,3,2026-06-29T00:00:00.000Z,NONE,NONE
6608,1,3,2026-06-29T00:00:00.000Z,NONE,NONE
6609,1,3,2026-06-29T00:00:00.000Z,NONE,NONE
6612,1,3,2026-06-29T00:00:00.000Z,NONE,NONE
6614,1,3,2026-06-29T00:00:00.000Z,NONE,NONE
6619,1,3,2026-06-29T00:00:00.000Z,NONE,NONE
6620,1,3,2026-06-29T00:00:00.000Z,NONE,NONE
6622,1,3,2026-06-29T00:00:00.000Z,NONE,NONE
6624,1,3,2026-06-29T00:00:00.000Z,NONE,NONE
6628,1,3,2026-06-29T00:00:00.000Z,NONE,NONE
6634,1,3,2026-06-29T00:00:00.000Z,NONE,NONE
6636,1,3,2026-06-29T00:00:00.000Z,NONE,NONE
6640,1,3,2026-06-29T00:00:00.000Z,NONE,NONE
6648,1,3,2026-06-29T00:00:00.000Z,NONE,NONE
6655,1,3,2026-06-29T00:00:00.000Z,NONE,NONE
6659,1,3,2026-06-29T00:00:00.000Z,NONE,NONE
6660,1,3,2026-06-29T00:00:00.000Z,NONE,NONE
6662,1,3,2026-06-29T00:00:00.000Z,NONE,NONE
6663,1,3,2026-06-29T00:00:00.000Z,NONE,NONE
6666,1,3,2026-06-29T00:00:00.000Z,NONE,NONE
6667,1,3,2026-06-29T00:00:00.000Z,NONE,NONE
6668,1,3,2026-06-29T00:00:00.000Z,NONE,NONE
6672,1,3,2026-06-29T00:00:00.000Z,NONE,NONE
6676,1,3,2026-06-29T00:00:00.000Z,NONE,NONE
6679,1,3,2026-06-29T00:00:00.000Z,NONE,NONE
6689,1,3,2026-06-29T00:00:00.000Z,NONE,NONE
6699,1,3,2026-06-29T00:00:00.000Z,NONE,NONE
6700,1,3,2026-06-29T00:00:00.000Z,NONE,NONE
6701,1,3,2026-06-29T00:00:00.000Z,NONE,NONE
6705,1,3,2026-06-29T00:00:00.000Z,NONE,NONE
6709,1,3,2026-06-29T00:00:00.000Z,NONE,NONE
6715,1,3,2026-06-29T00:00:00.000Z,NONE,NONE
6717,1,3,2026-06-29T00:00:00.000Z,NONE,NONE
6719,1,3,2026-06-29T00:00:00.000Z,NONE,NONE
6723,1,3,2026-06-29T00:00:00.000Z,NONE,NONE
6724,1,3,2026-06-29T00:00:00.000Z,NONE,NONE
6725,1,3,2026-06-29T00:00:00.000Z,NONE,NONE
6726,1,3,2026-06-29T00:00:00.000Z,NONE,NONE
6729,1,3,2026-06-29T00:00:00.000Z,NONE,NONE
6730,1,3,2026-06-29T00:00:00.000Z,NONE,NONE
6731,1,3,2026-06-29T00:00:00.000Z,NONE,NONE
6734,1,3,2026-06-29T00:00:00.000Z,NONE,NONE
6739,1,3,2026-06-29T00:00:00.000Z,NONE,NONE
6741,1,3,2026-06-29T00:00:00.000Z,NONE,NONE
6746,1,3,2026-06-29T00:00:00.000Z,NONE,NONE
6751,1,3,2026-06-29T00:00:00.000Z,NONE,NONE
6756,1,3,2026-06-29T00:00:00.000Z,NONE,NONE
6757,1,3,2026-06-29T00:00:00.000Z,NONE,NONE
6773,1,3,2026-06-29T00:00:00.000Z,NONE,NONE
6777,1,3,2026-06-29T00:00:00.000Z,NONE,NONE
6778,1,3,2026-06-29T00:00:00.000Z,NONE,NONE
6780,1,3,2026-06-29T00:00:00.000Z,NONE,NONE
6781,1,3,2026-06-29T00:00:00.000Z,NONE,NONE
6790,1,3,2026-06-29T00:00:00.000Z,NONE,NONE
6791,1,3,2026-06-29T00:00:00.000Z,NONE,NONE
6793,1,3,2026-06-29T00:00:00.000Z,NONE,NONE
6805,1,3,2026-06-29T00:00:00.000Z,NONE,NONE
6807,1,3,2026-06-29T00:00:00.000Z,NONE,NONE
6808,1,3,2026-06-29T00:00:00.000Z,NONE,NONE
6811,1,3,2026-06-29T00:00:00.000Z,NONE,NONE
6813,1,3,2026-06-29T00:00:00.000Z,NONE,NONE
6815,1,3,2026-06-29T00:00:00.000Z,NONE,NONE
6817,1,3,2026-06-29T00:00:00.000Z,NONE,NONE
6818,1,3,2026-06-29T00:00:00.000Z,NONE,NONE
6823,1,3,2026-06-29T00:00:00.000Z,NONE,NONE
6831,1,3,2026-06-29T00:00:00.000Z,NONE,NONE
6833,1,3,2026-06-29T00:00:00.000Z,NONE,NONE
6835,1,3,2026-06-29T00:00:00.000Z,NONE,NONE
6837,1,3,2026-06-29T00:00:00.000Z,NONE,NONE
6839,1,3,2026-06-29T00:00:00.000Z,NONE,NONE
6841,1,3,2026-06-29T00:00:00.000Z,NONE,NONE
6843,1,3,2026-06-29T00:00:00.000Z,NONE,NONE
6848,1,3,2026-06-29T00:00:00.000Z,NONE,NONE
6852,1,3,2026-06-29T00:00:00.000Z,NONE,NONE
6857,1,3,2026-06-29T00:00:00.000Z,NONE,NONE
6860,1,3,2026-06-29T00:00:00.000Z,NONE,NONE
6862,1,3,2026-06-29T00:00:00.000Z,NONE,NONE
6865,1,3,2026-06-29T00:00:00.000Z,NONE,NONE
6869,1,3,2026-06-29T00:00:00.000Z,NONE,NONE
6872,1,3,2026-06-29T00:00:00.000Z,NONE,NONE
6873,1,3,2026-06-29T00:00:00.000Z,NONE,NONE
6874,1,3,2026-06-29T00:00:00.000Z,NONE,NONE
6875,1,3,2026-06-29T00:00:00.000Z,NONE,NONE
6876,1,3,2026-06-29T00:00:00.000Z,NONE,NONE
6880,1,3,2026-06-29T00:00:00.000Z,NONE,NONE
6881,1,3,2026-06-29T00:00:00.000Z,NONE,NONE
6882,1,3,2026-06-29T00:00:00.000Z,NONE,NONE
6885,1,3,2026-06-29T00:00:00.000Z,NONE,NONE
6901,1,3,2026-06-29T00:00:00.000Z,NONE,NONE
6905,1,3,2026-06-29T00:00:00.000Z,NONE,NONE
6916,1,3,2026-06-29T00:00:00.000Z,NONE,NONE
6917,1,3,2026-06-29T00:00:00.000Z,NONE,NONE
6919,1,3,2026-06-29T00:00:00.000Z,NONE,NONE
6923,1,3,2026-06-29T00:00:00.000Z,NONE,NONE
6926,1,3,2026-06-29T00:00:00.000Z,NONE,NONE
6929,1,3,2026-06-29T00:00:00.000Z,NONE,NONE
6930,1,3,2026-06-29T00:00:00.000Z,NONE,NONE
6932,1,3,2026-06-29T00:00:00.000Z,NONE,NONE
6938,1,3,2026-06-29T00:00:00.000Z,NONE,NONE
6939,1,3,2026-06-29T00:00:00.000Z,NONE,NONE
6941,1,3,2026-06-29T00:00:00.000Z,NONE,NONE
6942,1,3,2026-06-29T00:00:00.000Z,NONE,NONE
6943,1,3,2026-06-29T00:00:00.000Z,NONE,NONE
6946,1,3,2026-06-29T00:00:00.000Z,NONE,NONE
6952,1,3,2026-06-29T00:00:00.000Z,NONE,NONE
6955,1,3,2026-06-29T00:00:00.000Z,NONE,NONE
6956,1,3,2026-06-29T00:00:00.000Z,NONE,NONE
6957,1,3,2026-06-29T00:00:00.000Z,NONE,NONE
6960,1,3,2026-06-29T00:00:00.000Z,NONE,NONE
6970,1,3,2026-06-29T00:00:00.000Z,NONE,NONE
6973,1,3,2026-06-29T00:00:00.000Z,NONE,NONE
6974,1,3,2026-06-29T00:00:00.000Z,NONE,NONE
6977,1,3,2026-06-29T00:00:00.000Z,NONE,NONE
6984,1,3,2026-06-29T00:00:00.000Z,NONE,NONE
6985,1,3,2026-06-29T00:00:00.000Z,NONE,NONE
6991,1,3,2026-06-29T00:00:00.000Z,NONE,NONE
6992,1,3,2026-06-29T00:00:00.000Z,NONE,NONE
6998,1,3,2026-06-29T00:00:00.000Z,NONE,NONE
7000,1,3,2026-06-29T00:00:00.000Z,NONE,NONE
7010,1,3,2026-06-29T00:00:00.000Z,NONE,NONE
7011,1,3,2026-06-29T00:00:00.000Z,NONE,NONE
7020,1,3,2026-06-29T00:00:00.000Z,NONE,NONE
7022,1,3,2026-06-29T00:00:00.000Z,NONE,NONE
7023,1,3,2026-06-29T00:00:00.000Z,NONE,NONE
7026,1,3,2026-06-29T00:00:00.000Z,NONE,NONE
7027,1,3,2026-06-29T00:00:00.000Z,NONE,NONE
7043,1,3,2026-06-29T00:00:00.000Z,NONE,NONE
7045,1,3,2026-06-29T00:00:00.000Z,NONE,NONE
7046,1,3,2026-06-29T00:00:00.000Z,NONE,NONE
7051,1,3,2026-06-29T00:00:00.000Z,NONE,NONE
7052,1,3,2026-06-29T00:00:00.000Z,NONE,NONE
7053,1,3,2026-06-29T00:00:00.000Z,NONE,NONE
7055,1,3,2026-06-29T00:00:00.000Z,NONE,NONE
7063,1,3,2026-06-29T00:00:00.000Z,NONE,NONE
7068,1,3,2026-06-29T00:00:00.000Z,NONE,NONE
7084,1,3,2026-06-29T00:00:00.000Z,NONE,NONE
7106,1,3,2026-06-29T00:00:00.000Z,NONE,NONE
7107,1,3,2026-06-29T00:00:00.000Z,NONE,NONE
7109,1,3,2026-06-29T00:00:00.000Z,NONE,NONE
7113,1,3,2026-06-29T00:00:00.000Z,NONE,NONE
7114,1,3,2026-06-29T00:00:00.000Z,NONE,NONE
7115,1,3,2026-06-29T00:00:00.000Z,NONE,NONE
7119,1,3,2026-06-29T00:00:00.000Z,NONE,NONE
7120,1,3,2026-06-29T00:00:00.000Z,NONE,NONE
7132,1,3,2026-06-29T00:00:00.000Z,NONE,NONE
7143,1,3,2026-06-29T00:00:00.000Z,NONE,NONE
7145,1,3,2026-06-29T00:00:00.000Z,NONE,NONE
7147,1,3,2026-06-29T00:00:00.000Z,NONE,NONE
7148,1,3,2026-06-29T00:00:00.000Z,NONE,NONE
7150,1,3,2026-06-29T00:00:00.000Z,NONE,NONE
7151,1,3,2026-06-29T00:00:00.000Z,NONE,NONE
7154,1,3,2026-06-29T00:00:00.000Z,NONE,NONE
7163,1,3,2026-06-29T00:00:00.000Z,NONE,NONE
7167,1,3,2026-06-29T00:00:00.000Z,NONE,NONE
7169,1,3,2026-06-29T00:00:00.000Z,NONE,NONE
7173,1,3,2026-06-29T00:00:00.000Z,NONE,NONE
7174,1,3,2026-06-29T00:00:00.000Z,NONE,NONE
7181,1,3,2026-06-29T00:00:00.000Z,NONE,NONE
7182,1,3,2026-06-29T00:00:00.000Z,NONE,NONE
7186,1,3,2026-06-29T00:00:00.000Z,NONE,NONE
7193,1,3,2026-06-29T00:00:00.000Z,NONE,NONE
7194,1,3,2026-06-29T00:00:00.000Z,NONE,NONE
7197,1,3,2026-06-29T00:00:00.000Z,NONE,NONE
7199,1,3,2026-06-29T00:00:00.000Z,NONE,NONE
7201,1,3,2026-06-29T00:00:00.000Z,NONE,NONE
7203,1,3,2026-06-29T00:00:00.000Z,NONE,NONE
7205,1,3,2026-06-29T00:00:00.000Z,NONE,NONE
7209,1,3,2026-06-29T00:00:00.000Z,NONE,NONE
7211,1,3,2026-06-29T00:00:00.000Z,NONE,NONE
7216,1,3,2026-06-29T00:00:00.000Z,NONE,NONE
7221,1,3,2026-06-29T00:00:00.000Z,NONE,NONE
7232,1,3,2026-06-29T00:00:00.000Z,NONE,NONE
7233,1,3,2026-06-29T00:00:00.000Z,NONE,NONE
7244,1,3,2026-06-29T00:00:00.000Z,NONE,NONE
7246,1,3,2026-06-29T00:00:00.000Z,NONE,NONE
7250,1,3,2026-06-29T00:00:00.000Z,NONE,NONE
7251,1,3,2026-06-29T00:00:00.000Z,NONE,NONE
7253,1,3,2026-06-29T00:00:00.000Z,NONE,NONE
7254,1,3,2026-06-29T00:00:00.000Z,NONE,NONE
7257,1,3,2026-06-29T00:00:00.000Z,NONE,NONE
7259,1,3,2026-06-29T00:00:00.000Z,NONE,NONE
7260,1,3,2026-06-29T00:00:00.000Z,NONE,NONE
7264,1,3,2026-06-29T00:00:00.000Z,NONE,NONE
7268,1,3,2026-06-29T00:00:00.000Z,NONE,NONE
7269,1,3,2026-06-29T00:00:00.000Z,NONE,NONE
7272,1,3,2026-06-29T00:00:00.000Z,NONE,NONE
7274,1,3,2026-06-29T00:00:00.000Z,NONE,NONE
7280,1,3,2026-06-29T00:00:00.000Z,NONE,NONE
7291,1,3,2026-06-29T00:00:00.000Z,NONE,NONE
7293,1,3,2026-06-29T00:00:00.000Z,NONE,NONE
7297,1,3,2026-06-29T00:00:00.000Z,NONE,NONE
7302,1,3,2026-06-29T00:00:00.000Z,NONE,NONE
7308,1,3,2026-06-29T00:00:00.000Z,NONE,NONE
7311,1,3,2026-06-29T00:00:00.000Z,NONE,NONE
7316,1,3,2026-06-29T00:00:00.000Z,NONE,NONE
7317,1,3,2026-06-29T00:00:00.000Z,NONE,NONE
7318,1,3,2026-06-29T00:00:00.000Z,NONE,NONE
7319,1,3,2026-06-29T00:00:00.000Z,NONE,NONE
7328,1,3,2026-06-29T00:00:00.000Z,NONE,NONE
7336,1,3,2026-06-29T00:00:00.000Z,NONE,NONE
7338,1,3,2026-06-29T00:00:00.000Z,NONE,NONE
7340,1,3,2026-06-29T00:00:00.000Z,NONE,NONE
7344,1,3,2026-06-29T00:00:00.000Z,NONE,NONE
7348,1,3,2026-06-29T00:00:00.000Z,NONE,NONE
7350,1,3,2026-06-29T00:00:00.000Z,NONE,NONE
7351,1,3,2026-06-29T00:00:00.000Z,NONE,NONE
7352,1,3,2026-06-29T00:00:00.000Z,NONE,NONE
7357,1,3,2026-06-29T00:00:00.000Z,NONE,NONE
7360,1,3,2026-06-29T00:00:00.000Z,NONE,NONE
7364,1,3,2026-06-29T00:00:00.000Z,NONE,NONE
7366,1,3,2026-06-29T00:00:00.000Z,NONE,NONE
7377,1,3,2026-06-29T00:00:00.000Z,NONE,NONE
7383,1,3,2026-06-29T00:00:00.000Z,NONE,NONE
7384,1,3,2026-06-29T00:00:00.000Z,NONE,NONE
7386,1,3,2026-06-29T00:00:00.000Z,NONE,NONE
7389,1,3,2026-06-29T00:00:00.000Z,NONE,NONE
7391,1,3,2026-06-29T00:00:00.000Z,NONE,NONE
7393,1,3,2026-06-29T00:00:00.000Z,NONE,NONE
7396,1,3,2026-06-29T00:00:00.000Z,NONE,NONE
7400,1,3,2026-06-29T00:00:00.000Z,NONE,NONE
7401,1,3,2026-06-29T00:00:00.000Z,NONE,NONE
7404,1,3,2026-06-29T00:00:00.000Z,NONE,NONE
7406,1,3,2026-06-29T00:00:00.000Z,NONE,NONE
7407,1,3,2026-06-29T00:00:00.000Z,NONE,NONE
7410,1,3,2026-06-29T00:00:00.000Z,NONE,NONE
7427,1,3,2026-06-29T00:00:00.000Z,NONE,NONE
7432,1,3,2026-06-29T00:00:00.000Z,NONE,NONE
7436,1,3,2026-06-29T00:00:00.000Z,NONE,NONE
7437,1,3,2026-06-29T00:00:00.000Z,NONE,NONE
7439,1,3,2026-06-29T00:00:00.000Z,NONE,NONE
7441,1,3,2026-06-29T00:00:00.000Z,NONE,NONE
7443,1,3,2026-06-29T00:00:00.000Z,NONE,NONE
7446,1,3,2026-06-29T00:00:00.000Z,NONE,NONE
7451,1,3,2026-06-29T00:00:00.000Z,NONE,NONE
7452,1,3,2026-06-29T00:00:00.000Z,NONE,NONE
7454,1,3,2026-06-29T00:00:00.000Z,NONE,NONE
7456,1,3,2026-06-29T00:00:00.000Z,NONE,NONE
7460,1,3,2026-06-29T00:00:00.000Z,NONE,NONE
7463,1,3,2026-06-29T00:00:00.000Z,NONE,NONE
7464,1,3,2026-06-29T00:00:00.000Z,NONE,NONE
7465,1,3,2026-06-29T00:00:00.000Z,NONE,NONE
7468,1,3,2026-06-29T00:00:00.000Z,NONE,NONE
7472,1,3,2026-06-29T00:00:00.000Z,NONE,NONE
7474,1,3,2026-06-29T00:00:00.000Z,NONE,NONE
7477,1,3,2026-06-29T00:00:00.000Z,NONE,NONE
7478,1,3,2026-06-29T00:00:00.000Z,NONE,NONE
7479,1,3,2026-06-29T00:00:00.000Z,NONE,NONE
7480,1,3,2026-06-29T00:00:00.000Z,NONE,NONE
7482,1,3,2026-06-29T00:00:00.000Z,NONE,NONE
7484,1,3,2026-06-29T00:00:00.000Z,NONE,NONE
7486,1,3,2026-06-29T00:00:00.000Z,NONE,NONE
7491,1,3,2026-06-29T00:00:00.000Z,NONE,NONE
7494,1,3,2026-06-29T00:00:00.000Z,NONE,NONE
7495,1,3,2026-06-29T00:00:00.000Z,NONE,NONE
7496,1,3,2026-06-29T00:00:00.000Z,NONE,NONE
7501,1,3,2026-06-29T00:00:00.000Z,NONE,NONE
7504,1,3,2026-06-29T00:00:00.000Z,NONE,NONE
7506,1,3,2026-06-29T00:00:00.000Z,NONE,NONE
7509,1,3,2026-06-29T00:00:00.000Z,NONE,NONE
7510,1,3,2026-06-29T00:00:00.000Z,NONE,NONE
7512,1,3,2026-06-29T00:00:00.000Z,NONE,NONE
7513,1,3,2026-06-29T00:00:00.000Z,NONE,NONE
7514,1,3,2026-06-29T00:00:00.000Z,NONE,NONE
7517,1,3,2026-06-29T00:00:00.000Z,NONE,NONE
7520,1,3,2026-06-29T00:00:00.000Z,NONE,NONE
7525,1,3,2026-06-29T00:00:00.000Z,NONE,NONE
7526,1,3,2026-06-29T00:00:00.000Z,NONE,NONE
7527,1,3,2026-06-29T00:00:00.000Z,NONE,NONE
7531,1,3,2026-06-29T00:00:00.000Z,NONE,NONE
7535,1,3,2026-06-29T00:00:00.000Z,NONE,NONE
7543,1,3,2026-06-29T00:00:00.000Z,NONE,NONE
7544,1,3,2026-06-29T00:00:00.000Z,NONE,NONE
7547,1,3,2026-06-29T00:00:00.000Z,NONE,NONE
7550,1,3,2026-06-29T00:00:00.000Z,NONE,NONE
7553,1,3,2026-06-29T00:00:00.000Z,NONE,NONE
7556,1,3,2026-06-29T00:00:00.000Z,NONE,NONE
7560,1,3,2026-06-29T00:00:00.000Z,NONE,NONE
7563,1,3,2026-06-29T00:00:00.000Z,NONE,NONE
7572,1,3,2026-06-29T00:00:00.000Z,NONE,NONE
7574,1,3,2026-06-29T00:00:00.000Z,NONE,NONE
7578,1,3,2026-06-29T00:00:00.000Z,NONE,NONE
7580,1,3,2026-06-29T00:00:00.000Z,NONE,NONE
7589,1,3,2026-06-29T00:00:00.000Z,NONE,NONE
7591,1,3,2026-06-29T00:00:00.000Z,NONE,NONE
7596,1,3,2026-06-29T00:00:00.000Z,NONE,NONE
7598,1,3,2026-06-29T00:00:00.000Z,NONE,NONE
7599,1,3,2026-06-29T00:00:00.000Z,NONE,NONE
7601,1,3,2026-06-29T00:00:00.000Z,NONE,NONE
7602,1,3,2026-06-29T00:00:00.000Z,NONE,NONE
7606,1,3,2026-06-29T00:00:00.000Z,NONE,NONE
7610,1,3,2026-06-29T00:00:00.000Z,NONE,NONE
7611,1,3,2026-06-29T00:00:00.000Z,NONE,NONE
7614,1,3,2026-06-29T00:00:00.000Z,NONE,NONE
7616,1,3,2026-06-29T00:00:00.000Z,NONE,NONE
7617,1,3,2026-06-29T00:00:00.000Z,NONE,NONE
7620,1,3,2026-06-29T00:00:00.000Z,NONE,NONE
7621,1,3,2026-06-29T00:00:00.000Z,NONE,NONE
7625,1,3,2026-06-29T00:00:00.000Z,NONE,NONE
7628,1,3,2026-06-29T00:00:00.000Z,NONE,NONE
7632,1,3,2026-06-29T00:00:00.000Z,NONE,NONE
7633,1,3,2026-06-29T00:00:00.000Z,NONE,NONE
7644,1,3,2026-06-29T00:00:00.000Z,NONE,NONE
7653,1,3,2026-06-29T00:00:00.000Z,NONE,NONE
7659,1,3,2026-06-29T00:00:00.000Z,NONE,NONE
7663,1,3,2026-06-29T00:00:00.000Z,NONE,NONE
7664,1,3,2026-06-29T00:00:00.000Z,NONE,NONE
7673,1,3,2026-06-29T00:00:00.000Z,NONE,NONE
7675,1,3,2026-06-29T00:00:00.000Z,NONE,NONE
7676,1,3,2026-06-29T00:00:00.000Z,NONE,NONE
7677,1,3,2026-06-29T00:00:00.000Z,NONE,NONE
7694,1,3,2026-06-29T00:00:00.000Z,NONE,NONE
7700,1,3,2026-06-29T00:00:00.000Z,NONE,NONE
7701,1,3,2026-06-29T00:00:00.000Z,NONE,NONE
7702,1,3,2026-06-29T00:00:00.000Z,NONE,NONE
7705,1,3,2026-06-29T00:00:00.000Z,NONE,NONE
7706,1,3,2026-06-29T00:00:00.000Z,NONE,NONE
7707,1,3,2026-06-29T00:00:00.000Z,NONE,NONE
7709,1,3,2026-06-29T00:00:00.000Z,NONE,NONE
7711,1,3,2026-06-29T00:00:00.000Z,NONE,NONE
7712,1,3,2026-06-29T00:00:00.000Z,NONE,NONE
7715,1,3,2026-06-29T00:00:00.000Z,NONE,NONE
7717,1,3,2026-06-29T00:00:00.000Z,NONE,NONE
7722,1,3,2026-06-29T00:00:00.000Z,NONE,NONE
7727,1,3,2026-06-29T00:00:00.000Z,NONE,NONE
7732,1,3,2026-06-29T00:00:00.000Z,NONE,NONE
7736,1,3,2026-06-29T00:00:00.000Z,NONE,NONE
7738,1,3,2026-06-29T00:00:00.000Z,NONE,NONE
7747,1,3,2026-06-29T00:00:00.000Z,NONE,NONE
7750,1,3,2026-06-29T00:00:00.000Z,NONE,NONE
7756,1,3,2026-06-29T00:00:00.000Z,NONE,NONE
7758,1,3,2026-06-29T00:00:00.000Z,NONE,NONE
7763,1,3,2026-06-29T00:00:00.000Z,NONE,NONE
7766,1,3,2026-06-29T00:00:00.000Z,NONE,NONE
7778,1,3,2026-06-29T00:00:00.000Z,NONE,NONE
7779,1,3,2026-06-29T00:00:00.000Z,NONE,NONE
7785,1,3,2026-06-29T00:00:00.000Z,NONE,NONE
7788,1,3,2026-06-29T00:00:00.000Z,NONE,NONE
7790,1,3,2026-06-29T00:00:00.000Z,NONE,NONE
7794,1,3,2026-06-29T00:00:00.000Z,NONE,NONE
7808,1,3,2026-06-29T00:00:00.000Z,NONE,NONE
7810,1,3,2026-06-29T00:00:00.000Z,NONE,NONE
7812,1,3,2026-06-29T00:00:00.000Z,NONE,NONE
7814,1,3,2026-06-29T00:00:00.000Z,NONE,NONE
7816,1,3,2026-06-29T00:00:00.000Z,NONE,NONE
7817,1,3,2026-06-29T00:00:00.000Z,NONE,NONE
7822,1,3,2026-06-29T00:00:00.000Z,NONE,NONE
7824,1,3,2026-06-29T00:00:00.000Z,NONE,NONE
7825,1,3,2026-06-29T00:00:00.000Z,NONE,NONE
7827,1,3,2026-06-29T00:00:00.000Z,NONE,NONE
7831,1,3,2026-06-29T00:00:00.000Z,NONE,NONE
7843,1,3,2026-06-29T00:00:00.000Z,NONE,NONE
7848,1,3,2026-06-29T00:00:00.000Z,NONE,NONE
7849,1,3,2026-06-29T00:00:00.000Z,NONE,NONE
7852,1,3,2026-06-29T00:00:00.000Z,NONE,NONE
7853,1,3,2026-06-29T00:00:00.000Z,NONE,NONE
7855,1,3,2026-06-29T00:00:00.000Z,NONE,NONE
7856,1,3,2026-06-29T00:00:00.000Z,NONE,NONE
7857,1,3,2026-06-29T00:00:00.000Z,NONE,NONE
7859,1,3,2026-06-29T00:00:00.000Z,NONE,NONE
7860,1,3,2026-06-29T00:00:00.000Z,NONE,NONE
7861,1,3,2026-06-29T00:00:00.000Z,NONE,NONE
7863,1,3,2026-06-29T00:00:00.000Z,NONE,NONE
7864,1,3,2026-06-29T00:00:00.000Z,NONE,NONE
7875,1,3,2026-06-29T00:00:00.000Z,NONE,NONE
7880,1,3,2026-06-29T00:00:00.000Z,NONE,NONE
7881,1,3,2026-06-29T00:00:00.000Z,NONE,NONE
7888,1,3,2026-06-29T00:00:00.000Z,NONE,NONE
7898,1,3,2026-06-29T00:00:00.000Z,NONE,NONE
7899,1,3,2026-06-29T00:00:00.000Z,NONE,NONE
7906,1,3,2026-06-29T00:00:00.000Z,NONE,NONE
7908,1,3,2026-06-29T00:00:00.000Z,NONE,NONE
7909,1,3,2026-06-29T00:00:00.000Z,NONE,NONE
7918,1,3,2026-06-29T00:00:00.000Z,NONE,NONE
7919,1,3,2026-06-29T00:00:00.000Z,NONE,NONE
7928,1,3,2026-06-29T00:00:00.000Z,NONE,NONE
7933,1,3,2026-06-29T00:00:00.000Z,NONE,NONE
7937,1,3,2026-06-29T00:00:00.000Z,NONE,NONE
7938,1,3,2026-06-29T00:00:00.000Z,NONE,NONE
7944,1,3,2026-06-29T00:00:00.000Z,NONE,NONE
7952,1,3,2026-06-29T00:00:00.000Z,NONE,NONE
7956,1,3,2026-06-29T00:00:00.000Z,NONE,NONE
7957,1,3,2026-06-29T00:00:00.000Z,NONE,NONE
7959,1,3,2026-06-29T00:00:00.000Z,NONE,NONE
7963,1,3,2026-06-29T00:00:00.000Z,NONE,NONE
7968,1,3,2026-06-29T00:00:00.000Z,NONE,NONE
7979,1,3,2026-06-29T00:00:00.000Z,NONE,NONE
7983,1,3,2026-06-29T00:00:00.000Z,NONE,NONE
7989,1,3,2026-06-29T00:00:00.000Z,NONE,NONE
7993,1,3,2026-06-29T00:00:00.000Z,NONE,NONE
7999,1,3,2026-06-29T00:00:00.000Z,NONE,NONE
8004,1,3,2026-06-29T00:00:00.000Z,NONE,NONE
8007,1,3,2026-06-29T00:00:00.000Z,NONE,NONE
8009,1,3,2026-06-29T00:00:00.000Z,NONE,NONE
8014,1,3,2026-06-29T00:00:00.000Z,NONE,NONE
8015,1,3,2026-06-29T00:00:00.000Z,NONE,NONE
8016,1,3,2026-06-29T00:00:00.000Z,NONE,NONE
8024,1,3,2026-06-29T00:00:00.000Z,NONE,NONE
8025,1,3,2026-06-29T00:00:00.000Z,NONE,NONE
8034,1,3,2026-06-29T00:00:00.000Z,NONE,NONE
8035,1,3,2026-06-29T00:00:00.000Z,NONE,NONE
8037,1,3,2026-06-29T00:00:00.000Z,NONE,NONE
8038,1,3,2026-06-29T00:00:00.000Z,NONE,NONE
8044,1,3,2026-06-29T00:00:00.000Z,NONE,NONE
8047,1,3,2026-06-29T00:00:00.000Z,NONE,NONE
8050,1,3,2026-06-29T00:00:00.000Z,NONE,NONE
8051,1,3,2026-06-29T00:00:00.000Z,NONE,NONE
8057,1,3,2026-06-29T00:00:00.000Z,NONE,NONE
8060,1,3,2026-06-29T00:00:00.000Z,NONE,NONE
8061,1,3,2026-06-29T00:00:00.000Z,NONE,NONE
8067,1,3,2026-06-29T00:00:00.000Z,NONE,NONE
8068,1,3,2026-06-29T00:00:00.000Z,NONE,NONE
8070,1,3,2026-06-29T00:00:00.000Z,NONE,NONE
8077,1,3,2026-06-29T00:00:00.000Z,NONE,NONE
8080,1,3,2026-06-29T00:00:00.000Z,NONE,NONE
8084,1,3,2026-06-29T00:00:00.000Z,NONE,NONE
8086,1,3,2026-06-29T00:00:00.000Z,NONE,NONE
8110,1,3,2026-06-29T00:00:00.000Z,NONE,NONE
8118,1,3,2026-06-29T00:00:00.000Z,NONE,NONE
8119,1,3,2026-06-29T00:00:00.000Z,NONE,NONE
8122,1,3,2026-06-29T00:00:00.000Z,NONE,NONE
8130,1,3,2026-06-29T00:00:00.000Z,NONE,NONE
8134,1,3,2026-06-29T00:00:00.000Z,NONE,NONE
8135,1,3,2026-06-29T00:00:00.000Z,NONE,NONE
8140,1,3,2026-06-29T00:00:00.000Z,NONE,NONE
8141,1,3,2026-06-29T00:00:00.000Z,NONE,NONE
8146,1,3,2026-06-29T00:00:00.000Z,NONE,NONE
8150,1,3,2026-06-29T00:00:00.000Z,NONE,NONE
8161,1,3,2026-06-29T00:00:00.000Z,NONE,NONE
8164,1,3,2026-06-29T00:00:00.000Z,NONE,NONE
8166,1,3,2026-06-29T00:00:00.000Z,NONE,NONE
8167,1,3,2026-06-29T00:00:00.000Z,NONE,NONE
8171,1,3,2026-06-29T00:00:00.000Z,NONE,NONE
8180,1,3,2026-06-29T00:00:00.000Z,NONE,NONE
8183,1,3,2026-06-29T00:00:00.000Z,NONE,NONE
8186,1,3,2026-06-29T00:00:00.000Z,NONE,NONE
8193,1,3,2026-06-29T00:00:00.000Z,NONE,NONE
8196,1,3,2026-06-29T00:00:00.000Z,NONE,NONE
8199,1,3,2026-06-29T00:00:00.000Z,NONE,NONE
8210,1,3,2026-06-29T00:00:00.000Z,NONE,NONE
8211,1,3,2026-06-29T00:00:00.000Z,NONE,NONE
8212,1,3,2026-06-29T00:00:00.000Z,NONE,NONE
8223,1,3,2026-06-29T00:00:00.000Z,NONE,NONE
8226,1,3,2026-06-29T00:00:00.000Z,NONE,NONE
8228,1,3,2026-06-29T00:00:00.000Z,NONE,NONE
8231,1,3,2026-06-29T00:00:00.000Z,NONE,NONE
8235,1,3,2026-06-29T00:00:00.000Z,NONE,NONE
8247,1,3,2026-06-29T00:00:00.000Z,NONE,NONE
8248,1,3,2026-06-29T00:00:00.000Z,NONE,NONE
8251,1,3,2026-06-29T00:00:00.000Z,NONE,NONE
8254,1,3,2026-06-29T00:00:00.000Z,NONE,NONE
8255,1,3,2026-06-29T00:00:00.000Z,NONE,NONE
8257,1,3,2026-06-29T00:00:00.000Z,NONE,NONE
8258,1,3,2026-06-29T00:00:00.000Z,NONE,NONE
8259,1,3,2026-06-29T00:00:00.000Z,NONE,NONE
8262,1,3,2026-06-29T00:00:00.000Z,NONE,NONE
8263,1,3,2026-06-29T00:00:00.000Z,NONE,NONE
8265,1,3,2026-06-29T00:00:00.000Z,NONE,NONE
8267,1,3,2026-06-29T00:00:00.000Z,NONE,NONE
8269,1,3,2026-06-29T00:00:00.000Z,NONE,NONE
8277,1,3,2026-06-29T00:00:00.000Z,NONE,NONE
8278,1,3,2026-06-29T00:00:00.000Z,NONE,NONE
8284,1,3,2026-06-29T00:00:00.000Z,NONE,NONE
8288,1,3,2026-06-29T00:00:00.000Z,NONE,NONE
8291,1,3,2026-06-29T00:00:00.000Z,NONE,NONE
8292,1,3,2026-06-29T00:00:00.000Z,NONE,NONE
8295,1,3,2026-06-29T00:00:00.000Z,NONE,NONE
8299,1,3,2026-06-29T00:00:00.000Z,NONE,NONE
8300,1,3,2026-06-29T00:00:00.000Z,NONE,NONE
8302,1,3,2026-06-29T00:00:00.000Z,NONE,NONE
8304,1,3,2026-06-29T00:00:00.000Z,NONE,NONE
8305,1,3,2026-06-29T00:00:00.000Z,NONE,NONE
8315,1,3,2026-06-29T00:00:00.000Z,NONE,NONE
8319,1,3,2026-06-29T00:00:00.000Z,NONE,NONE
8329,1,3,2026-06-29T00:00:00.000Z,NONE,NONE
8330,1,3,2026-06-29T00:00:00.000Z,NONE,NONE
8332,1,3,2026-06-29T00:00:00.000Z,NONE,NONE
8333,1,3,2026-06-29T00:00:00.000Z,NONE,NONE
8335,1,3,2026-06-29T00:00:00.000Z,NONE,NONE
8336,1,3,2026-06-29T00:00:00.000Z,NONE,NONE
8339,1,3,2026-06-29T00:00:00.000Z,NONE,NONE
8343,1,3,2026-06-29T00:00:00.000Z,NONE,NONE
8346,1,3,2026-06-29T00:00:00.000Z,NONE,NONE
8349,1,3,2026-06-29T00:00:00.000Z,NONE,NONE
8350,1,3,2026-06-29T00:00:00.000Z,NONE,NONE
8351,1,3,2026-06-29T00:00:00.000Z,NONE,NONE
8353,1,3,2026-06-29T00:00:00.000Z,NONE,NONE
8357,1,3,2026-06-29T00:00:00.000Z,NONE,NONE
8358,1,3,2026-06-29T00:00:00.000Z,NONE,NONE
8359,1,3,2026-06-29T00:00:00.000Z,NONE,NONE
8360,1,3,2026-06-29T00:00:00.000Z,NONE,NONE
8362,1,3,2026-06-29T00:00:00.000Z,NONE,NONE
8365,1,3,2026-06-29T00:00:00.000Z,NONE,NONE
8367,1,3,2026-06-29T00:00:00.000Z,NONE,NONE
8370,1,3,2026-06-29T00:00:00.000Z,NONE,NONE
8373,1,3,2026-06-29T00:00:00.000Z,NONE,NONE
8375,1,3,2026-06-29T00:00:00.000Z,NONE,NONE
8376,1,3,2026-06-29T00:00:00.000Z,NONE,NONE
8377,1,3,2026-06-29T00:00:00.000Z,NONE,NONE
8378,1,3,2026-06-29T00:00:00.000Z,NONE,NONE
8379,1,3,2026-06-29T00:00:00.000Z,NONE,NONE
8383,1,3,2026-06-29T00:00:00.000Z,NONE,NONE
8384,1,3,2026-06-29T00:00:00.000Z,NONE,NONE
8386,1,3,2026-06-29T00:00:00.000Z,NONE,NONE
8388,1,3,2026-06-29T00:00:00.000Z,NONE,NONE
8389,1,3,2026-06-29T00:00:00.000Z,NONE,NONE
8390,1,3,2026-06-29T00:00:00.000Z,NONE,NONE
8392,1,3,2026-06-29T00:00:00.000Z,NONE,NONE
8398,1,3,2026-06-29T00:00:00.000Z,NONE,NONE
8402,1,3,2026-06-29T00:00:00.000Z,NONE,NONE
8405,1,3,2026-06-29T00:00:00.000Z,NONE,NONE
8409,1,3,2026-06-29T00:00:00.000Z,NONE,NONE
8414,1,3,2026-06-29T00:00:00.000Z,NONE,NONE
8415,1,3,2026-06-29T00:00:00.000Z,NONE,NONE
8421,1,3,2026-06-29T00:00:00.000Z,NONE,NONE
8426,1,3,2026-06-29T00:00:00.000Z,NONE,NONE
8431,1,3,2026-06-29T00:00:00.000Z,NONE,NONE
8432,1,3,2026-06-29T00:00:00.000Z,NONE,NONE
8435,1,3,2026-06-29T00:00:00.000Z,NONE,NONE
8438,1,3,2026-06-29T00:00:00.000Z,NONE,NONE
8447,1,3,2026-06-29T00:00:00.000Z,NONE,NONE
8453,1,3,2026-06-29T00:00:00.000Z,NONE,NONE
8455,1,3,2026-06-29T00:00:00.000Z,NONE,NONE
8456,1,3,2026-06-29T00:00:00.000Z,NONE,NONE
8460,1,3,2026-06-29T00:00:00.000Z,NONE,NONE
8462,1,3,2026-06-29T00:00:00.000Z,NONE,NONE
8465,1,3,2026-06-29T00:00:00.000Z,NONE,NONE
8470,1,3,2026-06-29T00:00:00.000Z,NONE,NONE
8476,1,3,2026-06-29T00:00:00.000Z,NONE,NONE
8479,1,3,2026-06-29T00:00:00.000Z,NONE,NONE
8482,1,3,2026-06-29T00:00:00.000Z,NONE,NONE
8483,1,3,2026-06-29T00:00:00.000Z,NONE,NONE
8493,1,3,2026-06-29T00:00:00.000Z,NONE,NONE
8497,1,3,2026-06-29T00:00:00.000Z,NONE,NONE
8510,1,3,2026-06-29T00:00:00.000Z,NONE,NONE
8516,1,3,2026-06-29T00:00:00.000Z,NONE,NONE
8517,1,3,2026-06-29T00:00:00.000Z,NONE,NONE
8518,1,3,2026-06-29T00:00:00.000Z,NONE,NONE
8520,1,3,2026-06-29T00:00:00.000Z,NONE,NONE
8523,1,3,2026-06-29T00:00:00.000Z,NONE,NONE
8524,1,3,2026-06-29T00:00:00.000Z,NONE,NONE
8528,1,3,2026-06-29T00:00:00.000Z,NONE,NONE
8531,1,3,2026-06-29T00:00:00.000Z,NONE,NONE
8532,1,3,2026-06-29T00:00:00.000Z,NONE,NONE
8533,1,3,2026-06-29T00:00:00.000Z,NONE,NONE
8535,1,3,2026-06-29T00:00:00.000Z,NONE,NONE
8539,1,3,2026-06-29T00:00:00.000Z,NONE,NONE
8543,1,3,2026-06-29T00:00:00.000Z,NONE,NONE
8552,1,3,2026-06-29T00:00:00.000Z,NONE,NONE
8553,1,3,2026-06-29T00:00:00.000Z,NONE,NONE
8556,1,3,2026-06-29T00:00:00.000Z,NONE,NONE
8557,1,3,2026-06-29T00:00:00.000Z,NONE,NONE
8559,1,3,2026-06-29T00:00:00.000Z,NONE,NONE
8563,1,3,2026-06-29T00:00:00.000Z,NONE,NONE
8564,1,3,2026-06-29T00:00:00.000Z,NONE,NONE
8566,1,3,2026-06-29T00:00:00.000Z,NONE,NONE
8569,1,3,2026-06-29T00:00:00.000Z,NONE,NONE
8570,1,3,2026-06-29T00:00:00.000Z,NONE,NONE
8571,1,3,2026-06-29T00:00:00.000Z,NONE,NONE
8572,1,3,2026-06-29T00:00:00.000Z,NONE,NONE
8573,1,3,2026-06-29T00:00:00.000Z,NONE,NONE
8574,1,3,2026-06-29T00:00:00.000Z,NONE,NONE
8575,1,3,2026-06-29T00:00:00.000Z,NONE,NONE
8577,1,3,2026-06-29T00:00:00.000Z,NONE,NONE
8578,1,3,2026-06-29T00:00:00.000Z,NONE,NONE
8579,1,3,2026-06-29T00:00:00.000Z,NONE,NONE
8581,1,3,2026-06-29T00:00:00.000Z,NONE,NONE
8583,1,3,2026-06-29T00:00:00.000Z,NONE,NONE
8584,1,3,2026-06-29T00:00:00.000Z,NONE,NONE
8586,1,3,2026-06-29T00:00:00.000Z,NONE,NONE
8588,1,3,2026-06-29T00:00:00.000Z,NONE,NONE
8590,1,3,2026-06-29T00:00:00.000Z,NONE,NONE
8591,1,3,2026-06-29T00:00:00.000Z,NONE,NONE
8592,1,3,2026-06-29T00:00:00.000Z,NONE,NONE
8593,1,3,2026-06-29T00:00:00.000Z,NONE,NONE
8595,1,3,2026-06-29T00:00:00.000Z,NONE,NONE
8598,1,3,2026-06-29T00:00:00.000Z,NONE,NONE
8599,1,3,2026-06-29T00:00:00.000Z,NONE,NONE
8601,1,3,2026-06-29T00:00:00.000Z,NONE,NONE
8602,1,3,2026-06-29T00:00:00.000Z,NONE,NONE
8603,1,3,2026-06-29T00:00:00.000Z,NONE,NONE
8604,1,3,2026-06-29T00:00:00.000Z,NONE,NONE
8615,1,3,2026-06-29T00:00:00.000Z,NONE,NONE
8619,1,3,2026-06-29T00:00:00.000Z,NONE,NONE
8620,1,3,2026-06-29T00:00:00.000Z,NONE,NONE
8622,1,3,2026-06-29T00:00:00.000Z,NONE,NONE
8626,1,3,2026-06-29T00:00:00.000Z,NONE,NONE
8627,1,3,2026-06-29T00:00:00.000Z,NONE,NONE
8632,1,3,2026-06-29T00:00:00.000Z,NONE,NONE
8637,1,3,2026-06-29T00:00:00.000Z,NONE,NONE
8638,1,3,2026-06-29T00:00:00.000Z,NONE,NONE
8639,1,3,2026-06-29T00:00:00.000Z,NONE,NONE
8654,1,3,2026-06-29T00:00:00.000Z,NONE,NONE
8657,1,3,2026-06-29T00:00:00.000Z,NONE,NONE
8658,1,3,2026-06-29T00:00:00.000Z,NONE,NONE
8662,1,3,2026-06-29T00:00:00.000Z,NONE,NONE
8664,1,3,2026-06-29T00:00:00.000Z,NONE,NONE
8665,1,3,2026-06-29T00:00:00.000Z,NONE,NONE
8666,1,3,2026-06-29T00:00:00.000Z,NONE,NONE
8667,1,3,2026-06-29T00:00:00.000Z,NONE,NONE
8675,1,3,2026-06-29T00:00:00.000Z,NONE,NONE
8677,1,3,2026-06-29T00:00:00.000Z,NONE,NONE
8678,1,3,2026-06-29T00:00:00.000Z,NONE,NONE
8690,1,3,2026-06-29T00:00:00.000Z,NONE,NONE
8693,1,3,2026-06-29T00:00:00.000Z,NONE,NONE
8694,1,3,2026-06-29T00:00:00.000Z,NONE,NONE
8696,1,3,2026-06-29T00:00:00.000Z,NONE,NONE
8699,1,3,2026-06-29T00:00:00.000Z,NONE,NONE
8703,1,3,2026-06-29T00:00:00.000Z,NONE,NONE
8708,1,3,2026-06-29T00:00:00.000Z,NONE,NONE
8714,1,3,2026-06-29T00:00:00.000Z,NONE,NONE
8715,1,3,2026-06-29T00:00:00.000Z,NONE,NONE
8716,1,3,2026-06-29T00:00:00.000Z,NONE,NONE
8719,1,3,2026-06-29T00:00:00.000Z,NONE,NONE
8722,1,3,2026-06-29T00:00:00.000Z,NONE,NONE
8727,1,3,2026-06-29T00:00:00.000Z,NONE,NONE
8729,1,3,2026-06-29T00:00:00.000Z,NONE,NONE
8739,1,3,2026-06-29T00:00:00.000Z,NONE,NONE
8744,1,3,2026-06-29T00:00:00.000Z,NONE,NONE
8748,1,3,2026-06-29T00:00:00.000Z,NONE,NONE
8750,1,3,2026-06-29T00:00:00.000Z,NONE,NONE
8751,1,3,2026-06-29T00:00:00.000Z,NONE,NONE
8755,1,3,2026-06-29T00:00:00.000Z,NONE,NONE
8757,1,3,2026-06-29T00:00:00.000Z,NONE,NONE
8758,1,3,2026-06-29T00:00:00.000Z,NONE,NONE
8759,1,3,2026-06-29T00:00:00.000Z,NONE,NONE
8764,1,3,2026-06-29T00:00:00.000Z,NONE,NONE
8765,1,3,2026-06-29T00:00:00.000Z,NONE,NONE
8766,1,3,2026-06-29T00:00:00.000Z,NONE,NONE
8768,1,3,2026-06-29T00:00:00.000Z,NONE,NONE
8771,1,3,2026-06-29T00:00:00.000Z,NONE,NONE
8772,1,3,2026-06-29T00:00:00.000Z,NONE,NONE
8773,1,3,2026-06-29T00:00:00.000Z,NONE,NONE
8775,1,3,2026-06-29T00:00:00.000Z,NONE,NONE
8777,1,3,2026-06-29T00:00:00.000Z,NONE,NONE
8778,1,3,2026-06-29T00:00:00.000Z,NONE,NONE
8783,1,3,2026-06-29T00:00:00.000Z,NONE,NONE
8784,1,3,2026-06-29T00:00:00.000Z,NONE,NONE
8786,1,3,2026-06-29T00:00:00.000Z,NONE,NONE
8789,1,3,2026-06-29T00:00:00.000Z,NONE,NONE
8793,1,3,2026-06-29T00:00:00.000Z,NONE,NONE
8794,1,3,2026-06-29T00:00:00.000Z,NONE,NONE
8798,1,3,2026-06-29T00:00:00.000Z,NONE,NONE
8809,1,3,2026-06-29T00:00:00.000Z,NONE,NONE
8810,1,3,2026-06-29T00:00:00.000Z,NONE,NONE
8811,1,3,2026-06-29T00:00:00.000Z,NONE,NONE
8822,1,3,2026-06-29T00:00:00.000Z,NONE,NONE
8826,1,3,2026-06-29T00:00:00.000Z,NONE,NONE
8829,1,3,2026-06-29T00:00:00.000Z,NONE,NONE
8830,1,3,2026-06-29T00:00:00.000Z,NONE,NONE
8833,1,3,2026-06-29T00:00:00.000Z,NONE,NONE
8836,1,3,2026-06-29T00:00:00.000Z,NONE,NONE
8842,1,3,2026-06-29T00:00:00.000Z,NONE,NONE
8847,1,3,2026-06-29T00:00:00.000Z,NONE,NONE
8850,1,3,2026-06-29T00:00:00.000Z,NONE,NONE
8851,1,3,2026-06-29T00:00:00.000Z,NONE,NONE
8852,1,3,2026-06-29T00:00:00.000Z,NONE,NONE
8854,1,3,2026-06-29T00:00:00.000Z,NONE,NONE
8855,1,3,2026-06-29T00:00:00.000Z,NONE,NONE
8856,1,3,2026-06-29T00:00:00.000Z,NONE,NONE
8862,1,3,2026-06-29T00:00:00.000Z,NONE,NONE
8872,1,3,2026-06-29T00:00:00.000Z,NONE,NONE
8874,1,3,2026-06-29T00:00:00.000Z,NONE,NONE
8877,1,3,2026-06-29T00:00:00.000Z,NONE,NONE
8880,1,3,2026-06-29T00:00:00.000Z,NONE,NONE
8881,1,3,2026-06-29T00:00:00.000Z,NONE,NONE
8891,1,3,2026-06-29T00:00:00.000Z,NONE,NONE
8897,1,3,2026-06-29T00:00:00.000Z,NONE,NONE
8906,1,3,2026-06-29T00:00:00.000Z,NONE,NONE
8907,1,3,2026-06-29T00:00:00.000Z,NONE,NONE
8908,1,3,2026-06-29T00:00:00.000Z,NONE,NONE
8909,1,3,2026-06-29T00:00:00.000Z,NONE,NONE
8910,1,3,2026-06-29T00:00:00.000Z,NONE,NONE
8914,1,3,2026-06-29T00:00:00.000Z,NONE,NONE
8915,1,3,2026-06-29T00:00:00.000Z,NONE,NONE
8919,1,3,2026-06-29T00:00:00.000Z,NONE,NONE
8922,1,3,2026-06-29T00:00:00.000Z,NONE,NONE
8923,1,3,2026-06-29T00:00:00.000Z,NONE,NONE
8925,1,3,2026-06-29T00:00:00.000Z,NONE,NONE
8926,1,3,2026-06-29T00:00:00.000Z,NONE,NONE
8928,1,3,2026-06-29T00:00:00.000Z,NONE,NONE
8929,1,3,2026-06-29T00:00:00.000Z,NONE,NONE
8931,1,3,2026-06-29T00:00:00.000Z,NONE,NONE
8934,1,3,2026-06-29T00:00:00.000Z,NONE,NONE
8937,1,3,2026-06-29T00:00:00.000Z,NONE,NONE
8944,1,3,2026-06-29T00:00:00.000Z,NONE,NONE
8948,1,3,2026-06-29T00:00:00.000Z,NONE,NONE
8949,1,3,2026-06-29T00:00:00.000Z,NONE,NONE
8950,1,3,2026-06-29T00:00:00.000Z,NONE,NONE
8953,1,3,2026-06-29T00:00:00.000Z,NONE,NONE
8955,1,3,2026-06-29T00:00:00.000Z,NONE,NONE
8958,1,3,2026-06-29T00:00:00.000Z,NONE,NONE
8959,1,3,2026-06-29T00:00:00.000Z,NONE,NONE
8964,1,3,2026-06-29T00:00:00.000Z,NONE,NONE
8969,1,3,2026-06-29T00:00:00.000Z,NONE,NONE
8976,1,3,2026-06-29T00:00:00.000Z,NONE,NONE
8978,1,3,2026-06-29T00:00:00.000Z,NONE,NONE
8980,1,3,2026-06-29T00:00:00.000Z,NONE,NONE
8983,1,3,2026-06-29T00:00:00.000Z,NONE,NONE
8985,1,3,2026-06-29T00:00:00.000Z,NONE,NONE
8991,1,3,2026-06-29T00:00:00.000Z,NONE,NONE
8997,1,3,2026-06-29T00:00:00.000Z,NONE,NONE
9001,1,3,2026-06-29T00:00:00.000Z,NONE,NONE
9005,1,3,2026-06-29T00:00:00.000Z,NONE,NONE
9006,1,3,2026-06-29T00:00:00.000Z,NONE,NONE
9009,1,3,2026-06-29T00:00:00.000Z,NONE,NONE
9011,1,3,2026-06-29T00:00:00.000Z,NONE,NONE
9016,1,3,2026-06-29T00:00:00.000Z,NONE,NONE
9021,1,3,2026-06-29T00:00:00.000Z,NONE,NONE
9024,1,3,2026-06-29T00:00:00.000Z,NONE,NONE
9031,1,3,2026-06-29T00:00:00.000Z,NONE,NONE
9037,1,3,2026-06-29T00:00:00.000Z,NONE,NONE
9038,1,3,2026-06-29T00:00:00.000Z,NONE,NONE
9041,1,3,2026-06-29T00:00:00.000Z,NONE,NONE
9044,1,3,2026-06-29T00:00:00.000Z,NONE,NONE
9045,1,3,2026-06-29T00:00:00.000Z,NONE,NONE
9046,1,3,2026-06-29T00:00:00.000Z,NONE,NONE
9047,1,3,2026-06-29T00:00:00.000Z,NONE,NONE
9049,1,3,2026-06-29T00:00:00.000Z,NONE,NONE
9053,1,3,2026-06-29T00:00:00.000Z,NONE,NONE
9054,1,3,2026-06-29T00:00:00.000Z,NONE,NONE
9056,1,3,2026-06-29T00:00:00.000Z,NONE,NONE
9057,1,3,2026-06-29T00:00:00.000Z,NONE,NONE
9058,1,3,2026-06-29T00:00:00.000Z,NONE,NONE
9066,1,3,2026-06-29T00:00:00.000Z,NONE,NONE
9067,1,3,2026-06-29T00:00:00.000Z,NONE,NONE
9069,1,3,2026-06-29T00:00:00.000Z,NONE,NONE
9070,1,3,2026-06-29T00:00:00.000Z,NONE,NONE
9074,1,3,2026-06-29T00:00:00.000Z,NONE,NONE
9075,1,3,2026-06-29T00:00:00.000Z,NONE,NONE
9081,1,3,2026-06-29T00:00:00.000Z,NONE,NONE
9084,1,3,2026-06-29T00:00:00.000Z,NONE,NONE
9089,1,3,2026-06-29T00:00:00.000Z,NONE,NONE
9095,1,3,2026-06-29T00:00:00.000Z,NONE,NONE
9096,1,3,2026-06-29T00:00:00.000Z,NONE,NONE
9100,1,3,2026-06-29T00:00:00.000Z,NONE,NONE
9105,1,3,2026-06-29T00:00:00.000Z,NONE,NONE
9108,1,3,2026-06-29T00:00:00.000Z,NONE,NONE
9109,1,3,2026-06-29T00:00:00.000Z,NONE,NONE
9110,1,3,2026-06-29T00:00:00.000Z,NONE,NONE
9112,1,3,2026-06-29T00:00:00.000Z,NONE,NONE
9114,1,3,2026-06-29T00:00:00.000Z,NONE,NONE
9117,1,3,2026-06-29T00:00:00.000Z,NONE,NONE
9120,1,3,2026-06-29T00:00:00.000Z,NONE,NONE
9121,1,3,2026-06-29T00:00:00.000Z,NONE,NONE
9127,1,3,2026-06-29T00:00:00.000Z,NONE,NONE
9128,1,3,2026-06-29T00:00:00.000Z,NONE,NONE
9130,1,3,2026-06-29T00:00:00.000Z,NONE,NONE
9134,1,3,2026-06-29T00:00:00.000Z,NONE,NONE
9141,1,3,2026-06-29T00:00:00.000Z,NONE,NONE
9143,1,3,2026-06-29T00:00:00.000Z,NONE,NONE
9146,1,3,2026-06-29T00:00:00.000Z,NONE,NONE
9148,1,3,2026-06-29T00:00:00.000Z,NONE,NONE
9150,1,3,2026-06-29T00:00:00.000Z,NONE,NONE
9155,1,3,2026-06-29T00:00:00.000Z,NONE,NONE
9156,1,3,2026-06-29T00:00:00.000Z,NONE,NONE
9158,1,3,2026-06-29T00:00:00.000Z,NONE,NONE
9159,1,3,2026-06-29T00:00:00.000Z,NONE,NONE
9160,1,3,2026-06-29T00:00:00.000Z,NONE,NONE
9161,1,3,2026-06-29T00:00:00.000Z,NONE,NONE
9162,1,3,2026-06-29T00:00:00.000Z,NONE,NONE
9167,1,3,2026-06-29T00:00:00.000Z,NONE,NONE
9170,1,3,2026-06-29T00:00:00.000Z,NONE,NONE
9172,1,3,2026-06-29T00:00:00.000Z,NONE,NONE
9173,1,3,2026-06-29T00:00:00.000Z,NONE,NONE
9177,1,3,2026-06-29T00:00:00.000Z,NONE,NONE
9178,1,3,2026-06-29T00:00:00.000Z,NONE,NONE
9179,1,3,2026-06-29T00:00:00.000Z,NONE,NONE
9180,1,3,2026-06-29T00:00:00.000Z,NONE,NONE
9181,1,3,2026-06-29T00:00:00.000Z,NONE,NONE
9182,1,3,2026-06-29T00:00:00.000Z,NONE,NONE
9183,1,3,2026-06-29T00:00:00.000Z,NONE,NONE
9188,1,3,2026-06-29T00:00:00.000Z,NONE,NONE
9191,1,3,2026-06-29T00:00:00.000Z,NONE,NONE
9192,1,3,2026-06-29T00:00:00.000Z,NONE,NONE
9193,1,3,2026-06-29T00:00:00.000Z,NONE,NONE
9194,1,3,2026-06-29T00:00:00.000Z,NONE,NONE
9196,1,3,2026-06-29T00:00:00.000Z,NONE,NONE
9197,1,3,2026-06-29T00:00:00.000Z,NONE,NONE
9203,1,3,2026-06-29T00:00:00.000Z,NONE,NONE
9204,1,3,2026-06-29T00:00:00.000Z,NONE,NONE
9206,1,3,2026-06-29T00:00:00.000Z,NONE,NONE
9216,1,3,2026-06-29T00:00:00.000Z,NONE,NONE
9225,1,3,2026-06-29T00:00:00.000Z,NONE,NONE
9233,1,3,2026-06-29T00:00:00.000Z,NONE,NONE
9237,1,3,2026-06-29T00:00:00.000Z,NONE,NONE
9243,1,3,2026-06-29T00:00:00.000Z,NONE,NONE
9248,1,3,2026-06-29T00:00:00.000Z,NONE,NONE
9251,1,3,2026-06-29T00:00:00.000Z,NONE,NONE
9256,1,3,2026-06-29T00:00:00.000Z,NONE,NONE
9258,1,3,2026-06-29T00:00:00.000Z,NONE,NONE
9271,1,3,2026-06-29T00:00:00.000Z,NONE,NONE
9275,1,3,2026-06-29T00:00:00.000Z,NONE,NONE
9284,1,3,2026-06-29T00:00:00.000Z,NONE,NONE
9295,1,3,2026-06-29T00:00:00.000Z,NONE,NONE
9308,1,3,2026-06-29T00:00:00.000Z,NONE,NONE
9311,1,3,2026-06-29T00:00:00.000Z,NONE,NONE
9314,1,3,2026-06-29T00:00:00.000Z,NONE,NONE
9317,1,3,2026-06-29T00:00:00.000Z,NONE,NONE
9322,1,3,2026-06-29T00:00:00.000Z,NONE,NONE
9328,1,3,2026-06-29T00:00:00.000Z,NONE,NONE
9329,1,3,2026-06-29T00:00:00.000Z,NONE,NONE
9330,1,3,2026-06-29T00:00:00.000Z,NONE,NONE
9331,1,3,2026-06-29T00:00:00.000Z,NONE,NONE
9339,1,3,2026-06-29T00:00:00.000Z,NONE,NONE
9341,1,3,2026-06-29T00:00:00.000Z,NONE,NONE
9342,1,3,2026-06-29T00:00:00.000Z,NONE,NONE
9344,1,3,2026-06-29T00:00:00.000Z,NONE,NONE
9347,1,3,2026-06-29T00:00:00.000Z,NONE,NONE
9350,1,3,2026-06-29T00:00:00.000Z,NONE,NONE
9356,1,3,2026-06-29T00:00:00.000Z,NONE,NONE
9357,1,3,2026-06-29T00:00:00.000Z,NONE,NONE
9362,1,3,2026-06-29T00:00:00.000Z,NONE,NONE
9363,1,3,2026-06-29T00:00:00.000Z,NONE,NONE
9364,1,3,2026-06-29T00:00:00.000Z,NONE,NONE
9365,1,3,2026-06-29T00:00:00.000Z,NONE,NONE
9367,1,3,2026-06-29T00:00:00.000Z,NONE,NONE
9382,1,3,2026-06-29T00:00:00.000Z,NONE,NONE
9386,1,3,2026-06-29T00:00:00.000Z,NONE,NONE
9394,1,3,2026-06-29T00:00:00.000Z,NONE,NONE
9396,1,3,2026-06-29T00:00:00.000Z,NONE,NONE
9399,1,3,2026-06-29T00:00:00.000Z,NONE,NONE
9401,1,3,2026-06-29T00:00:00.000Z,NONE,NONE
9403,1,3,2026-06-29T00:00:00.000Z,NONE,NONE
9415,1,3,2026-06-29T00:00:00.000Z,NONE,NONE
9418,1,3,2026-06-29T00:00:00.000Z,NONE,NONE
9419,1,3,2026-06-29T00:00:00.000Z,NONE,NONE
9424,1,3,2026-06-29T00:00:00.000Z,NONE,NONE
9425,1,3,2026-06-29T00:00:00.000Z,NONE,NONE
9431,1,3,2026-06-29T00:00:00.000Z,NONE,NONE
9436,1,3,2026-06-29T00:00:00.000Z,NONE,NONE
9437,1,3,2026-06-29T00:00:00.000Z,NONE,NONE
9439,1,3,2026-06-29T00:00:00.000Z,NONE,NONE
9441,1,3,2026-06-29T00:00:00.000Z,NONE,NONE
9442,1,3,2026-06-29T00:00:00.000Z,NONE,NONE
9443,1,3,2026-06-29T00:00:00.000Z,NONE,NONE
9444,1,3,2026-06-29T00:00:00.000Z,NONE,NONE
9445,1,3,2026-06-29T00:00:00.000Z,NONE,NONE
9447,1,3,2026-06-29T00:00:00.000Z,NONE,NONE
9449,1,3,2026-06-29T00:00:00.000Z,NONE,NONE
9450,1,3,2026-06-29T00:00:00.000Z,NONE,NONE
9453,1,3,2026-06-29T00:00:00.000Z,NONE,NONE
9456,1,3,2026-06-29T00:00:00.000Z,NONE,NONE
9458,1,3,2026-06-29T00:00:00.000Z,NONE,NONE
9459,1,3,2026-06-29T00:00:00.000Z,NONE,NONE
9463,1,3,2026-06-29T00:00:00.000Z,NONE,NONE
9467,1,3,2026-06-29T00:00:00.000Z,NONE,NONE
9469,1,3,2026-06-29T00:00:00.000Z,NONE,NONE
9475,1,3,2026-06-29T00:00:00.000Z,NONE,NONE
9476,1,3,2026-06-29T00:00:00.000Z,NONE,NONE
9478,1,3,2026-06-29T00:00:00.000Z,NONE,NONE
9481,1,3,2026-06-29T00:00:00.000Z,NONE,NONE
9482,1,3,2026-06-29T00:00:00.000Z,NONE,NONE
9484,1,3,2026-06-29T00:00:00.000Z,NONE,NONE
9486,1,3,2026-06-29T00:00:00.000Z,NONE,NONE
9489,1,3,2026-06-29T00:00:00.000Z,NONE,NONE
9493,1,3,2026-06-29T00:00:00.000Z,NONE,NONE
9502,1,3,2026-06-29T00:00:00.000Z,NONE,NONE
9508,1,3,2026-06-29T00:00:00.000Z,NONE,NONE
9510,1,3,2026-06-29T00:00:00.000Z,NONE,NONE
9523,1,3,2026-06-29T00:00:00.000Z,NONE,NONE
9526,1,3,2026-06-29T00:00:00.000Z,NONE,NONE
9531,1,3,2026-06-29T00:00:00.000Z,NONE,NONE
9534,1,3,2026-06-29T00:00:00.000Z,NONE,NONE
9535,1,3,2026-06-29T00:00:00.000Z,NONE,NONE
9538,1,3,2026-06-29T00:00:00.000Z,NONE,NONE
9542,1,3,2026-06-29T00:00:00.000Z,NONE,NONE
9543,1,3,2026-06-29T00:00:00.000Z,NONE,NONE
9545,1,3,2026-06-29T00:00:00.000Z,NONE,NONE
9548,1,3,2026-06-29T00:00:00.000Z,NONE,NONE
9550,1,3,2026-06-29T00:00:00.000Z,NONE,NONE
9553,1,3,2026-06-29T00:00:00.000Z,NONE,NONE
9567,1,3,2026-06-29T00:00:00.000Z,NONE,NONE
9576,1,3,2026-06-29T00:00:00.000Z,NONE,NONE
9577,1,3,2026-06-29T00:00:00.000Z,NONE,NONE
9579,1,3,2026-06-29T00:00:00.000Z,NONE,NONE
9582,1,3,2026-06-29T00:00:00.000Z,NONE,NONE
9586,1,3,2026-06-29T00:00:00.000Z,NONE,NONE
9589,1,3,2026-06-29T00:00:00.000Z,NONE,NONE
9590,1,3,2026-06-29T00:00:00.000Z,NONE,NONE
9592,1,3,2026-06-29T00:00:00.000Z,NONE,NONE
9601,1,3,2026-06-29T00:00:00.000Z,NONE,NONE
9602,1,3,2026-06-29T00:00:00.000Z,NONE,NONE
9606,1,3,2026-06-29T00:00:00.000Z,NONE,NONE
9611,1,3,2026-06-29T00:00:00.000Z,NONE,NONE
9615,1,3,2026-06-29T00:00:00.000Z,NONE,NONE
9618,1,3,2026-06-29T00:00:00.000Z,NONE,NONE
9619,1,3,2026-06-29T00:00:00.000Z,NONE,NONE
9622,1,3,2026-06-29T00:00:00.000Z,NONE,NONE
9629,1,3,2026-06-29T00:00:00.000Z,NONE,NONE
9630,1,3,2026-06-29T00:00:00.000Z,NONE,NONE
9633,1,3,2026-06-29T00:00:00.000Z,NONE,NONE
9637,1,3,2026-06-29T00:00:00.000Z,NONE,NONE
9638,1,3,2026-06-29T00:00:00.000Z,NONE,NONE
9639,1,3,2026-06-29T00:00:00.000Z,NONE,NONE
9643,1,3,2026-06-29T00:00:00.000Z,NONE,NONE
9645,1,3,2026-06-29T00:00:00.000Z,NONE,NONE
9646,1,3,2026-06-29T00:00:00.000Z,NONE,NONE
9650,1,3,2026-06-29T00:00:00.000Z,NONE,NONE
9651,1,3,2026-06-29T00:00:00.000Z,NONE,NONE
9652,1,3,2026-06-29T00:00:00.000Z,NONE,NONE
9656,1,3,2026-06-29T00:00:00.000Z,NONE,NONE
9664,1,3,2026-06-29T00:00:00.000Z,NONE,NONE
9670,1,3,2026-06-29T00:00:00.000Z,NONE,NONE
9677,1,3,2026-06-29T00:00:00.000Z,NONE,NONE
9679,1,3,2026-06-29T00:00:00.000Z,NONE,NONE
9680,1,3,2026-06-29T00:00:00.000Z,NONE,NONE
9685,1,3,2026-06-29T00:00:00.000Z,NONE,NONE
9698,1,3,2026-06-29T00:00:00.000Z,NONE,NONE
9701,1,3,2026-06-29T00:00:00.000Z,NONE,NONE
9702,1,3,2026-06-29T00:00:00.000Z,NONE,NONE
9705,1,3,2026-06-29T00:00:00.000Z,NONE,NONE
9710,1,3,2026-06-29T00:00:00.000Z,NONE,NONE
9717,1,3,2026-06-29T00:00:00.000Z,NONE,NONE
9719,1,3,2026-06-29T00:00:00.000Z,NONE,NONE
9720,1,3,2026-06-29T00:00:00.000Z,NONE,NONE
9721,1,3,2026-06-29T00:00:00.000Z,NONE,NONE
9723,1,3,2026-06-29T00:00:00.000Z,NONE,NONE
9724,1,3,2026-06-29T00:00:00.000Z,NONE,NONE
9726,1,3,2026-06-29T00:00:00.000Z,NONE,NONE
9729,1,3,2026-06-29T00:00:00.000Z,NONE,NONE
9733,1,3,2026-06-29T00:00:00.000Z,NONE,NONE
9736,1,3,2026-06-29T00:00:00.000Z,NONE,NONE
9740,1,3,2026-06-29T00:00:00.000Z,NONE,NONE
9741,1,3,2026-06-29T00:00:00.000Z,NONE,NONE
9745,1,3,2026-06-29T00:00:00.000Z,NONE,NONE
9750,1,3,2026-06-29T00:00:00.000Z,NONE,NONE
9751,1,3,2026-06-29T00:00:00.000Z,NONE,NONE
9756,1,3,2026-06-29T00:00:00.000Z,NONE,NONE
9757,1,3,2026-06-29T00:00:00.000Z,NONE,NONE
9760,1,3,2026-06-29T00:00:00.000Z,NONE,NONE
9761,1,3,2026-06-29T00:00:00.000Z,NONE,NONE
9768,1,3,2026-06-29T00:00:00.000Z,NONE,NONE
9774,1,3,2026-06-29T00:00:00.000Z,NONE,NONE
9779,1,3,2026-06-29T00:00:00.000Z,NONE,NONE
9780,1,3,2026-06-29T00:00:00.000Z,NONE,NONE
9783,1,3,2026-06-29T00:00:00.000Z,NONE,NONE
9784,1,3,2026-06-29T00:00:00.000Z,NONE,NONE
9785,1,3,2026-06-29T00:00:00.000Z,NONE,NONE
9786,1,3,2026-06-29T00:00:00.000Z,NONE,NONE
9789,1,3,2026-06-29T00:00:00.000Z,NONE,NONE
9792,1,3,2026-06-29T00:00:00.000Z,NONE,NONE
9797,1,3,2026-06-29T00:00:00.000Z,NONE,NONE
9801,1,3,2026-06-29T00:00:00.000Z,NONE,NONE
9803,1,3,2026-06-29T00:00:00.000Z,NONE,NONE
9804,1,3,2026-06-29T00:00:00.000Z,NONE,NONE
9805,1,3,2026-06-29T00:00:00.000Z,NONE,NONE
9806,1,3,2026-06-29T00:00:00.000Z,NONE,NONE
9809,1,3,2026-06-29T00:00:00.000Z,NONE,NONE
9810,1,3,2026-06-29T00:00:00.000Z,NONE,NONE
9813,1,3,2026-06-29T00:00:00.000Z,NONE,NONE
9816,1,3,2026-06-29T00:00:00.000Z,NONE,NONE
9820,1,3,2026-06-29T00:00:00.000Z,NONE,NONE
9824,1,3,2026-06-29T00:00:00.000Z,NONE,NONE
9830,1,3,2026-06-29T00:00:00.000Z,NONE,NONE
9842,1,3,2026-06-29T00:00:00.000Z,NONE,NONE
9845,1,3,2026-06-29T00:00:00.000Z,NONE,NONE
9848,1,3,2026-06-29T00:00:00.000Z,NONE,NONE
9850,1,3,2026-06-29T00:00:00.000Z,NONE,NONE
9852,1,3,2026-06-29T00:00:00.000Z,NONE,NONE
9854,1,3,2026-06-29T00:00:00.000Z,NONE,NONE
9859,1,3,2026-06-29T00:00:00.000Z,NONE,NONE
9862,1,3,2026-06-29T00:00:00.000Z,NONE,NONE
9864,1,3,2026-06-29T00:00:00.000Z,NONE,NONE
9867,1,3,2026-06-29T00:00:00.000Z,NONE,NONE
9873,1,3,2026-06-29T00:00:00.000Z,NONE,NONE
9876,1,3,2026-06-29T00:00:00.000Z,NONE,NONE
9880,1,3,2026-06-29T00:00:00.000Z,NONE,NONE
9881,1,3,2026-06-29T00:00:00.000Z,NONE,NONE
9883,1,3,2026-06-29T00:00:00.000Z,NONE,NONE
9884,1,3,2026-06-29T00:00:00.000Z,NONE,NONE
9891,1,3,2026-06-29T00:00:00.000Z,NONE,NONE
9892,1,3,2026-06-29T00:00:00.000Z,NONE,NONE
9895,1,3,2026-06-29T00:00:00.000Z,NONE,NONE
9898,1,3,2026-06-29T00:00:00.000Z,NONE,NONE
9908,1,3,2026-06-29T00:00:00.000Z,NONE,NONE
9910,1,3,2026-06-29T00:00:00.000Z,NONE,NONE
9912,1,3,2026-06-29T00:00:00.000Z,NONE,NONE
9921,1,3,2026-06-29T00:00:00.000Z,NONE,NONE
9928,1,3,2026-06-29T00:00:00.000Z,NONE,NONE
9930,1,3,2026-06-29T00:00:00.000Z,NONE,NONE
9932,1,3,2026-06-29T00:00:00.000Z,NONE,NONE
9937,1,3,2026-06-29T00:00:00.000Z,NONE,NONE
9939,1,3,2026-06-29T00:00:00.000Z,NONE,NONE
9947,1,3,2026-06-29T00:00:00.000Z,NONE,NONE
9948,1,3,2026-06-29T00:00:00.000Z,NONE,NONE
9949,1,3,2026-06-29T00:00:00.000Z,NONE,NONE
9951,1,3,2026-06-29T00:00:00.000Z,NONE,NONE
9953,1,3,2026-06-29T00:00:00.000Z,NONE,NONE
9955,1,3,2026-06-29T00:00:00.000Z,NONE,NONE
9956,1,3,2026-06-29T00:00:00.000Z,NONE,NONE
9958,1,3,2026-06-29T00:00:00.000Z,NONE,NONE
9970,1,3,2026-06-29T00:00:00.000Z,NONE,NONE
9972,1,3,2026-06-29T00:00:00.000Z,NONE,NONE
9975,1,3,2026-06-29T00:00:00.000Z,NONE,NONE
9982,1,3,2026-06-29T00:00:00.000Z,NONE,NONE
9984,1,3,2026-06-29T00:00:00.000Z,NONE,NONE
9985,1,3,2026-06-29T00:00:00.000Z,NONE,NONE
9990,1,3,2026-06-29T00:00:00.000Z,NONE,NONE
9992,1,3,2026-06-29T00:00:00.000Z,NONE,NONE
9993,1,3,2026-06-29T00:00:00.000Z,NONE,NONE
9994,1,3,2026-06-29T00:00:00.000Z,NONE,NONE
9999,1,3,2026-06-29T00:00:00.000Z,NONE,NONE
10004,1,3,2026-06-29T00:00:00.000Z,NONE,NONE
10005,1,3,2026-06-29T00:00:00.000Z,NONE,NONE
10009,1,3,2026-06-29T00:00:00.000Z,NONE,NONE
10016,1,3,2026-06-29T00:00:00.000Z,NONE,NONE
10018,1,3,2026-06-29T00:00:00.000Z,NONE,NONE
10019,1,3,2026-06-29T00:00:00.000Z,NONE,NONE
10020,1,3,2026-06-29T00:00:00.000Z,NONE,NONE
10022,1,3,2026-06-29T00:00:00.000Z,NONE,NONE
10026,1,3,2026-06-29T00:00:00.000Z,NONE,NONE
10031,1,3,2026-06-29T00:00:00.000Z,NONE,NONE
10034,1,3,2026-06-29T00:00:00.000Z,NONE,NONE
10038,1,3,2026-06-29T00:00:00.000Z,NONE,NONE
10039,1,3,2026-06-29T00:00:00.000Z,NONE,NONE
10044,1,3,2026-06-29T00:00:00.000Z,NONE,NONE
10046,1,3,2026-06-29T00:00:00.000Z,NONE,NONE
10047,1,3,2026-06-29T00:00:00.000Z,NONE,NONE
10050,1,3,2026-06-29T00:00:00.000Z,NONE,NONE
10055,1,3,2026-06-29T00:00:00.000Z,NONE,NONE
10059,1,3,2026-06-29T00:00:00.000Z,NONE,NONE
10064,1,3,2026-06-29T00:00:00.000Z,NONE,NONE
10069,1,3,2026-06-29T00:00:00.000Z,NONE,NONE
10071,1,3,2026-06-29T00:00:00.000Z,NONE,NONE
10075,1,3,2026-06-29T00:00:00.000Z,NONE,NONE
10077,1,3,2026-06-29T00:00:00.000Z,NONE,NONE
10079,1,3,2026-06-29T00:00:00.000Z,NONE,NONE
10083,1,3,2026-06-29T00:00:00.000Z,NONE,NONE
10085,1,3,2026-06-29T00:00:00.000Z,NONE,NONE
10086,1,3,2026-06-29T00:00:00.000Z,NONE,NONE
10087,1,3,2026-06-29T00:00:00.000Z,NONE,NONE
10094,1,3,2026-06-29T00:00:00.000Z,NONE,NONE
10095,1,3,2026-06-29T00:00:00.000Z,NONE,NONE
10100,1,3,2026-06-29T00:00:00.000Z,NONE,NONE
10102,1,3,2026-06-29T00:00:00.000Z,NONE,NONE
10105,1,3,2026-06-29T00:00:00.000Z,NONE,NONE
10107,1,3,2026-06-29T00:00:00.000Z,NONE,NONE
10110,1,3,2026-06-29T00:00:00.000Z,NONE,NONE
10113,1,3,2026-06-29T00:00:00.000Z,NONE,NONE
10118,1,3,2026-06-29T00:00:00.000Z,NONE,NONE
10119,1,3,2026-06-29T00:00:00.000Z,NONE,NONE
10122,1,3,2026-06-29T00:00:00.000Z,NONE,NONE
10125,1,3,2026-06-29T00:00:00.000Z,NONE,NONE
10133,1,3,2026-06-29T00:00:00.000Z,NONE,NONE
10135,1,3,2026-06-29T00:00:00.000Z,NONE,NONE
10141,1,3,2026-06-29T00:00:00.000Z,NONE,NONE
10145,1,3,2026-06-29T00:00:00.000Z,NONE,NONE
10152,1,3,2026-06-29T00:00:00.000Z,NONE,NONE
10159,1,3,2026-06-29T00:00:00.000Z,NONE,NONE
10164,1,3,2026-06-29T00:00:00.000Z,NONE,NONE
10167,1,3,2026-06-29T00:00:00.000Z,NONE,NONE
10170,1,3,2026-06-29T00:00:00.000Z,NONE,NONE
10171,1,3,2026-06-29T00:00:00.000Z,NONE,NONE
10173,1,3,2026-06-29T00:00:00.000Z,NONE,NONE
10179,1,3,2026-06-29T00:00:00.000Z,NONE,NONE
10180,1,3,2026-06-29T00:00:00.000Z,NONE,NONE
10183,1,3,2026-06-29T00:00:00.000Z,NONE,NONE
10193,1,3,2026-06-29T00:00:00.000Z,NONE,NONE
10200,1,3,2026-06-29T00:00:00.000Z,NONE,NONE
10205,1,3,2026-06-29T00:00:00.000Z,NONE,NONE
10208,1,3,2026-06-29T00:00:00.000Z,NONE,NONE
10210,1,3,2026-06-29T00:00:00.000Z,NONE,NONE
10212,1,3,2026-06-29T00:00:00.000Z,NONE,NONE
10214,1,3,2026-06-29T00:00:00.000Z,NONE,NONE
10215,1,3,2026-06-29T00:00:00.000Z,NONE,NONE
10221,1,3,2026-06-29T00:00:00.000Z,NONE,NONE
10226,1,3,2026-06-29T00:00:00.000Z,NONE,NONE
10229,1,3,2026-06-29T00:00:00.000Z,NONE,NONE
10246,1,3,2026-06-29T00:00:00.000Z,NONE,NONE
10248,1,3,2026-06-29T00:00:00.000Z,NONE,NONE
10260,1,3,2026-06-29T00:00:00.000Z,NONE,NONE
10261,1,3,2026-06-29T00:00:00.000Z,NONE,NONE
10296,1,3,2026-06-29T00:00:00.000Z,NONE,NONE
10299,1,3,2026-06-29T00:00:00.000Z,NONE,NONE
10307,1,3,2026-06-29T00:00:00.000Z,NONE,NONE
10318,1,3,2026-06-29T00:00:00.000Z,NONE,NONE
10319,1,3,2026-06-29T00:00:00.000Z,NONE,NONE
10322,1,3,2026-06-29T00:00:00.000Z,NONE,NONE
10332,1,3,2026-06-29T00:00:00.000Z,NONE,NONE
10353,1,3,2026-06-29T00:00:00.000Z,NONE,NONE
10356,1,3,2026-06-29T00:00:00.000Z,NONE,NONE
10360,1,3,2026-06-29T00:00:00.000Z,NONE,NONE
10362,1,3,2026-06-29T00:00:00.000Z,NONE,NONE
10377,1,3,2026-06-29T00:00:00.000Z,NONE,NONE
10382,1,3,2026-06-29T00:00:00.000Z,NONE,NONE
10386,1,3,2026-06-29T00:00:00.000Z,NONE,NONE
10394,1,3,2026-06-29T00:00:00.000Z,NONE,NONE
10395,1,3,2026-06-29T00:00:00.000Z,NONE,NONE
10400,1,3,2026-06-29T00:00:00.000Z,NONE,NONE
10403,1,3,2026-06-29T00:00:00.000Z,NONE,NONE
10409,1,3,2026-06-29T00:00:00.000Z,NONE,NONE
10429,1,3,2026-06-29T00:00:00.000Z,NONE,NONE
10432,1,3,2026-06-29T00:00:00.000Z,NONE,NONE
10433,1,3,2026-06-29T00:00:00.000Z,NONE,NONE
10434,1,3,2026-06-29T00:00:00.000Z,NONE,NONE
10435,1,3,2026-06-29T00:00:00.000Z,NONE,NONE
10436,1,3,2026-06-29T00:00:00.000Z,NONE,NONE
10438,1,3,2026-06-29T00:00:00.000Z,NONE,NONE
10439,1,3,2026-06-29T00:00:00.000Z,NONE,NONE
10440,1,3,2026-06-29T00:00:00.000Z,NONE,NONE
10445,1,3,2026-06-29T00:00:00.000Z,NONE,NONE
10447,1,3,2026-06-29T00:00:00.000Z,NONE,NONE
10451,1,3,2026-06-29T00:00:00.000Z,NONE,NONE
10455,1,3,2026-06-29T00:00:00.000Z,NONE,NONE
10458,1,3,2026-06-29T00:00:00.000Z,NONE,NONE
10462,1,3,2026-06-29T00:00:00.000Z,NONE,NONE
10464,1,3,2026-06-29T00:00:00.000Z,NONE,NONE
10466,1,3,2026-06-29T00:00:00.000Z,NONE,NONE
10467,1,3,2026-06-29T00:00:00.000Z,NONE,NONE
10469,1,3,2026-06-29T00:00:00.000Z,NONE,NONE
10478,1,3,2026-06-29T00:00:00.000Z,NONE,NONE
10482,1,3,2026-06-29T00:00:00.000Z,NONE,NONE
10485,1,3,2026-06-29T00:00:00.000Z,NONE,NONE
10486,1,3,2026-06-29T00:00:00.000Z,NONE,NONE
10489,1,3,2026-06-29T00:00:00.000Z,NONE,NONE
10490,1,3,2026-06-29T00:00:00.000Z,NONE,NONE
10491,1,3,2026-06-29T00:00:00.000Z,NONE,NONE
10497,1,3,2026-06-29T00:00:00.000Z,NONE,NONE
10503,1,3,2026-06-29T00:00:00.000Z,NONE,NONE
10505,1,3,2026-06-29T00:00:00.000Z,NONE,NONE
10507,1,3,2026-06-29T00:00:00.000Z,NONE,NONE
10508,1,3,2026-06-29T00:00:00.000Z,NONE,NONE
10510,1,3,2026-06-29T00:00:00.000Z,NONE,NONE
10512,1,3,2026-06-29T00:00:00.000Z,NONE,NONE
10518,1,3,2026-06-29T00:00:00.000Z,NONE,NONE
10523,1,3,2026-06-29T00:00:00.000Z,NONE,NONE
10529,1,3,2026-06-29T00:00:00.000Z,NONE,NONE
10535,1,3,2026-06-29T00:00:00.000Z,NONE,NONE
10547,1,3,2026-06-29T00:00:00.000Z,NONE,NONE
10548,1,3,2026-06-29T00:00:00.000Z,NONE,NONE
10552,1,3,2026-06-29T00:00:00.000Z,NONE,NONE
10556,1,3,2026-06-29T00:00:00.000Z,NONE,NONE
10558,1,3,2026-06-29T00:00:00.000Z,NONE,NONE
10560,1,3,2026-06-29T00:00:00.000Z,NONE,NONE
10570,1,3,2026-06-29T00:00:00.000Z,NONE,NONE
10571,1,3,2026-06-29T00:00:00.000Z,NONE,NONE
10574,1,3,2026-06-29T00:00:00.000Z,NONE,NONE
10594,1,3,2026-06-29T00:00:00.000Z,NONE,NONE
10595,1,3,2026-06-29T00:00:00.000Z,NONE,NONE
10603,1,3,2026-06-29T00:00:00.000Z,NONE,NONE
10606,1,3,2026-06-29T00:00:00.000Z,NONE,NONE
10608,1,3,2026-06-29T00:00:00.000Z,NONE,NONE
10611,1,3,2026-06-29T00:00:00.000Z,NONE,NONE
10617,1,3,2026-06-29T00:00:00.000Z,NONE,NONE
10625,1,3,2026-06-29T00:00:00.000Z,NONE,NONE
10633,1,3,2026-06-29T00:00:00.000Z,NONE,NONE
10635,1,3,2026-06-29T00:00:00.000Z,NONE,NONE
10639,1,3,2026-06-29T00:00:00.000Z,NONE,NONE
10642,1,3,2026-06-29T00:00:00.000Z,NONE,NONE
10647,1,3,2026-06-29T00:00:00.000Z,NONE,NONE
10649,1,3,2026-06-29T00:00:00.000Z,NONE,NONE
10656,1,3,2026-06-29T00:00:00.000Z,NONE,NONE
10657,1,3,2026-06-29T00:00:00.000Z,NONE,NONE
10675,1,3,2026-06-29T00:00:00.000Z,NONE,NONE
10685,1,3,2026-06-29T00:00:00.000Z,NONE,NONE
10689,1,3,2026-06-29T00:00:00.000Z,NONE,NONE
10691,1,3,2026-06-29T00:00:00.000Z,NONE,NONE
10694,1,3,2026-06-29T00:00:00.000Z,NONE,NONE
10695,1,3,2026-06-29T00:00:00.000Z,NONE,NONE
10698,1,3,2026-06-29T00:00:00.000Z,NONE,NONE
10701,1,3,2026-06-29T00:00:00.000Z,NONE,NONE
10708,1,3,2026-06-29T00:00:00.000Z,NONE,NONE
10714,1,3,2026-06-29T00:00:00.000Z,NONE,NONE
10719,1,3,2026-06-29T00:00:00.000Z,NONE,NONE
10722,1,3,2026-06-29T00:00:00.000Z,NONE,NONE
10725,1,3,2026-06-29T00:00:00.000Z,NONE,NONE
10726,1,3,2026-06-29T00:00:00.000Z,NONE,NONE
10733,1,3,2026-06-29T00:00:00.000Z,NONE,NONE
10737,1,3,2026-06-29T00:00:00.000Z,NONE,NONE
10741,1,3,2026-06-29T00:00:00.000Z,NONE,NONE
10757,1,3,2026-06-29T00:00:00.000Z,NONE,NONE
3,1,3,2026-06-30T00:00:00.000Z,NONE,NONE
4,1,3,2026-06-30T00:00:00.000Z,NONE,NONE
11,1,3,2026-06-30T00:00:00.000Z,NONE,NONE
12,1,3,2026-06-30T00:00:00.000Z,NONE,NONE
13,1,3,2026-06-30T00:00:00.000Z,NONE,NONE
15,1,3,2026-06-30T00:00:00.000Z,NONE,NONE
21,1,3,2026-06-30T00:00:00.000Z,NONE,NONE
24,1,3,2026-06-30T00:00:00.000Z,NONE,NONE
27,1,3,2026-06-30T00:00:00.000Z,NONE,NONE
34,1,3,2026-06-30T00:00:00.000Z,NONE,NONE
37,1,3,2026-06-30T00:00:00.000Z,NONE,NONE
44,1,3,2026-06-30T00:00:00.000Z,NONE,NONE
45,1,3,2026-06-30T00:00:00.000Z,NONE,NONE
46,1,3,2026-06-30T00:00:00.000Z,NONE,NONE
49,1,3,2026-06-30T00:00:00.000Z,NONE,NONE
56,1,3,2026-06-30T00:00:00.000Z,NONE,NONE
59,1,3,2026-06-30T00:00:00.000Z,NONE,NONE
61,1,3,2026-06-30T00:00:00.000Z,NONE,NONE
63,1,3,2026-06-30T00:00:00.000Z,NONE,NONE
64,1,3,2026-06-30T00:00:00.000Z,NONE,NONE
65,1,3,2026-06-30T00:00:00.000Z,NONE,NONE
68,1,3,2026-06-30T00:00:00.000Z,NONE,NONE
86,1,3,2026-06-30T00:00:00.000Z,NONE,NONE
87,1,3,2026-06-30T00:00:00.000Z,NONE,NONE
92,1,3,2026-06-30T00:00:00.000Z,NONE,NONE
93,1,3,2026-06-30T00:00:00.000Z,NONE,NONE
94,1,3,2026-06-30T00:00:00.000Z,NONE,NONE
96,1,3,2026-06-30T00:00:00.000Z,NONE,NONE
98,1,3,2026-06-30T00:00:00.000Z,NONE,NONE
99,1,3,2026-06-30T00:00:00.000Z,NONE,NONE
108,1,3,2026-06-30T00:00:00.000Z,NONE,NONE
116,1,3,2026-06-30T00:00:00.000Z,NONE,NONE
117,1,3,2026-06-30T00:00:00.000Z,NONE,NONE
119,1,3,2026-06-30T00:00:00.000Z,NONE,NONE
130,1,3,2026-06-30T00:00:00.000Z,NONE,NONE
133,1,3,2026-06-30T00:00:00.000Z,NONE,NONE
137,1,3,2026-06-30T00:00:00.000Z,NONE,NONE
138,1,3,2026-06-30T00:00:00.000Z,NONE,NONE
139,1,3,2026-06-30T00:00:00.000Z,NONE,NONE
147,1,3,2026-06-30T00:00:00.000Z,NONE,NONE
150,1,3,2026-06-30T00:00:00.000Z,NONE,NONE
152,1,3,2026-06-30T00:00:00.000Z,NONE,NONE
157,1,3,2026-06-30T00:00:00.000Z,NONE,NONE
159,1,3,2026-06-30T00:00:00.000Z,NONE,NONE
164,1,3,2026-06-30T00:00:00.000Z,NONE,NONE
165,1,3,2026-06-30T00:00:00.000Z,NONE,NONE
167,1,3,2026-06-30T00:00:00.000Z,NONE,NONE
169,1,3,2026-06-30T00:00:00.000Z,NONE,NONE
173,1,3,2026-06-30T00:00:00.000Z,NONE,NONE
175,1,3,2026-06-30T00:00:00.000Z,NONE,NONE
176,1,3,2026-06-30T00:00:00.000Z,NONE,NONE
177,1,3,2026-06-30T00:00:00.000Z,NONE,NONE
178,1,3,2026-06-30T00:00:00.000Z,NONE,NONE
180,1,3,2026-06-30T00:00:00.000Z,NONE,NONE
181,1,3,2026-06-30T00:00:00.000Z,NONE,NONE
184,1,3,2026-06-30T00:00:00.000Z,NONE,NONE
185,1,3,2026-06-30T00:00:00.000Z,NONE,NONE
194,1,3,2026-06-30T00:00:00.000Z,NONE,NONE
195,1,3,2026-06-30T00:00:00.000Z,NONE,NONE
196,1,3,2026-06-30T00:00:00.000Z,NONE,NONE
199,1,3,2026-06-30T00:00:00.000Z,NONE,NONE
201,1,3,2026-06-30T00:00:00.000Z,NONE,NONE
202,1,3,2026-06-30T00:00:00.000Z,NONE,NONE
205,1,3,2026-06-30T00:00:00.000Z,NONE,NONE
206,1,3,2026-06-30T00:00:00.000Z,NONE,NONE
207,1,3,2026-06-30T00:00:00.000Z,NONE,NONE
210,1,3,2026-06-30T00:00:00.000Z,NONE,NONE
211,1,3,2026-06-30T00:00:00.000Z,NONE,NONE
214,1,3,2026-06-30T00:00:00.000Z,NONE,NONE
218,1,3,2026-06-30T00:00:00.000Z,NONE,NONE
222,1,3,2026-06-30T00:00:00.000Z,NONE,NONE
224,1,3,2026-06-30T00:00:00.000Z,NONE,NONE
230,1,3,2026-06-30T00:00:00.000Z,NONE,NONE
233,1,3,2026-06-30T00:00:00.000Z,NONE,NONE
234,1,3,2026-06-30T00:00:00.000Z,NONE,NONE
235,1,3,2026-06-30T00:00:00.000Z,NONE,NONE
237,1,3,2026-06-30T00:00:00.000Z,NONE,NONE
238,1,3,2026-06-30T00:00:00.000Z,NONE,NONE
239,1,3,2026-06-30T00:00:00.000Z,NONE,NONE
241,1,3,2026-06-30T00:00:00.000Z,NONE,NONE
243,1,3,2026-06-30T00:00:00.000Z,NONE,NONE
247,1,3,2026-06-30T00:00:00.000Z,NONE,NONE
248,1,3,2026-06-30T00:00:00.000Z,NONE,NONE
249,1,3,2026-06-30T00:00:00.000Z,NONE,NONE
251,1,3,2026-06-30T00:00:00.000Z,NONE,NONE
252,1,3,2026-06-30T00:00:00.000Z,NONE,NONE
253,1,3,2026-06-30T00:00:00.000Z,NONE,NONE
256,1,3,2026-06-30T00:00:00.000Z,NONE,NONE
257,1,3,2026-06-30T00:00:00.000Z,NONE,NONE
258,1,3,2026-06-30T00:00:00.000Z,NONE,NONE
266,1,3,2026-06-30T00:00:00.000Z,NONE,NONE
267,1,3,2026-06-30T00:00:00.000Z,NONE,NONE
271,1,3,2026-06-30T00:00:00.000Z,NONE,NONE
272,1,3,2026-06-30T00:00:00.000Z,NONE,NONE
277,1,3,2026-06-30T00:00:00.000Z,NONE,NONE
282,1,3,2026-06-30T00:00:00.000Z,NONE,NONE
291,1,3,2026-06-30T00:00:00.000Z,NONE,NONE
293,1,3,2026-06-30T00:00:00.000Z,NONE,NONE
295,1,3,2026-06-30T00:00:00.000Z,NONE,NONE
298,1,3,2026-06-30T00:00:00.000Z,NONE,NONE
301,1,3,2026-06-30T00:00:00.000Z,NONE,NONE
314,1,3,2026-06-30T00:00:00.000Z,NONE,NONE
315,1,3,2026-06-30T00:00:00.000Z,NONE,NONE
316,1,3,2026-06-30T00:00:00.000Z,NONE,NONE
317,1,3,2026-06-30T00:00:00.000Z,NONE,NONE
321,1,3,2026-06-30T00:00:00.000Z,NONE,NONE
324,1,3,2026-06-30T00:00:00.000Z,NONE,NONE
325,1,3,2026-06-30T00:00:00.000Z,NONE,NONE
330,1,3,2026-06-30T00:00:00.000Z,NONE,NONE
342,1,3,2026-06-30T00:00:00.000Z,NONE,NONE
346,1,3,2026-06-30T00:00:00.000Z,NONE,NONE
352,1,3,2026-06-30T00:00:00.000Z,NONE,NONE
353,1,3,2026-06-30T00:00:00.000Z,NONE,NONE
356,1,3,2026-06-30T00:00:00.000Z,NONE,NONE
359,1,3,2026-06-30T00:00:00.000Z,NONE,NONE
360,1,3,2026-06-30T00:00:00.000Z,NONE,NONE
362,1,3,2026-06-30T00:00:00.000Z,NONE,NONE
367,1,3,2026-06-30T00:00:00.000Z,NONE,NONE
369,1,3,2026-06-30T00:00:00.000Z,NONE,NONE
375,1,3,2026-06-30T00:00:00.000Z,NONE,NONE
376,1,3,2026-06-30T00:00:00.000Z,NONE,NONE
377,1,3,2026-06-30T00:00:00.000Z,NONE,NONE
378,1,3,2026-06-30T00:00:00.000Z,NONE,NONE
381,1,3,2026-06-30T00:00:00.000Z,NONE,NONE
382,1,3,2026-06-30T00:00:00.000Z,NONE,NONE
385,1,3,2026-06-30T00:00:00.000Z,NONE,NONE
388,1,3,2026-06-30T00:00:00.000Z,NONE,NONE
389,1,3,2026-06-30T00:00:00.000Z,NONE,NONE
391,1,3,2026-06-30T00:00:00.000Z,NONE,NONE
392,1,3,2026-06-30T00:00:00.000Z,NONE,NONE
395,1,3,2026-06-30T00:00:00.000Z,NONE,NONE
398,1,3,2026-06-30T00:00:00.000Z,NONE,NONE
400,1,3,2026-06-30T00:00:00.000Z,NONE,NONE
407,1,3,2026-06-30T00:00:00.000Z,NONE,NONE
408,1,3,2026-06-30T00:00:00.000Z,NONE,NONE
409,1,3,2026-06-30T00:00:00.000Z,NONE,NONE
411,1,3,2026-06-30T00:00:00.000Z,NONE,NONE
412,1,3,2026-06-30T00:00:00.000Z,NONE,NONE
415,1,3,2026-06-30T00:00:00.000Z,NONE,NONE
417,1,3,2026-06-30T00:00:00.000Z,NONE,NONE
420,1,3,2026-06-30T00:00:00.000Z,NONE,NONE
422,1,3,2026-06-30T00:00:00.000Z,NONE,NONE
427,1,3,2026-06-30T00:00:00.000Z,NONE,NONE
428,1,3,2026-06-30T00:00:00.000Z,NONE,NONE
432,1,3,2026-06-30T00:00:00.000Z,NONE,NONE
433,1,3,2026-06-30T00:00:00.000Z,NONE,NONE
438,1,3,2026-06-30T00:00:00.000Z,NONE,NONE
439,1,3,2026-06-30T00:00:00.000Z,NONE,NONE
442,1,3,2026-06-30T00:00:00.000Z,NONE,NONE
443,1,3,2026-06-30T00:00:00.000Z,NONE,NONE
450,1,3,2026-06-30T00:00:00.000Z,NONE,NONE
454,1,3,2026-06-30T00:00:00.000Z,NONE,NONE
455,1,3,2026-06-30T00:00:00.000Z,NONE,NONE
456,1,3,2026-06-30T00:00:00.000Z,NONE,NONE
458,1,3,2026-06-30T00:00:00.000Z,NONE,NONE
461,1,3,2026-06-30T00:00:00.000Z,NONE,NONE
472,1,3,2026-06-30T00:00:00.000Z,NONE,NONE
484,1,3,2026-06-30T00:00:00.000Z,NONE,NONE
488,1,3,2026-06-30T00:00:00.000Z,NONE,NONE
489,1,3,2026-06-30T00:00:00.000Z,NONE,NONE
508,1,3,2026-06-30T00:00:00.000Z,NONE,NONE
509,1,3,2026-06-30T00:00:00.000Z,NONE,NONE
512,1,3,2026-06-30T00:00:00.000Z,NONE,NONE
516,1,3,2026-06-30T00:00:00.000Z,NONE,NONE
525,1,3,2026-06-30T00:00:00.000Z,NONE,NONE
529,1,3,2026-06-30T00:00:00.000Z,NONE,NONE
531,1,3,2026-06-30T00:00:00.000Z,NONE,NONE
534,1,3,2026-06-30T00:00:00.000Z,NONE,NONE
535,1,3,2026-06-30T00:00:00.000Z,NONE,NONE
544,1,3,2026-06-30T00:00:00.000Z,NONE,NONE
545,1,3,2026-06-30T00:00:00.000Z,NONE,NONE
547,1,3,2026-06-30T00:00:00.000Z,NONE,NONE
555,1,3,2026-06-30T00:00:00.000Z,NONE,NONE
560,1,3,2026-06-30T00:00:00.000Z,NONE,NONE
567,1,3,2026-06-30T00:00:00.000Z,NONE,NONE
573,1,3,2026-06-30T00:00:00.000Z,NONE,NONE
577,1,3,2026-06-30T00:00:00.000Z,NONE,NONE
578,1,3,2026-06-30T00:00:00.000Z,NONE,NONE
585,1,3,2026-06-30T00:00:00.000Z,NONE,NONE
588,1,3,2026-06-30T00:00:00.000Z,NONE,NONE
594,1,3,2026-06-30T00:00:00.000Z,NONE,NONE
610,1,3,2026-06-30T00:00:00.000Z,NONE,NONE
611,1,3,2026-06-30T00:00:00.000Z,NONE,NONE
614,1,3,2026-06-30T00:00:00.000Z,NONE,NONE
628,1,3,2026-06-30T00:00:00.000Z,NONE,NONE
635,1,3,2026-06-30T00:00:00.000Z,NONE,NONE
645,1,3,2026-06-30T00:00:00.000Z,NONE,NONE
646,1,3,2026-06-30T00:00:00.000Z,NONE,NONE
648,1,3,2026-06-30T00:00:00.000Z,NONE,NONE
649,1,3,2026-06-30T00:00:00.000Z,NONE,NONE
663,1,3,2026-06-30T00:00:00.000Z,NONE,NONE
674,1,3,2026-06-30T00:00:00.000Z,NONE,NONE
675,1,3,2026-06-30T00:00:00.000Z,NONE,NONE
679,1,3,2026-06-30T00:00:00.000Z,NONE,NONE
701,1,3,2026-06-30T00:00:00.000Z,NONE,NONE
703,1,3,2026-06-30T00:00:00.000Z,NONE,NONE
707,1,3,2026-06-30T00:00:00.000Z,NONE,NONE
710,1,3,2026-06-30T00:00:00.000Z,NONE,NONE
711,1,3,2026-06-30T00:00:00.000Z,NONE,NONE
717,1,3,2026-06-30T00:00:00.000Z,NONE,NONE
729,1,3,2026-06-30T00:00:00.000Z,NONE,NONE
774,1,3,2026-06-30T00:00:00.000Z,NONE,NONE
777,1,3,2026-06-30T00:00:00.000Z,NONE,NONE
779,1,3,2026-06-30T00:00:00.000Z,NONE,NONE
801,1,3,2026-06-30T00:00:00.000Z,NONE,NONE
803,1,3,2026-06-30T00:00:00.000Z,NONE,NONE
805,1,3,2026-06-30T00:00:00.000Z,NONE,NONE
807,1,3,2026-06-30T00:00:00.000Z,NONE,NONE
809,1,3,2026-06-30T00:00:00.000Z,NONE,NONE
810,1,3,2026-06-30T00:00:00.000Z,NONE,NONE
820,1,3,2026-06-30T00:00:00.000Z,NONE,NONE
824,1,3,2026-06-30T00:00:00.000Z,NONE,NONE
870,1,3,2026-06-30T00:00:00.000Z,NONE,NONE
884,1,3,2026-06-30T00:00:00.000Z,NONE,NONE
889,1,3,2026-06-30T00:00:00.000Z,NONE,NONE
891,1,3,2026-06-30T00:00:00.000Z,NONE,NONE
895,1,3,2026-06-30T00:00:00.000Z,NONE,NONE
907,1,3,2026-06-30T00:00:00.000Z,NONE,NONE
926,1,3,2026-06-30T00:00:00.000Z,NONE,NONE
938,1,3,2026-06-30T00:00:00.000Z,NONE,NONE
941,1,3,2026-06-30T00:00:00.000Z,NONE,NONE
942,1,3,2026-06-30T00:00:00.000Z,NONE,NONE
949,1,3,2026-06-30T00:00:00.000Z,NONE,NONE
962,1,3,2026-06-30T00:00:00.000Z,NONE,NONE
966,1,3,2026-06-30T00:00:00.000Z,NONE,NONE
970,1,3,2026-06-30T00:00:00.000Z,NONE,NONE
1015,1,3,2026-06-30T00:00:00.000Z,NONE,NONE
1031,1,3,2026-06-30T00:00:00.000Z,NONE,NONE
1036,1,3,2026-06-30T00:00:00.000Z,NONE,NONE
1041,1,3,2026-06-30T00:00:00.000Z,NONE,NONE
1042,1,3,2026-06-30T00:00:00.000Z,NONE,NONE
1053,1,3,2026-06-30T00:00:00.000Z,NONE,NONE
1055,1,3,2026-06-30T00:00:00.000Z,NONE,NONE
1076,1,3,2026-06-30T00:00:00.000Z,NONE,NONE
1080,1,3,2026-06-30T00:00:00.000Z,NONE,NONE
1088,1,3,2026-06-30T00:00:00.000Z,NONE,NONE
1092,1,3,2026-06-30T00:00:00.000Z,NONE,NONE
1096,1,3,2026-06-30T00:00:00.000Z,NONE,NONE
1100,1,3,2026-06-30T00:00:00.000Z,NONE,NONE
1112,1,3,2026-06-30T00:00:00.000Z,NONE,NONE
1121,1,3,2026-06-30T00:00:00.000Z,NONE,NONE
1135,1,3,2026-06-30T00:00:00.000Z,NONE,NONE
1160,1,3,2026-06-30T00:00:00.000Z,NONE,NONE
1163,1,3,2026-06-30T00:00:00.000Z,NONE,NONE
1165,1,3,2026-06-30T00:00:00.000Z,NONE,NONE
1170,1,3,2026-06-30T00:00:00.000Z,NONE,NONE
1178,1,3,2026-06-30T00:00:00.000Z,NONE,NONE
1182,1,3,2026-06-30T00:00:00.000Z,NONE,NONE
1186,1,3,2026-06-30T00:00:00.000Z,NONE,NONE
1190,1,3,2026-06-30T00:00:00.000Z,NONE,NONE
1211,1,3,2026-06-30T00:00:00.000Z,NONE,NONE
1212,1,3,2026-06-30T00:00:00.000Z,NONE,NONE
1223,1,3,2026-06-30T00:00:00.000Z,NONE,NONE
1225,1,3,2026-06-30T00:00:00.000Z,NONE,NONE
1239,1,3,2026-06-30T00:00:00.000Z,NONE,NONE
1240,1,3,2026-06-30T00:00:00.000Z,NONE,NONE
1244,1,3,2026-06-30T00:00:00.000Z,NONE,NONE
1247,1,3,2026-06-30T00:00:00.000Z,NONE,NONE
1248,1,3,2026-06-30T00:00:00.000Z,NONE,NONE
1254,1,3,2026-06-30T00:00:00.000Z,NONE,NONE
1257,1,3,2026-06-30T00:00:00.000Z,NONE,NONE
1258,1,3,2026-06-30T00:00:00.000Z,NONE,NONE
1275,1,3,2026-06-30T00:00:00.000Z,NONE,NONE
1281,1,3,2026-06-30T00:00:00.000Z,NONE,NONE
1282,1,3,2026-06-30T00:00:00.000Z,NONE,NONE
1286,1,3,2026-06-30T00:00:00.000Z,NONE,NONE
1289,1,3,2026-06-30T00:00:00.000Z,NONE,NONE
1295,1,3,2026-06-30T00:00:00.000Z,NONE,NONE
1297,1,3,2026-06-30T00:00:00.000Z,NONE,NONE
1301,1,3,2026-06-30T00:00:00.000Z,NONE,NONE
1303,1,3,2026-06-30T00:00:00.000Z,NONE,NONE
1304,1,3,2026-06-30T00:00:00.000Z,NONE,NONE
1306,1,3,2026-06-30T00:00:00.000Z,NONE,NONE
1320,1,3,2026-06-30T00:00:00.000Z,NONE,NONE
1321,1,3,2026-06-30T00:00:00.000Z,NONE,NONE
1322,1,3,2026-06-30T00:00:00.000Z,NONE,NONE
1332,1,3,2026-06-30T00:00:00.000Z,NONE,NONE
1334,1,3,2026-06-30T00:00:00.000Z,NONE,NONE
1337,1,3,2026-06-30T00:00:00.000Z,NONE,NONE
1347,1,3,2026-06-30T00:00:00.000Z,NONE,NONE
1348,1,3,2026-06-30T00:00:00.000Z,NONE,NONE
1349,1,3,2026-06-30T00:00:00.000Z,NONE,NONE
1350,1,3,2026-06-30T00:00:00.000Z,NONE,NONE
1353,1,3,2026-06-30T00:00:00.000Z,NONE,NONE
1355,1,3,2026-06-30T00:00:00.000Z,NONE,NONE
1361,1,3,2026-06-30T00:00:00.000Z,NONE,NONE
1362,1,3,2026-06-30T00:00:00.000Z,NONE,NONE
1366,1,3,2026-06-30T00:00:00.000Z,NONE,NONE
1370,1,3,2026-06-30T00:00:00.000Z,NONE,NONE
1371,1,3,2026-06-30T00:00:00.000Z,NONE,NONE
1373,1,3,2026-06-30T00:00:00.000Z,NONE,NONE
1382,1,3,2026-06-30T00:00:00.000Z,NONE,NONE
1391,1,3,2026-06-30T00:00:00.000Z,NONE,NONE
1398,1,3,2026-06-30T00:00:00.000Z,NONE,NONE
1400,1,3,2026-06-30T00:00:00.000Z,NONE,NONE
1422,1,3,2026-06-30T00:00:00.000Z,NONE,NONE
1425,1,3,2026-06-30T00:00:00.000Z,NONE,NONE
1430,1,3,2026-06-30T00:00:00.000Z,NONE,NONE
1434,1,3,2026-06-30T00:00:00.000Z,NONE,NONE
1446,1,3,2026-06-30T00:00:00.000Z,NONE,NONE
1460,1,3,2026-06-30T00:00:00.000Z,NONE,NONE
1471,1,3,2026-06-30T00:00:00.000Z,NONE,NONE
1498,1,3,2026-06-30T00:00:00.000Z,NONE,NONE
1499,1,3,2026-06-30T00:00:00.000Z,NONE,NONE
1502,1,3,2026-06-30T00:00:00.000Z,NONE,NONE
1509,1,3,2026-06-30T00:00:00.000Z,NONE,NONE
1510,1,3,2026-06-30T00:00:00.000Z,NONE,NONE
1518,1,3,2026-06-30T00:00:00.000Z,NONE,NONE
1524,1,3,2026-06-30T00:00:00.000Z,NONE,NONE
1526,1,3,2026-06-30T00:00:00.000Z,NONE,NONE
1530,1,3,2026-06-30T00:00:00.000Z,NONE,NONE
1531,1,3,2026-06-30T00:00:00.000Z,NONE,NONE
1538,1,3,2026-06-30T00:00:00.000Z,NONE,NONE
1542,1,3,2026-06-30T00:00:00.000Z,NONE,NONE
1544,1,3,2026-06-30T00:00:00.000Z,NONE,NONE
1545,1,3,2026-06-30T00:00:00.000Z,NONE,NONE
1550,1,3,2026-06-30T00:00:00.000Z,NONE,NONE
1551,1,3,2026-06-30T00:00:00.000Z,NONE,NONE
1557,1,3,2026-06-30T00:00:00.000Z,NONE,NONE
1558,1,3,2026-06-30T00:00:00.000Z,NONE,NONE
1561,1,3,2026-06-30T00:00:00.000Z,NONE,NONE
1572,1,3,2026-06-30T00:00:00.000Z,NONE,NONE
1573,1,3,2026-06-30T00:00:00.000Z,NONE,NONE
1576,1,3,2026-06-30T00:00:00.000Z,NONE,NONE
1593,1,3,2026-06-30T00:00:00.000Z,NONE,NONE
1599,1,3,2026-06-30T00:00:00.000Z,NONE,NONE
1612,1,3,2026-06-30T00:00:00.000Z,NONE,NONE
1616,1,3,2026-06-30T00:00:00.000Z,NONE,NONE
1624,1,3,2026-06-30T00:00:00.000Z,NONE,NONE
1626,1,3,2026-06-30T00:00:00.000Z,NONE,NONE
1627,1,3,2026-06-30T00:00:00.000Z,NONE,NONE
1629,1,3,2026-06-30T00:00:00.000Z,NONE,NONE
1637,1,3,2026-06-30T00:00:00.000Z,NONE,NONE
1639,1,3,2026-06-30T00:00:00.000Z,NONE,NONE
1649,1,3,2026-06-30T00:00:00.000Z,NONE,NONE
1651,1,3,2026-06-30T00:00:00.000Z,NONE,NONE
1653,1,3,2026-06-30T00:00:00.000Z,NONE,NONE
1655,1,3,2026-06-30T00:00:00.000Z,NONE,NONE
1656,1,3,2026-06-30T00:00:00.000Z,NONE,NONE
1657,1,3,2026-06-30T00:00:00.000Z,NONE,NONE
1658,1,3,2026-06-30T00:00:00.000Z,NONE,NONE
1660,1,3,2026-06-30T00:00:00.000Z,NONE,NONE
1661,1,3,2026-06-30T00:00:00.000Z,NONE,NONE
1665,1,3,2026-06-30T00:00:00.000Z,NONE,NONE
1666,1,3,2026-06-30T00:00:00.000Z,NONE,NONE
1671,1,3,2026-06-30T00:00:00.000Z,NONE,NONE
1682,1,3,2026-06-30T00:00:00.000Z,NONE,NONE
1686,1,3,2026-06-30T00:00:00.000Z,NONE,NONE
1688,1,3,2026-06-30T00:00:00.000Z,NONE,NONE
1690,1,3,2026-06-30T00:00:00.000Z,NONE,NONE
1693,1,3,2026-06-30T00:00:00.000Z,NONE,NONE
1699,1,3,2026-06-30T00:00:00.000Z,NONE,NONE
1702,1,3,2026-06-30T00:00:00.000Z,NONE,NONE
1705,1,3,2026-06-30T00:00:00.000Z,NONE,NONE
1706,1,3,2026-06-30T00:00:00.000Z,NONE,NONE
1707,1,3,2026-06-30T00:00:00.000Z,NONE,NONE
1708,1,3,2026-06-30T00:00:00.000Z,NONE,NONE
1711,1,3,2026-06-30T00:00:00.000Z,NONE,NONE
1714,1,3,2026-06-30T00:00:00.000Z,NONE,NONE
1717,1,3,2026-06-30T00:00:00.000Z,NONE,NONE
1718,1,3,2026-06-30T00:00:00.000Z,NONE,NONE
1719,1,3,2026-06-30T00:00:00.000Z,NONE,NONE
1720,1,3,2026-06-30T00:00:00.000Z,NONE,NONE
1723,1,3,2026-06-30T00:00:00.000Z,NONE,NONE
1731,1,3,2026-06-30T00:00:00.000Z,NONE,NONE
1733,1,3,2026-06-30T00:00:00.000Z,NONE,NONE
1738,1,3,2026-06-30T00:00:00.000Z,NONE,NONE
1739,1,3,2026-06-30T00:00:00.000Z,NONE,NONE
1747,1,3,2026-06-30T00:00:00.000Z,NONE,NONE
1750,1,3,2026-06-30T00:00:00.000Z,NONE,NONE
1751,1,3,2026-06-30T00:00:00.000Z,NONE,NONE
1762,1,3,2026-06-30T00:00:00.000Z,NONE,NONE
1765,1,3,2026-06-30T00:00:00.000Z,NONE,NONE
1772,1,3,2026-06-30T00:00:00.000Z,NONE,NONE
1775,1,3,2026-06-30T00:00:00.000Z,NONE,NONE
1778,1,3,2026-06-30T00:00:00.000Z,NONE,NONE
1783,1,3,2026-06-30T00:00:00.000Z,NONE,NONE
1786,1,3,2026-06-30T00:00:00.000Z,NONE,NONE
1787,1,3,2026-06-30T00:00:00.000Z,NONE,NONE
1788,1,3,2026-06-30T00:00:00.000Z,NONE,NONE
1789,1,3,2026-06-30T00:00:00.000Z,NONE,NONE
1792,1,3,2026-06-30T00:00:00.000Z,NONE,NONE
1795,1,3,2026-06-30T00:00:00.000Z,NONE,NONE
1797,1,3,2026-06-30T00:00:00.000Z,NONE,NONE
1801,1,3,2026-06-30T00:00:00.000Z,NONE,NONE
1802,1,3,2026-06-30T00:00:00.000Z,NONE,NONE
1803,1,3,2026-06-30T00:00:00.000Z,NONE,NONE
1804,1,3,2026-06-30T00:00:00.000Z,NONE,NONE
1805,1,3,2026-06-30T00:00:00.000Z,NONE,NONE
1806,1,3,2026-06-30T00:00:00.000Z,NONE,NONE
1810,1,3,2026-06-30T00:00:00.000Z,NONE,NONE
1813,1,3,2026-06-30T00:00:00.000Z,NONE,NONE
1823,1,3,2026-06-30T00:00:00.000Z,NONE,NONE
1824,1,3,2026-06-30T00:00:00.000Z,NONE,NONE
1831,1,3,2026-06-30T00:00:00.000Z,NONE,NONE
1842,1,3,2026-06-30T00:00:00.000Z,NONE,NONE
1844,1,3,2026-06-30T00:00:00.000Z,NONE,NONE
1845,1,3,2026-06-30T00:00:00.000Z,NONE,NONE
1846,1,3,2026-06-30T00:00:00.000Z,NONE,NONE
1850,1,3,2026-06-30T00:00:00.000Z,NONE,NONE
1853,1,3,2026-06-30T00:00:00.000Z,NONE,NONE
1855,1,3,2026-06-30T00:00:00.000Z,NONE,NONE
1859,1,3,2026-06-30T00:00:00.000Z,NONE,NONE
1862,1,3,2026-06-30T00:00:00.000Z,NONE,NONE
1863,1,3,2026-06-30T00:00:00.000Z,NONE,NONE
1866,1,3,2026-06-30T00:00:00.000Z,NONE,NONE
1867,1,3,2026-06-30T00:00:00.000Z,NONE,NONE
1872,1,3,2026-06-30T00:00:00.000Z,NONE,NONE
1873,1,3,2026-06-30T00:00:00.000Z,NONE,NONE
1874,1,3,2026-06-30T00:00:00.000Z,NONE,NONE
1891,1,3,2026-06-30T00:00:00.000Z,NONE,NONE
1907,1,3,2026-06-30T00:00:00.000Z,NONE,NONE
1911,1,3,2026-06-30T00:00:00.000Z,NONE,NONE
1914,1,3,2026-06-30T00:00:00.000Z,NONE,NONE
1925,1,3,2026-06-30T00:00:00.000Z,NONE,NONE
1931,1,3,2026-06-30T00:00:00.000Z,NONE,NONE
1941,1,3,2026-06-30T00:00:00.000Z,NONE,NONE
1942,1,3,2026-06-30T00:00:00.000Z,NONE,NONE
1948,1,3,2026-06-30T00:00:00.000Z,NONE,NONE
1950,1,3,2026-06-30T00:00:00.000Z,NONE,NONE
1956,1,3,2026-06-30T00:00:00.000Z,NONE,NONE
1958,1,3,2026-06-30T00:00:00.000Z,NONE,NONE
1961,1,3,2026-06-30T00:00:00.000Z,NONE,NONE
1962,1,3,2026-06-30T00:00:00.000Z,NONE,NONE
1963,1,3,2026-06-30T00:00:00.000Z,NONE,NONE
1972,1,3,2026-06-30T00:00:00.000Z,NONE,NONE
1979,1,3,2026-06-30T00:00:00.000Z,NONE,NONE
1981,1,3,2026-06-30T00:00:00.000Z,NONE,NONE
1982,1,3,2026-06-30T00:00:00.000Z,NONE,NONE
1983,1,3,2026-06-30T00:00:00.000Z,NONE,NONE
1985,1,3,2026-06-30T00:00:00.000Z,NONE,NONE
1988,1,3,2026-06-30T00:00:00.000Z,NONE,NONE
1993,1,3,2026-06-30T00:00:00.000Z,NONE,NONE
1997,1,3,2026-06-30T00:00:00.000Z,NONE,NONE
2006,1,3,2026-06-30T00:00:00.000Z,NONE,NONE
2007,1,3,2026-06-30T00:00:00.000Z,NONE,NONE
2010,1,3,2026-06-30T00:00:00.000Z,NONE,NONE
2018,1,3,2026-06-30T00:00:00.000Z,NONE,NONE
2021,1,3,2026-06-30T00:00:00.000Z,NONE,NONE
2034,1,3,2026-06-30T00:00:00.000Z,NONE,NONE
2035,1,3,2026-06-30T00:00:00.000Z,NONE,NONE
2038,1,3,2026-06-30T00:00:00.000Z,NONE,NONE
2041,1,3,2026-06-30T00:00:00.000Z,NONE,NONE
2052,1,3,2026-06-30T00:00:00.000Z,NONE,NONE
2066,1,3,2026-06-30T00:00:00.000Z,NONE,NONE
2085,1,3,2026-06-30T00:00:00.000Z,NONE,NONE
2087,1,3,2026-06-30T00:00:00.000Z,NONE,NONE
2090,1,3,2026-06-30T00:00:00.000Z,NONE,NONE
2092,1,3,2026-06-30T00:00:00.000Z,NONE,NONE
2093,1,3,2026-06-30T00:00:00.000Z,NONE,NONE
2099,1,3,2026-06-30T00:00:00.000Z,NONE,NONE
2100,1,3,2026-06-30T00:00:00.000Z,NONE,NONE
2111,1,3,2026-06-30T00:00:00.000Z,NONE,NONE
2122,1,3,2026-06-30T00:00:00.000Z,NONE,NONE
2123,1,3,2026-06-30T00:00:00.000Z,NONE,NONE
2132,1,3,2026-06-30T00:00:00.000Z,NONE,NONE
2133,1,3,2026-06-30T00:00:00.000Z,NONE,NONE
2137,1,3,2026-06-30T00:00:00.000Z,NONE,NONE
2138,1,3,2026-06-30T00:00:00.000Z,NONE,NONE
2144,1,3,2026-06-30T00:00:00.000Z,NONE,NONE
2150,1,3,2026-06-30T00:00:00.000Z,NONE,NONE
2153,1,3,2026-06-30T00:00:00.000Z,NONE,NONE
2155,1,3,2026-06-30T00:00:00.000Z,NONE,NONE
2157,1,3,2026-06-30T00:00:00.000Z,NONE,NONE
2159,1,3,2026-06-30T00:00:00.000Z,NONE,NONE
2183,1,3,2026-06-30T00:00:00.000Z,NONE,NONE
2184,1,3,2026-06-30T00:00:00.000Z,NONE,NONE
2188,1,3,2026-06-30T00:00:00.000Z,NONE,NONE
2189,1,3,2026-06-30T00:00:00.000Z,NONE,NONE
2193,1,3,2026-06-30T00:00:00.000Z,NONE,NONE
2195,1,3,2026-06-30T00:00:00.000Z,NONE,NONE
2205,1,3,2026-06-30T00:00:00.000Z,NONE,NONE
2209,1,3,2026-06-30T00:00:00.000Z,NONE,NONE
2210,1,3,2026-06-30T00:00:00.000Z,NONE,NONE
2221,1,3,2026-06-30T00:00:00.000Z,NONE,NONE
2235,1,3,2026-06-30T00:00:00.000Z,NONE,NONE
2242,1,3,2026-06-30T00:00:00.000Z,NONE,NONE
2255,1,3,2026-06-30T00:00:00.000Z,NONE,NONE
2260,1,3,2026-06-30T00:00:00.000Z,NONE,NONE
2265,1,3,2026-06-30T00:00:00.000Z,NONE,NONE
2271,1,3,2026-06-30T00:00:00.000Z,NONE,NONE
2273,1,3,2026-06-30T00:00:00.000Z,NONE,NONE
2275,1,3,2026-06-30T00:00:00.000Z,NONE,NONE
2278,1,3,2026-06-30T00:00:00.000Z,NONE,NONE
2280,1,3,2026-06-30T00:00:00.000Z,NONE,NONE
2286,1,3,2026-06-30T00:00:00.000Z,NONE,NONE
2294,1,3,2026-06-30T00:00:00.000Z,NONE,NONE
2297,1,3,2026-06-30T00:00:00.000Z,NONE,NONE
2304,1,3,2026-06-30T00:00:00.000Z,NONE,NONE
2317,1,3,2026-06-30T00:00:00.000Z,NONE,NONE
2349,1,3,2026-06-30T00:00:00.000Z,NONE,NONE
2355,1,3,2026-06-30T00:00:00.000Z,NONE,NONE
2359,1,3,2026-06-30T00:00:00.000Z,NONE,NONE
2387,1,3,2026-06-30T00:00:00.000Z,NONE,NONE
2392,1,3,2026-06-30T00:00:00.000Z,NONE,NONE
2404,1,3,2026-06-30T00:00:00.000Z,NONE,NONE
2405,1,3,2026-06-30T00:00:00.000Z,NONE,NONE
2436,1,3,2026-06-30T00:00:00.000Z,NONE,NONE
2453,1,3,2026-06-30T00:00:00.000Z,NONE,NONE
2457,1,3,2026-06-30T00:00:00.000Z,NONE,NONE
2458,1,3,2026-06-30T00:00:00.000Z,NONE,NONE
2484,1,3,2026-06-30T00:00:00.000Z,NONE,NONE
2490,1,3,2026-06-30T00:00:00.000Z,NONE,NONE
2500,1,3,2026-06-30T00:00:00.000Z,NONE,NONE
2504,1,3,2026-06-30T00:00:00.000Z,NONE,NONE
2506,1,3,2026-06-30T00:00:00.000Z,NONE,NONE
2526,1,3,2026-06-30T00:00:00.000Z,NONE,NONE
2527,1,3,2026-06-30T00:00:00.000Z,NONE,NONE
2544,1,3,2026-06-30T00:00:00.000Z,NONE,NONE
2567,1,3,2026-06-30T00:00:00.000Z,NONE,NONE
2571,1,3,2026-06-30T00:00:00.000Z,NONE,NONE
2578,1,3,2026-06-30T00:00:00.000Z,NONE,NONE
2593,1,3,2026-06-30T00:00:00.000Z,NONE,NONE
2596,1,3,2026-06-30T00:00:00.000Z,NONE,NONE
2598,1,3,2026-06-30T00:00:00.000Z,NONE,NONE
2599,1,3,2026-06-30T00:00:00.000Z,NONE,NONE
2610,1,3,2026-06-30T00:00:00.000Z,NONE,NONE
2612,1,3,2026-06-30T00:00:00.000Z,NONE,NONE
2626,1,3,2026-06-30T00:00:00.000Z,NONE,NONE
2642,1,3,2026-06-30T00:00:00.000Z,NONE,NONE
2655,1,3,2026-06-30T00:00:00.000Z,NONE,NONE
2670,1,3,2026-06-30T00:00:00.000Z,NONE,NONE
2673,1,3,2026-06-30T00:00:00.000Z,NONE,NONE
2678,1,3,2026-06-30T00:00:00.000Z,NONE,NONE
2679,1,3,2026-06-30T00:00:00.000Z,NONE,NONE
2680,1,3,2026-06-30T00:00:00.000Z,NONE,NONE
2681,1,3,2026-06-30T00:00:00.000Z,NONE,NONE
2683,1,3,2026-06-30T00:00:00.000Z,NONE,NONE
2685,1,3,2026-06-30T00:00:00.000Z,NONE,NONE
2700,1,3,2026-06-30T00:00:00.000Z,NONE,NONE
2716,1,3,2026-06-30T00:00:00.000Z,NONE,NONE
2719,1,3,2026-06-30T00:00:00.000Z,NONE,NONE
2721,1,3,2026-06-30T00:00:00.000Z,NONE,NONE
2725,1,3,2026-06-30T00:00:00.000Z,NONE,NONE
2726,1,3,2026-06-30T00:00:00.000Z,NONE,NONE
2728,1,3,2026-06-30T00:00:00.000Z,NONE,NONE
2749,1,3,2026-06-30T00:00:00.000Z,NONE,NONE
2751,1,3,2026-06-30T00:00:00.000Z,NONE,NONE
2754,1,3,2026-06-30T00:00:00.000Z,NONE,NONE
2766,1,3,2026-06-30T00:00:00.000Z,NONE,NONE
2786,1,3,2026-06-30T00:00:00.000Z,NONE,NONE
2788,1,3,2026-06-30T00:00:00.000Z,NONE,NONE
2791,1,3,2026-06-30T00:00:00.000Z,NONE,NONE
2797,1,3,2026-06-30T00:00:00.000Z,NONE,NONE
2817,1,3,2026-06-30T00:00:00.000Z,NONE,NONE
2820,1,3,2026-06-30T00:00:00.000Z,NONE,NONE
2825,1,3,2026-06-30T00:00:00.000Z,NONE,NONE
2826,1,3,2026-06-30T00:00:00.000Z,NONE,NONE
2830,1,3,2026-06-30T00:00:00.000Z,NONE,NONE
2851,1,3,2026-06-30T00:00:00.000Z,NONE,NONE
2852,1,3,2026-06-30T00:00:00.000Z,NONE,NONE
2856,1,3,2026-06-30T00:00:00.000Z,NONE,NONE
2873,1,3,2026-06-30T00:00:00.000Z,NONE,NONE
2893,1,3,2026-06-30T00:00:00.000Z,NONE,NONE
2894,1,3,2026-06-30T00:00:00.000Z,NONE,NONE
2895,1,3,2026-06-30T00:00:00.000Z,NONE,NONE
2902,1,3,2026-06-30T00:00:00.000Z,NONE,NONE
2904,1,3,2026-06-30T00:00:00.000Z,NONE,NONE
2913,1,3,2026-06-30T00:00:00.000Z,NONE,NONE
2922,1,3,2026-06-30T00:00:00.000Z,NONE,NONE
2930,1,3,2026-06-30T00:00:00.000Z,NONE,NONE
2938,1,3,2026-06-30T00:00:00.000Z,NONE,NONE
2963,1,3,2026-06-30T00:00:00.000Z,NONE,NONE
2971,1,3,2026-06-30T00:00:00.000Z,NONE,NONE
2975,1,3,2026-06-30T00:00:00.000Z,NONE,NONE
2977,1,3,2026-06-30T00:00:00.000Z,NONE,NONE
2988,1,3,2026-06-30T00:00:00.000Z,NONE,NONE
3000,1,3,2026-06-30T00:00:00.000Z,NONE,NONE
3001,1,3,2026-06-30T00:00:00.000Z,NONE,NONE
3028,1,3,2026-06-30T00:00:00.000Z,NONE,NONE
3030,1,3,2026-06-30T00:00:00.000Z,NONE,NONE
3036,1,3,2026-06-30T00:00:00.000Z,NONE,NONE
3050,1,3,2026-06-30T00:00:00.000Z,NONE,NONE
3051,1,3,2026-06-30T00:00:00.000Z,NONE,NONE
3065,1,3,2026-06-30T00:00:00.000Z,NONE,NONE
3072,1,3,2026-06-30T00:00:00.000Z,NONE,NONE
3075,1,3,2026-06-30T00:00:00.000Z,NONE,NONE
3080,1,3,2026-06-30T00:00:00.000Z,NONE,NONE
3085,1,3,2026-06-30T00:00:00.000Z,NONE,NONE
3097,1,3,2026-06-30T00:00:00.000Z,NONE,NONE
3117,1,3,2026-06-30T00:00:00.000Z,NONE,NONE
3119,1,3,2026-06-30T00:00:00.000Z,NONE,NONE
3122,1,3,2026-06-30T00:00:00.000Z,NONE,NONE
3125,1,3,2026-06-30T00:00:00.000Z,NONE,NONE
3133,1,3,2026-06-30T00:00:00.000Z,NONE,NONE
3137,1,3,2026-06-30T00:00:00.000Z,NONE,NONE
3160,1,3,2026-06-30T00:00:00.000Z,NONE,NONE
3166,1,3,2026-06-30T00:00:00.000Z,NONE,NONE
3173,1,3,2026-06-30T00:00:00.000Z,NONE,NONE
3176,1,3,2026-06-30T00:00:00.000Z,NONE,NONE
3177,1,3,2026-06-30T00:00:00.000Z,NONE,NONE
3184,1,3,2026-06-30T00:00:00.000Z,NONE,NONE
3190,1,3,2026-06-30T00:00:00.000Z,NONE,NONE
3202,1,3,2026-06-30T00:00:00.000Z,NONE,NONE
3211,1,3,2026-06-30T00:00:00.000Z,NONE,NONE
3222,1,3,2026-06-30T00:00:00.000Z,NONE,NONE
3229,1,3,2026-06-30T00:00:00.000Z,NONE,NONE
3235,1,3,2026-06-30T00:00:00.000Z,NONE,NONE
3240,1,3,2026-06-30T00:00:00.000Z,NONE,NONE
3258,1,3,2026-06-30T00:00:00.000Z,NONE,NONE
3287,1,3,2026-06-30T00:00:00.000Z,NONE,NONE
3291,1,3,2026-06-30T00:00:00.000Z,NONE,NONE
3316,1,3,2026-06-30T00:00:00.000Z,NONE,NONE
3320,1,3,2026-06-30T00:00:00.000Z,NONE,NONE
3325,1,3,2026-06-30T00:00:00.000Z,NONE,NONE
3332,1,3,2026-06-30T00:00:00.000Z,NONE,NONE
3333,1,3,2026-06-30T00:00:00.000Z,NONE,NONE
3334,1,3,2026-06-30T00:00:00.000Z,NONE,NONE
3336,1,3,2026-06-30T00:00:00.000Z,NONE,NONE
3345,1,3,2026-06-30T00:00:00.000Z,NONE,NONE
3366,1,3,2026-06-30T00:00:00.000Z,NONE,NONE
3378,1,3,2026-06-30T00:00:00.000Z,NONE,NONE
3379,1,3,2026-06-30T00:00:00.000Z,NONE,NONE
3383,1,3,2026-06-30T00:00:00.000Z,NONE,NONE
3393,1,3,2026-06-30T00:00:00.000Z,NONE,NONE
3422,1,3,2026-06-30T00:00:00.000Z,NONE,NONE
3432,1,3,2026-06-30T00:00:00.000Z,NONE,NONE
3435,1,3,2026-06-30T00:00:00.000Z,NONE,NONE
3437,1,3,2026-06-30T00:00:00.000Z,NONE,NONE
3455,1,3,2026-06-30T00:00:00.000Z,NONE,NONE
3461,1,3,2026-06-30T00:00:00.000Z,NONE,NONE
3467,1,3,2026-06-30T00:00:00.000Z,NONE,NONE
3489,1,3,2026-06-30T00:00:00.000Z,NONE,NONE
3498,1,3,2026-06-30T00:00:00.000Z,NONE,NONE
3504,1,3,2026-06-30T00:00:00.000Z,NONE,NONE
3544,1,3,2026-06-30T00:00:00.000Z,NONE,NONE
3563,1,3,2026-06-30T00:00:00.000Z,NONE,NONE
3568,1,3,2026-06-30T00:00:00.000Z,NONE,NONE
3571,1,3,2026-06-30T00:00:00.000Z,NONE,NONE
3572,1,3,2026-06-30T00:00:00.000Z,NONE,NONE
3579,1,3,2026-06-30T00:00:00.000Z,NONE,NONE
3584,1,3,2026-06-30T00:00:00.000Z,NONE,NONE
3587,1,3,2026-06-30T00:00:00.000Z,NONE,NONE
3589,1,3,2026-06-30T00:00:00.000Z,NONE,NONE
3590,1,3,2026-06-30T00:00:00.000Z,NONE,NONE
3591,1,3,2026-06-30T00:00:00.000Z,NONE,NONE
3598,1,3,2026-06-30T00:00:00.000Z,NONE,NONE
3604,1,3,2026-06-30T00:00:00.000Z,NONE,NONE
3614,1,3,2026-06-30T00:00:00.000Z,NONE,NONE
3616,1,3,2026-06-30T00:00:00.000Z,NONE,NONE
3632,1,3,2026-06-30T00:00:00.000Z,NONE,NONE
3640,1,3,2026-06-30T00:00:00.000Z,NONE,NONE
3644,1,3,2026-06-30T00:00:00.000Z,NONE,NONE
3648,1,3,2026-06-30T00:00:00.000Z,NONE,NONE
3650,1,3,2026-06-30T00:00:00.000Z,NONE,NONE
3670,1,3,2026-06-30T00:00:00.000Z,NONE,NONE
3695,1,3,2026-06-30T00:00:00.000Z,NONE,NONE
3698,1,3,2026-06-30T00:00:00.000Z,NONE,NONE
3708,1,3,2026-06-30T00:00:00.000Z,NONE,NONE
3735,1,3,2026-06-30T00:00:00.000Z,NONE,NONE
3739,1,3,2026-06-30T00:00:00.000Z,NONE,NONE
3741,1,3,2026-06-30T00:00:00.000Z,NONE,NONE
3756,1,3,2026-06-30T00:00:00.000Z,NONE,NONE
3769,1,3,2026-06-30T00:00:00.000Z,NONE,NONE
3772,1,3,2026-06-30T00:00:00.000Z,NONE,NONE
3793,1,3,2026-06-30T00:00:00.000Z,NONE,NONE
3797,1,3,2026-06-30T00:00:00.000Z,NONE,NONE
3804,1,3,2026-06-30T00:00:00.000Z,NONE,NONE
3805,1,3,2026-06-30T00:00:00.000Z,NONE,NONE
3812,1,3,2026-06-30T00:00:00.000Z,NONE,NONE
3815,1,3,2026-06-30T00:00:00.000Z,NONE,NONE
3824,1,3,2026-06-30T00:00:00.000Z,NONE,NONE
3830,1,3,2026-06-30T00:00:00.000Z,NONE,NONE
3838,1,3,2026-06-30T00:00:00.000Z,NONE,NONE
3840,1,3,2026-06-30T00:00:00.000Z,NONE,NONE
3844,1,3,2026-06-30T00:00:00.000Z,NONE,NONE
3846,1,3,2026-06-30T00:00:00.000Z,NONE,NONE
3847,1,3,2026-06-30T00:00:00.000Z,NONE,NONE
3849,1,3,2026-06-30T00:00:00.000Z,NONE,NONE
3858,1,3,2026-06-30T00:00:00.000Z,NONE,NONE
3864,1,3,2026-06-30T00:00:00.000Z,NONE,NONE
3866,1,3,2026-06-30T00:00:00.000Z,NONE,NONE
3867,1,3,2026-06-30T00:00:00.000Z,NONE,NONE
3873,1,3,2026-06-30T00:00:00.000Z,NONE,NONE
3894,1,3,2026-06-30T00:00:00.000Z,NONE,NONE
3896,1,3,2026-06-30T00:00:00.000Z,NONE,NONE
3899,1,3,2026-06-30T00:00:00.000Z,NONE,NONE
3902,1,3,2026-06-30T00:00:00.000Z,NONE,NONE
3928,1,3,2026-06-30T00:00:00.000Z,NONE,NONE
3931,1,3,2026-06-30T00:00:00.000Z,NONE,NONE
3957,1,3,2026-06-30T00:00:00.000Z,NONE,NONE
3958,1,3,2026-06-30T00:00:00.000Z,NONE,NONE
3962,1,3,2026-06-30T00:00:00.000Z,NONE,NONE
3970,1,3,2026-06-30T00:00:00.000Z,NONE,NONE
3971,1,3,2026-06-30T00:00:00.000Z,NONE,NONE
3980,1,3,2026-06-30T00:00:00.000Z,NONE,NONE
3983,1,3,2026-06-30T00:00:00.000Z,NONE,NONE
4001,1,3,2026-06-30T00:00:00.000Z,NONE,NONE
4005,1,3,2026-06-30T00:00:00.000Z,NONE,NONE
4011,1,3,2026-06-30T00:00:00.000Z,NONE,NONE
4015,1,3,2026-06-30T00:00:00.000Z,NONE,NONE
4033,1,3,2026-06-30T00:00:00.000Z,NONE,NONE
4054,1,3,2026-06-30T00:00:00.000Z,NONE,NONE
4099,1,3,2026-06-30T00:00:00.000Z,NONE,NONE
4105,1,3,2026-06-30T00:00:00.000Z,NONE,NONE
4106,1,3,2026-06-30T00:00:00.000Z,NONE,NONE
4109,1,3,2026-06-30T00:00:00.000Z,NONE,NONE
4111,1,3,2026-06-30T00:00:00.000Z,NONE,NONE
4129,1,3,2026-06-30T00:00:00.000Z,NONE,NONE
4143,1,3,2026-06-30T00:00:00.000Z,NONE,NONE
4157,1,3,2026-06-30T00:00:00.000Z,NONE,NONE
4165,1,3,2026-06-30T00:00:00.000Z,NONE,NONE
4183,1,3,2026-06-30T00:00:00.000Z,NONE,NONE
4194,1,3,2026-06-30T00:00:00.000Z,NONE,NONE
4195,1,3,2026-06-30T00:00:00.000Z,NONE,NONE
4198,1,3,2026-06-30T00:00:00.000Z,NONE,NONE
4266,1,3,2026-06-30T00:00:00.000Z,NONE,NONE
4276,1,3,2026-06-30T00:00:00.000Z,NONE,NONE
4291,1,3,2026-06-30T00:00:00.000Z,NONE,NONE
4296,1,3,2026-06-30T00:00:00.000Z,NONE,NONE
4304,1,3,2026-06-30T00:00:00.000Z,NONE,NONE
4313,1,3,2026-06-30T00:00:00.000Z,NONE,NONE
4315,1,3,2026-06-30T00:00:00.000Z,NONE,NONE
4336,1,3,2026-06-30T00:00:00.000Z,NONE,NONE
4365,1,3,2026-06-30T00:00:00.000Z,NONE,NONE
4373,1,3,2026-06-30T00:00:00.000Z,NONE,NONE
4383,1,3,2026-06-30T00:00:00.000Z,NONE,NONE
4388,1,3,2026-06-30T00:00:00.000Z,NONE,NONE
4402,1,3,2026-06-30T00:00:00.000Z,NONE,NONE
4446,1,3,2026-06-30T00:00:00.000Z,NONE,NONE
4455,1,3,2026-06-30T00:00:00.000Z,NONE,NONE
4468,1,3,2026-06-30T00:00:00.000Z,NONE,NONE
4470,1,3,2026-06-30T00:00:00.000Z,NONE,NONE
4483,1,3,2026-06-30T00:00:00.000Z,NONE,NONE
4492,1,3,2026-06-30T00:00:00.000Z,NONE,NONE
4495,1,3,2026-06-30T00:00:00.000Z,NONE,NONE
4586,1,3,2026-06-30T00:00:00.000Z,NONE,NONE
4624,1,3,2026-06-30T00:00:00.000Z,NONE,NONE
4625,1,3,2026-06-30T00:00:00.000Z,NONE,NONE
4626,1,3,2026-06-30T00:00:00.000Z,NONE,NONE
4630,1,3,2026-06-30T00:00:00.000Z,NONE,NONE
4649,1,3,2026-06-30T00:00:00.000Z,NONE,NONE
4680,1,3,2026-06-30T00:00:00.000Z,NONE,NONE
4683,1,3,2026-06-30T00:00:00.000Z,NONE,NONE
4699,1,3,2026-06-30T00:00:00.000Z,NONE,NONE
4724,1,3,2026-06-30T00:00:00.000Z,NONE,NONE
4747,1,3,2026-06-30T00:00:00.000Z,NONE,NONE
4748,1,3,2026-06-30T00:00:00.000Z,NONE,NONE
4750,1,3,2026-06-30T00:00:00.000Z,NONE,NONE
4777,1,3,2026-06-30T00:00:00.000Z,NONE,NONE
4778,1,3,2026-06-30T00:00:00.000Z,NONE,NONE
4795,1,3,2026-06-30T00:00:00.000Z,NONE,NONE
4796,1,3,2026-06-30T00:00:00.000Z,NONE,NONE
4811,1,3,2026-06-30T00:00:00.000Z,NONE,NONE
4825,1,3,2026-06-30T00:00:00.000Z,NONE,NONE
4838,1,3,2026-06-30T00:00:00.000Z,NONE,NONE
4839,1,3,2026-06-30T00:00:00.000Z,NONE,NONE
4845,1,3,2026-06-30T00:00:00.000Z,NONE,NONE
4891,1,3,2026-06-30T00:00:00.000Z,NONE,NONE
4913,1,3,2026-06-30T00:00:00.000Z,NONE,NONE
4915,1,3,2026-06-30T00:00:00.000Z,NONE,NONE
4923,1,3,2026-06-30T00:00:00.000Z,NONE,NONE
4929,1,3,2026-06-30T00:00:00.000Z,NONE,NONE
4930,1,3,2026-06-30T00:00:00.000Z,NONE,NONE
4933,1,3,2026-06-30T00:00:00.000Z,NONE,NONE
4957,1,3,2026-06-30T00:00:00.000Z,NONE,NONE
4962,1,3,2026-06-30T00:00:00.000Z,NONE,NONE
4967,1,3,2026-06-30T00:00:00.000Z,NONE,NONE
5002,1,3,2026-06-30T00:00:00.000Z,NONE,NONE
5005,1,3,2026-06-30T00:00:00.000Z,NONE,NONE
5006,1,3,2026-06-30T00:00:00.000Z,NONE,NONE
5008,1,3,2026-06-30T00:00:00.000Z,NONE,NONE
5010,1,3,2026-06-30T00:00:00.000Z,NONE,NONE
5011,1,3,2026-06-30T00:00:00.000Z,NONE,NONE
5014,1,3,2026-06-30T00:00:00.000Z,NONE,NONE
5044,1,3,2026-06-30T00:00:00.000Z,NONE,NONE
5087,1,3,2026-06-30T00:00:00.000Z,NONE,NONE
5094,1,3,2026-06-30T00:00:00.000Z,NONE,NONE
5124,1,3,2026-06-30T00:00:00.000Z,NONE,NONE
5135,1,3,2026-06-30T00:00:00.000Z,NONE,NONE
5146,1,3,2026-06-30T00:00:00.000Z,NONE,NONE
5154,1,3,2026-06-30T00:00:00.000Z,NONE,NONE
5171,1,3,2026-06-30T00:00:00.000Z,NONE,NONE
5172,1,3,2026-06-30T00:00:00.000Z,NONE,NONE
5178,1,3,2026-06-30T00:00:00.000Z,NONE,NONE
5179,1,3,2026-06-30T00:00:00.000Z,NONE,NONE
5194,1,3,2026-06-30T00:00:00.000Z,NONE,NONE
5206,1,3,2026-06-30T00:00:00.000Z,NONE,NONE
5216,1,3,2026-06-30T00:00:00.000Z,NONE,NONE
5239,1,3,2026-06-30T00:00:00.000Z,NONE,NONE
5240,1,3,2026-06-30T00:00:00.000Z,NONE,NONE
5253,1,3,2026-06-30T00:00:00.000Z,NONE,NONE
5266,1,3,2026-06-30T00:00:00.000Z,NONE,NONE
5284,1,3,2026-06-30T00:00:00.000Z,NONE,NONE
5318,1,3,2026-06-30T00:00:00.000Z,NONE,NONE
5319,1,3,2026-06-30T00:00:00.000Z,NONE,NONE
5322,1,3,2026-06-30T00:00:00.000Z,NONE,NONE
5323,1,3,2026-06-30T00:00:00.000Z,NONE,NONE
5326,1,3,2026-06-30T00:00:00.000Z,NONE,NONE
5338,1,3,2026-06-30T00:00:00.000Z,NONE,NONE
5350,1,3,2026-06-30T00:00:00.000Z,NONE,NONE
5367,1,3,2026-06-30T00:00:00.000Z,NONE,NONE
5372,1,3,2026-06-30T00:00:00.000Z,NONE,NONE
5407,1,3,2026-06-30T00:00:00.000Z,NONE,NONE
5411,1,3,2026-06-30T00:00:00.000Z,NONE,NONE
5415,1,3,2026-06-30T00:00:00.000Z,NONE,NONE
5435,1,3,2026-06-30T00:00:00.000Z,NONE,NONE
5469,1,3,2026-06-30T00:00:00.000Z,NONE,NONE
5478,1,3,2026-06-30T00:00:00.000Z,NONE,NONE
5483,1,3,2026-06-30T00:00:00.000Z,NONE,NONE
5517,1,3,2026-06-30T00:00:00.000Z,NONE,NONE
5530,1,3,2026-06-30T00:00:00.000Z,NONE,NONE
5535,1,3,2026-06-30T00:00:00.000Z,NONE,NONE
5548,1,3,2026-06-30T00:00:00.000Z,NONE,NONE
5549,1,3,2026-06-30T00:00:00.000Z,NONE,NONE
5552,1,3,2026-06-30T00:00:00.000Z,NONE,NONE
5558,1,3,2026-06-30T00:00:00.000Z,NONE,NONE
5607,1,3,2026-06-30T00:00:00.000Z,NONE,NONE
5608,1,3,2026-06-30T00:00:00.000Z,NONE,NONE
5632,1,3,2026-06-30T00:00:00.000Z,NONE,NONE
5642,1,3,2026-06-30T00:00:00.000Z,NONE,NONE
5643,1,3,2026-06-30T00:00:00.000Z,NONE,NONE
5704,1,3,2026-06-30T00:00:00.000Z,NONE,NONE
5728,1,3,2026-06-30T00:00:00.000Z,NONE,NONE
5734,1,3,2026-06-30T00:00:00.000Z,NONE,NONE
5743,1,3,2026-06-30T00:00:00.000Z,NONE,NONE
5754,1,3,2026-06-30T00:00:00.000Z,NONE,NONE
5770,1,3,2026-06-30T00:00:00.000Z,NONE,NONE
5785,1,3,2026-06-30T00:00:00.000Z,NONE,NONE
5808,1,3,2026-06-30T00:00:00.000Z,NONE,NONE
5821,1,3,2026-06-30T00:00:00.000Z,NONE,NONE
5843,1,3,2026-06-30T00:00:00.000Z,NONE,NONE
5849,1,3,2026-06-30T00:00:00.000Z,NONE,NONE
5855,1,3,2026-06-30T00:00:00.000Z,NONE,NONE
5863,1,3,2026-06-30T00:00:00.000Z,NONE,NONE
5879,1,3,2026-06-30T00:00:00.000Z,NONE,NONE
5895,1,3,2026-06-30T00:00:00.000Z,NONE,NONE
5916,1,3,2026-06-30T00:00:00.000Z,NONE,NONE
5945,1,3,2026-06-30T00:00:00.000Z,NONE,NONE
5995,1,3,2026-06-30T00:00:00.000Z,NONE,NONE
5996,1,3,2026-06-30T00:00:00.000Z,NONE,NONE
6001,1,3,2026-06-30T00:00:00.000Z,NONE,NONE
6023,1,3,2026-06-30T00:00:00.000Z,NONE,NONE
6027,1,3,2026-06-30T00:00:00.000Z,NONE,NONE
6046,1,3,2026-06-30T00:00:00.000Z,NONE,NONE
6055,1,3,2026-06-30T00:00:00.000Z,NONE,NONE
6059,1,3,2026-06-30T00:00:00.000Z,NONE,NONE
6062,1,3,2026-06-30T00:00:00.000Z,NONE,NONE
6064,1,3,2026-06-30T00:00:00.000Z,NONE,NONE
6080,1,3,2026-06-30T00:00:00.000Z,NONE,NONE
6096,1,3,2026-06-30T00:00:00.000Z,NONE,NONE
6098,1,3,2026-06-30T00:00:00.000Z,NONE,NONE
6102,1,3,2026-06-30T00:00:00.000Z,NONE,NONE
6123,1,3,2026-06-30T00:00:00.000Z,NONE,NONE
6138,1,3,2026-06-30T00:00:00.000Z,NONE,NONE
6140,1,3,2026-06-30T00:00:00.000Z,NONE,NONE
6144,1,3,2026-06-30T00:00:00.000Z,NONE,NONE
6151,1,3,2026-06-30T00:00:00.000Z,NONE,NONE
6162,1,3,2026-06-30T00:00:00.000Z,NONE,NONE
6173,1,3,2026-06-30T00:00:00.000Z,NONE,NONE
6177,1,3,2026-06-30T00:00:00.000Z,NONE,NONE
6179,1,3,2026-06-30T00:00:00.000Z,NONE,NONE
6188,1,3,2026-06-30T00:00:00.000Z,NONE,NONE
6198,1,3,2026-06-30T00:00:00.000Z,NONE,NONE
6204,1,3,2026-06-30T00:00:00.000Z,NONE,NONE
6232,1,3,2026-06-30T00:00:00.000Z,NONE,NONE
6240,1,3,2026-06-30T00:00:00.000Z,NONE,NONE
6249,1,3,2026-06-30T00:00:00.000Z,NONE,NONE
6258,1,3,2026-06-30T00:00:00.000Z,NONE,NONE
6260,1,3,2026-06-30T00:00:00.000Z,NONE,NONE
6266,1,3,2026-06-30T00:00:00.000Z,NONE,NONE
6274,1,3,2026-06-30T00:00:00.000Z,NONE,NONE
6302,1,3,2026-06-30T00:00:00.000Z,NONE,NONE
6316,1,3,2026-06-30T00:00:00.000Z,NONE,NONE
6364,1,3,2026-06-30T00:00:00.000Z,NONE,NONE
6370,1,3,2026-06-30T00:00:00.000Z,NONE,NONE
6381,1,3,2026-06-30T00:00:00.000Z,NONE,NONE
6385,1,3,2026-06-30T00:00:00.000Z,NONE,NONE
6391,1,3,2026-06-30T00:00:00.000Z,NONE,NONE
6401,1,3,2026-06-30T00:00:00.000Z,NONE,NONE
6402,1,3,2026-06-30T00:00:00.000Z,NONE,NONE
6486,1,3,2026-06-30T00:00:00.000Z,NONE,NONE
6487,1,3,2026-06-30T00:00:00.000Z,NONE,NONE
6491,1,3,2026-06-30T00:00:00.000Z,NONE,NONE
6502,1,3,2026-06-30T00:00:00.000Z,NONE,NONE
6511,1,3,2026-06-30T00:00:00.000Z,NONE,NONE
6524,1,3,2026-06-30T00:00:00.000Z,NONE,NONE
6558,1,3,2026-06-30T00:00:00.000Z,NONE,NONE
6565,1,3,2026-06-30T00:00:00.000Z,NONE,NONE
6570,1,3,2026-06-30T00:00:00.000Z,NONE,NONE
6601,1,3,2026-06-30T00:00:00.000Z,NONE,NONE
6618,1,3,2026-06-30T00:00:00.000Z,NONE,NONE
6643,1,3,2026-06-30T00:00:00.000Z,NONE,NONE
6647,1,3,2026-06-30T00:00:00.000Z,NONE,NONE
6656,1,3,2026-06-30T00:00:00.000Z,NONE,NONE
6665,1,3,2026-06-30T00:00:00.000Z,NONE,NONE
6736,1,3,2026-06-30T00:00:00.000Z,NONE,NONE
6743,1,3,2026-06-30T00:00:00.000Z,NONE,NONE
6749,1,3,2026-06-30T00:00:00.000Z,NONE,NONE
6761,1,3,2026-06-30T00:00:00.000Z,NONE,NONE
6767,1,3,2026-06-30T00:00:00.000Z,NONE,NONE
6770,1,3,2026-06-30T00:00:00.000Z,NONE,NONE
6775,1,3,2026-06-30T00:00:00.000Z,NONE,NONE
6784,1,3,2026-06-30T00:00:00.000Z,NONE,NONE
6802,1,3,2026-06-30T00:00:00.000Z,NONE,NONE
6816,1,3,2026-06-30T00:00:00.000Z,NONE,NONE
6856,1,3,2026-06-30T00:00:00.000Z,NONE,NONE
6868,1,3,2026-06-30T00:00:00.000Z,NONE,NONE
6871,1,3,2026-06-30T00:00:00.000Z,NONE,NONE
6877,1,3,2026-06-30T00:00:00.000Z,NONE,NONE
6886,1,3,2026-06-30T00:00:00.000Z,NONE,NONE
6896,1,3,2026-06-30T00:00:00.000Z,NONE,NONE
6906,1,3,2026-06-30T00:00:00.000Z,NONE,NONE
6908,1,3,2026-06-30T00:00:00.000Z,NONE,NONE
6909,1,3,2026-06-30T00:00:00.000Z,NONE,NONE
6910,1,3,2026-06-30T00:00:00.000Z,NONE,NONE
6915,1,3,2026-06-30T00:00:00.000Z,NONE,NONE
6940,1,3,2026-06-30T00:00:00.000Z,NONE,NONE
6963,1,3,2026-06-30T00:00:00.000Z,NONE,NONE
6982,1,3,2026-06-30T00:00:00.000Z,NONE,NONE
7007,1,3,2026-06-30T00:00:00.000Z,NONE,NONE
7013,1,3,2026-06-30T00:00:00.000Z,NONE,NONE
7018,1,3,2026-06-30T00:00:00.000Z,NONE,NONE
7019,1,3,2026-06-30T00:00:00.000Z,NONE,NONE
7024,1,3,2026-06-30T00:00:00.000Z,NONE,NONE
7028,1,3,2026-06-30T00:00:00.000Z,NONE,NONE
7032,1,3,2026-06-30T00:00:00.000Z,NONE,NONE
7035,1,3,2026-06-30T00:00:00.000Z,NONE,NONE
7049,1,3,2026-06-30T00:00:00.000Z,NONE,NONE
7050,1,3,2026-06-30T00:00:00.000Z,NONE,NONE
7066,1,3,2026-06-30T00:00:00.000Z,NONE,NONE
7070,1,3,2026-06-30T00:00:00.000Z,NONE,NONE
7080,1,3,2026-06-30T00:00:00.000Z,NONE,NONE
7082,1,3,2026-06-30T00:00:00.000Z,NONE,NONE
7085,1,3,2026-06-30T00:00:00.000Z,NONE,NONE
7089,1,3,2026-06-30T00:00:00.000Z,NONE,NONE
7092,1,3,2026-06-30T00:00:00.000Z,NONE,NONE
7133,1,3,2026-06-30T00:00:00.000Z,NONE,NONE
7164,1,3,2026-06-30T00:00:00.000Z,NONE,NONE
7200,1,3,2026-06-30T00:00:00.000Z,NONE,NONE
7206,1,3,2026-06-30T00:00:00.000Z,NONE,NONE
7218,1,3,2026-06-30T00:00:00.000Z,NONE,NONE
7245,1,3,2026-06-30T00:00:00.000Z,NONE,NONE
7283,1,3,2026-06-30T00:00:00.000Z,NONE,NONE
7290,1,3,2026-06-30T00:00:00.000Z,NONE,NONE
7305,1,3,2026-06-30T00:00:00.000Z,NONE,NONE
7315,1,3,2026-06-30T00:00:00.000Z,NONE,NONE
7334,1,3,2026-06-30T00:00:00.000Z,NONE,NONE
7359,1,3,2026-06-30T00:00:00.000Z,NONE,NONE
7385,1,3,2026-06-30T00:00:00.000Z,NONE,NONE
7440,1,3,2026-06-30T00:00:00.000Z,NONE,NONE
7461,1,3,2026-06-30T00:00:00.000Z,NONE,NONE
7462,1,3,2026-06-30T00:00:00.000Z,NONE,NONE
7497,1,3,2026-06-30T00:00:00.000Z,NONE,NONE
7505,1,3,2026-06-30T00:00:00.000Z,NONE,NONE
7516,1,3,2026-06-30T00:00:00.000Z,NONE,NONE
7534,1,3,2026-06-30T00:00:00.000Z,NONE,NONE
7564,1,3,2026-06-30T00:00:00.000Z,NONE,NONE
7565,1,3,2026-06-30T00:00:00.000Z,NONE,NONE
7569,1,3,2026-06-30T00:00:00.000Z,NONE,NONE
7575,1,3,2026-06-30T00:00:00.000Z,NONE,NONE
7585,1,3,2026-06-30T00:00:00.000Z,NONE,NONE
7609,1,3,2026-06-30T00:00:00.000Z,NONE,NONE
7624,1,3,2026-06-30T00:00:00.000Z,NONE,NONE
7629,1,3,2026-06-30T00:00:00.000Z,NONE,NONE
7630,1,3,2026-06-30T00:00:00.000Z,NONE,NONE
7637,1,3,2026-06-30T00:00:00.000Z,NONE,NONE
7648,1,3,2026-06-30T00:00:00.000Z,NONE,NONE
7714,1,3,2026-06-30T00:00:00.000Z,NONE,NONE
7729,1,3,2026-06-30T00:00:00.000Z,NONE,NONE
7748,1,3,2026-06-30T00:00:00.000Z,NONE,NONE
7797,1,3,2026-06-30T00:00:00.000Z,NONE,NONE
7836,1,3,2026-06-30T00:00:00.000Z,NONE,NONE
7839,1,3,2026-06-30T00:00:00.000Z,NONE,NONE
7870,1,3,2026-06-30T00:00:00.000Z,NONE,NONE
7913,1,3,2026-06-30T00:00:00.000Z,NONE,NONE
7914,1,3,2026-06-30T00:00:00.000Z,NONE,NONE
7936,1,3,2026-06-30T00:00:00.000Z,NONE,NONE
7943,1,3,2026-06-30T00:00:00.000Z,NONE,NONE
7965,1,3,2026-06-30T00:00:00.000Z,NONE,NONE
7975,1,3,2026-06-30T00:00:00.000Z,NONE,NONE
7976,1,3,2026-06-30T00:00:00.000Z,NONE,NONE
7995,1,3,2026-06-30T00:00:00.000Z,NONE,NONE
8003,1,3,2026-06-30T00:00:00.000Z,NONE,NONE
8058,1,3,2026-06-30T00:00:00.000Z,NONE,NONE
8091,1,3,2026-06-30T00:00:00.000Z,NONE,NONE
8094,1,3,2026-06-30T00:00:00.000Z,NONE,NONE
8143,1,3,2026-06-30T00:00:00.000Z,NONE,NONE
8145,1,3,2026-06-30T00:00:00.000Z,NONE,NONE
8165,1,3,2026-06-30T00:00:00.000Z,NONE,NONE
8170,1,3,2026-06-30T00:00:00.000Z,NONE,NONE
8175,1,3,2026-06-30T00:00:00.000Z,NONE,NONE
8233,1,3,2026-06-30T00:00:00.000Z,NONE,NONE
8280,1,3,2026-06-30T00:00:00.000Z,NONE,NONE
8289,1,3,2026-06-30T00:00:00.000Z,NONE,NONE
8294,1,3,2026-06-30T00:00:00.000Z,NONE,NONE
8322,1,3,2026-06-30T00:00:00.000Z,NONE,NONE
8327,1,3,2026-06-30T00:00:00.000Z,NONE,NONE
8380,1,3,2026-06-30T00:00:00.000Z,NONE,NONE
8387,1,3,2026-06-30T00:00:00.000Z,NONE,NONE
8442,1,3,2026-06-30T00:00:00.000Z,NONE,NONE
8444,1,3,2026-06-30T00:00:00.000Z,NONE,NONE
8513,1,3,2026-06-30T00:00:00.000Z,NONE,NONE
8527,1,3,2026-06-30T00:00:00.000Z,NONE,NONE
8537,1,3,2026-06-30T00:00:00.000Z,NONE,NONE
8629,1,3,2026-06-30T00:00:00.000Z,NONE,NONE
8668,1,3,2026-06-30T00:00:00.000Z,NONE,NONE
8688,1,3,2026-06-30T00:00:00.000Z,NONE,NONE
8709,1,3,2026-06-30T00:00:00.000Z,NONE,NONE
8731,1,3,2026-06-30T00:00:00.000Z,NONE,NONE
8756,1,3,2026-06-30T00:00:00.000Z,NONE,NONE
8761,1,3,2026-06-30T00:00:00.000Z,NONE,NONE
8781,1,3,2026-06-30T00:00:00.000Z,NONE,NONE
8788,1,3,2026-06-30T00:00:00.000Z,NONE,NONE
8800,1,3,2026-06-30T00:00:00.000Z,NONE,NONE
8815,1,3,2026-06-30T00:00:00.000Z,NONE,NONE
8825,1,3,2026-06-30T00:00:00.000Z,NONE,NONE
8879,1,3,2026-06-30T00:00:00.000Z,NONE,NONE
8882,1,3,2026-06-30T00:00:00.000Z,NONE,NONE
8889,1,3,2026-06-30T00:00:00.000Z,NONE,NONE
8892,1,3,2026-06-30T00:00:00.000Z,NONE,NONE
8893,1,3,2026-06-30T00:00:00.000Z,NONE,NONE
8899,1,3,2026-06-30T00:00:00.000Z,NONE,NONE
8924,1,3,2026-06-30T00:00:00.000Z,NONE,NONE
8940,1,3,2026-06-30T00:00:00.000Z,NONE,NONE
8956,1,3,2026-06-30T00:00:00.000Z,NONE,NONE
8962,1,3,2026-06-30T00:00:00.000Z,NONE,NONE
8967,1,3,2026-06-30T00:00:00.000Z,NONE,NONE
8975,1,3,2026-06-30T00:00:00.000Z,NONE,NONE
8989,1,3,2026-06-30T00:00:00.000Z,NONE,NONE
8994,1,3,2026-06-30T00:00:00.000Z,NONE,NONE
8998,1,3,2026-06-30T00:00:00.000Z,NONE,NONE
9003,1,3,2026-06-30T00:00:00.000Z,NONE,NONE
9004,1,3,2026-06-30T00:00:00.000Z,NONE,NONE
9027,1,3,2026-06-30T00:00:00.000Z,NONE,NONE
9028,1,3,2026-06-30T00:00:00.000Z,NONE,NONE
9055,1,3,2026-06-30T00:00:00.000Z,NONE,NONE
9065,1,3,2026-06-30T00:00:00.000Z,NONE,NONE
9080,1,3,2026-06-30T00:00:00.000Z,NONE,NONE
9097,1,3,2026-06-30T00:00:00.000Z,NONE,NONE
9123,1,3,2026-06-30T00:00:00.000Z,NONE,NONE
9151,1,3,2026-06-30T00:00:00.000Z,NONE,NONE
9154,1,3,2026-06-30T00:00:00.000Z,NONE,NONE
9175,1,3,2026-06-30T00:00:00.000Z,NONE,NONE
9202,1,3,2026-06-30T00:00:00.000Z,NONE,NONE
9235,1,3,2026-06-30T00:00:00.000Z,NONE,NONE
9239,1,3,2026-06-30T00:00:00.000Z,NONE,NONE
9272,1,3,2026-06-30T00:00:00.000Z,NONE,NONE
9318,1,3,2026-06-30T00:00:00.000Z,NONE,NONE
9325,1,3,2026-06-30T00:00:00.000Z,NONE,NONE
9345,1,3,2026-06-30T00:00:00.000Z,NONE,NONE
9391,1,3,2026-06-30T00:00:00.000Z,NONE,NONE
9393,1,3,2026-06-30T00:00:00.000Z,NONE,NONE
9464,1,3,2026-06-30T00:00:00.000Z,NONE,NONE
9503,1,3,2026-06-30T00:00:00.000Z,NONE,NONE
9527,1,3,2026-06-30T00:00:00.000Z,NONE,NONE
9539,1,3,2026-06-30T00:00:00.000Z,NONE,NONE
9547,1,3,2026-06-30T00:00:00.000Z,NONE,NONE
9555,1,3,2026-06-30T00:00:00.000Z,NONE,NONE
9563,1,3,2026-06-30T00:00:00.000Z,NONE,NONE
9575,1,3,2026-06-30T00:00:00.000Z,NONE,NONE
9585,1,3,2026-06-30T00:00:00.000Z,NONE,NONE
9593,1,3,2026-06-30T00:00:00.000Z,NONE,NONE
9604,1,3,2026-06-30T00:00:00.000Z,NONE,NONE
9613,1,3,2026-06-30T00:00:00.000Z,NONE,NONE
9628,1,3,2026-06-30T00:00:00.000Z,NONE,NONE
9681,1,3,2026-06-30T00:00:00.000Z,NONE,NONE
9696,1,3,2026-06-30T00:00:00.000Z,NONE,NONE
9697,1,3,2026-06-30T00:00:00.000Z,NONE,NONE
9709,1,3,2026-06-30T00:00:00.000Z,NONE,NONE
9714,1,3,2026-06-30T00:00:00.000Z,NONE,NONE
9730,1,3,2026-06-30T00:00:00.000Z,NONE,NONE
9746,1,3,2026-06-30T00:00:00.000Z,NONE,NONE
9766,1,3,2026-06-30T00:00:00.000Z,NONE,NONE
9807,1,3,2026-06-30T00:00:00.000Z,NONE,NONE
9981,1,3,2026-06-30T00:00:00.000Z,NONE,NONE
10010,1,3,2026-06-30T00:00:00.000Z,NONE,NONE
10023,1,3,2026-06-30T00:00:00.000Z,NONE,NONE
10049,1,3,2026-06-30T00:00:00.000Z,NONE,NONE
10070,1,3,2026-06-30T00:00:00.000Z,NONE,NONE
10082,1,3,2026-06-30T00:00:00.000Z,NONE,NONE
10098,1,3,2026-06-30T00:00:00.000Z,NONE,NONE
10099,1,3,2026-06-30T00:00:00.000Z,NONE,NONE
10101,1,3,2026-06-30T00:00:00.000Z,NONE,NONE
10103,1,3,2026-06-30T00:00:00.000Z,NONE,NONE
10112,1,3,2026-06-30T00:00:00.000Z,NONE,NONE
10149,1,3,2026-06-30T00:00:00.000Z,NONE,NONE
10181,1,3,2026-06-30T00:00:00.000Z,NONE,NONE
10209,1,3,2026-06-30T00:00:00.000Z,NONE,NONE
10213,1,3,2026-06-30T00:00:00.000Z,NONE,NONE
10219,1,3,2026-06-30T00:00:00.000Z,NONE,NONE
10224,1,3,2026-06-30T00:00:00.000Z,NONE,NONE
10228,1,3,2026-06-30T00:00:00.000Z,NONE,NONE
10234,1,3,2026-06-30T00:00:00.000Z,NONE,NONE
10243,1,3,2026-06-30T00:00:00.000Z,NONE,NONE
10256,1,3,2026-06-30T00:00:00.000Z,NONE,NONE
10263,1,3,2026-06-30T00:00:00.000Z,NONE,NONE
10264,1,3,2026-06-30T00:00:00.000Z,NONE,NONE
10265,1,3,2026-06-30T00:00:00.000Z,NONE,NONE
10267,1,3,2026-06-30T00:00:00.000Z,NONE,NONE
10268,1,3,2026-06-30T00:00:00.000Z,NONE,NONE
10272,1,3,2026-06-30T00:00:00.000Z,NONE,NONE
10273,1,3,2026-06-30T00:00:00.000Z,NONE,NONE
10274,1,3,2026-06-30T00:00:00.000Z,NONE,NONE
10275,1,3,2026-06-30T00:00:00.000Z,NONE,NONE
10276,1,3,2026-06-30T00:00:00.000Z,NONE,NONE
10278,1,3,2026-06-30T00:00:00.000Z,NONE,NONE
10279,1,3,2026-06-30T00:00:00.000Z,NONE,NONE
10281,1,3,2026-06-30T00:00:00.000Z,NONE,NONE
10282,1,3,2026-06-30T00:00:00.000Z,NONE,NONE
10283,1,3,2026-06-30T00:00:00.000Z,NONE,NONE
10284,1,3,2026-06-30T00:00:00.000Z,NONE,NONE
10285,1,3,2026-06-30T00:00:00.000Z,NONE,NONE
10286,1,3,2026-06-30T00:00:00.000Z,NONE,NONE
10287,1,3,2026-06-30T00:00:00.000Z,NONE,NONE
10288,1,3,2026-06-30T00:00:00.000Z,NONE,NONE
10289,1,3,2026-06-30T00:00:00.000Z,NONE,NONE
10290,1,3,2026-06-30T00:00:00.000Z,NONE,NONE
10291,1,3,2026-06-30T00:00:00.000Z,NONE,NONE
10292,1,3,2026-06-30T00:00:00.000Z,NONE,NONE
10293,1,3,2026-06-30T00:00:00.000Z,NONE,NONE
10294,1,3,2026-06-30T00:00:00.000Z,NONE,NONE
10309,1,3,2026-06-30T00:00:00.000Z,NONE,NONE
10310,1,3,2026-06-30T00:00:00.000Z,NONE,NONE
10311,1,3,2026-06-30T00:00:00.000Z,NONE,NONE
10312,1,3,2026-06-30T00:00:00.000Z,NONE,NONE
10313,1,3,2026-06-30T00:00:00.000Z,NONE,NONE
10316,1,3,2026-06-30T00:00:00.000Z,NONE,NONE
10324,1,3,2026-06-30T00:00:00.000Z,NONE,NONE
10334,1,3,2026-06-30T00:00:00.000Z,NONE,NONE
10335,1,3,2026-06-30T00:00:00.000Z,NONE,NONE
10336,1,3,2026-06-30T00:00:00.000Z,NONE,NONE
10337,1,3,2026-06-30T00:00:00.000Z,NONE,NONE
10338,1,3,2026-06-30T00:00:00.000Z,NONE,NONE
10339,1,3,2026-06-30T00:00:00.000Z,NONE,NONE
10351,1,3,2026-06-30T00:00:00.000Z,NONE,NONE
10359,1,3,2026-06-30T00:00:00.000Z,NONE,NONE
10365,1,3,2026-06-30T00:00:00.000Z,NONE,NONE
10383,1,3,2026-06-30T00:00:00.000Z,NONE,NONE
10384,1,3,2026-06-30T00:00:00.000Z,NONE,NONE
10406,1,3,2026-06-30T00:00:00.000Z,NONE,NONE
10415,1,3,2026-06-30T00:00:00.000Z,NONE,NONE
10423,1,3,2026-06-30T00:00:00.000Z,NONE,NONE
10426,1,3,2026-06-30T00:00:00.000Z,NONE,NONE
10500,1,3,2026-06-30T00:00:00.000Z,NONE,NONE
10506,1,3,2026-06-30T00:00:00.000Z,NONE,NONE
10514,1,3,2026-06-30T00:00:00.000Z,NONE,NONE
10536,1,3,2026-06-30T00:00:00.000Z,NONE,NONE
10542,1,3,2026-06-30T00:00:00.000Z,NONE,NONE
10553,1,3,2026-06-30T00:00:00.000Z,NONE,NONE
10565,1,3,2026-06-30T00:00:00.000Z,NONE,NONE
10598,1,3,2026-06-30T00:00:00.000Z,NONE,NONE
10614,1,3,2026-06-30T00:00:00.000Z,NONE,NONE
10735,1,3,2026-06-30T00:00:00.000Z,NONE,NONE
10739,1,3,2026-06-30T00:00:00.000Z,NONE,NONE
10758,1,3,2026-06-30T00:00:00.000Z,NONE,NONE
10759,1,3,2026-06-30T00:00:00.000Z,NONE,NONE
10760,1,3,2026-06-30T00:00:00.000Z,NONE,NONE
6,1,3,2026-07-01T00:00:00.000Z,NONE,NONE
7,1,3,2026-07-01T00:00:00.000Z,NONE,NONE
32,1,3,2026-07-01T00:00:00.000Z,NONE,NONE
53,1,3,2026-07-01T00:00:00.000Z,NONE,NONE
77,1,3,2026-07-01T00:00:00.000Z,NONE,NONE
89,1,3,2026-07-01T00:00:00.000Z,NONE,NONE
103,1,3,2026-07-01T00:00:00.000Z,NONE,NONE
112,1,3,2026-07-01T00:00:00.000Z,NONE,NONE
120,1,3,2026-07-01T00:00:00.000Z,NONE,NONE
128,1,3,2026-07-01T00:00:00.000Z,NONE,NONE
143,1,3,2026-07-01T00:00:00.000Z,NONE,NONE
149,1,3,2026-07-01T00:00:00.000Z,NONE,NONE
155,1,3,2026-07-01T00:00:00.000Z,NONE,NONE
216,1,3,2026-07-01T00:00:00.000Z,NONE,NONE
217,1,3,2026-07-01T00:00:00.000Z,NONE,NONE
227,1,3,2026-07-01T00:00:00.000Z,NONE,NONE
245,1,3,2026-07-01T00:00:00.000Z,NONE,NONE
268,1,3,2026-07-01T00:00:00.000Z,NONE,NONE
279,1,3,2026-07-01T00:00:00.000Z,NONE,NONE
280,1,3,2026-07-01T00:00:00.000Z,NONE,NONE
281,1,3,2026-07-01T00:00:00.000Z,NONE,NONE
290,1,3,2026-07-01T00:00:00.000Z,NONE,NONE
304,1,3,2026-07-01T00:00:00.000Z,NONE,NONE
310,1,3,2026-07-01T00:00:00.000Z,NONE,NONE
329,1,3,2026-07-01T00:00:00.000Z,NONE,NONE
335,1,3,2026-07-01T00:00:00.000Z,NONE,NONE
341,1,3,2026-07-01T00:00:00.000Z,NONE,NONE
351,1,3,2026-07-01T00:00:00.000Z,NONE,NONE
368,1,3,2026-07-01T00:00:00.000Z,NONE,NONE
370,1,3,2026-07-01T00:00:00.000Z,NONE,NONE
379,1,3,2026-07-01T00:00:00.000Z,NONE,NONE
396,1,3,2026-07-01T00:00:00.000Z,NONE,NONE
410,1,3,2026-07-01T00:00:00.000Z,NONE,NONE
440,1,3,2026-07-01T00:00:00.000Z,NONE,NONE
457,1,3,2026-07-01T00:00:00.000Z,NONE,NONE
474,1,3,2026-07-01T00:00:00.000Z,NONE,NONE
486,1,3,2026-07-01T00:00:00.000Z,NONE,NONE
487,1,3,2026-07-01T00:00:00.000Z,NONE,NONE
490,1,3,2026-07-01T00:00:00.000Z,NONE,NONE
492,1,3,2026-07-01T00:00:00.000Z,NONE,NONE
495,1,3,2026-07-01T00:00:00.000Z,NONE,NONE
500,1,3,2026-07-01T00:00:00.000Z,NONE,NONE
501,1,3,2026-07-01T00:00:00.000Z,NONE,NONE
521,1,3,2026-07-01T00:00:00.000Z,NONE,NONE
522,1,3,2026-07-01T00:00:00.000Z,NONE,NONE
527,1,3,2026-07-01T00:00:00.000Z,NONE,NONE
538,1,3,2026-07-01T00:00:00.000Z,NONE,NONE
539,1,3,2026-07-01T00:00:00.000Z,NONE,NONE
548,1,3,2026-07-01T00:00:00.000Z,NONE,NONE
554,1,3,2026-07-01T00:00:00.000Z,NONE,NONE
556,1,3,2026-07-01T00:00:00.000Z,NONE,NONE
557,1,3,2026-07-01T00:00:00.000Z,NONE,NONE
572,1,3,2026-07-01T00:00:00.000Z,NONE,NONE
575,1,3,2026-07-01T00:00:00.000Z,NONE,NONE
576,1,3,2026-07-01T00:00:00.000Z,NONE,NONE
580,1,3,2026-07-01T00:00:00.000Z,NONE,NONE
589,1,3,2026-07-01T00:00:00.000Z,NONE,NONE
593,1,3,2026-07-01T00:00:00.000Z,NONE,NONE
601,1,3,2026-07-01T00:00:00.000Z,NONE,NONE
608,1,3,2026-07-01T00:00:00.000Z,NONE,NONE
616,1,3,2026-07-01T00:00:00.000Z,NONE,NONE
617,1,3,2026-07-01T00:00:00.000Z,NONE,NONE
620,1,3,2026-07-01T00:00:00.000Z,NONE,NONE
636,1,3,2026-07-01T00:00:00.000Z,NONE,NONE
655,1,3,2026-07-01T00:00:00.000Z,NONE,NONE
656,1,3,2026-07-01T00:00:00.000Z,NONE,NONE
658,1,3,2026-07-01T00:00:00.000Z,NONE,NONE
672,1,3,2026-07-01T00:00:00.000Z,NONE,NONE
673,1,3,2026-07-01T00:00:00.000Z,NONE,NONE
677,1,3,2026-07-01T00:00:00.000Z,NONE,NONE
689,1,3,2026-07-01T00:00:00.000Z,NONE,NONE
694,1,3,2026-07-01T00:00:00.000Z,NONE,NONE
726,1,3,2026-07-01T00:00:00.000Z,NONE,NONE
752,1,3,2026-07-01T00:00:00.000Z,NONE,NONE
761,1,3,2026-07-01T00:00:00.000Z,NONE,NONE
786,1,3,2026-07-01T00:00:00.000Z,NONE,NONE
799,1,3,2026-07-01T00:00:00.000Z,NONE,NONE
831,1,3,2026-07-01T00:00:00.000Z,NONE,NONE
835,1,3,2026-07-01T00:00:00.000Z,NONE,NONE
836,1,3,2026-07-01T00:00:00.000Z,NONE,NONE
859,1,3,2026-07-01T00:00:00.000Z,NONE,NONE
871,1,3,2026-07-01T00:00:00.000Z,NONE,NONE
872,1,3,2026-07-01T00:00:00.000Z,NONE,NONE
880,1,3,2026-07-01T00:00:00.000Z,NONE,NONE
894,1,3,2026-07-01T00:00:00.000Z,NONE,NONE
896,1,3,2026-07-01T00:00:00.000Z,NONE,NONE
897,1,3,2026-07-01T00:00:00.000Z,NONE,NONE
909,1,3,2026-07-01T00:00:00.000Z,NONE,NONE
932,1,3,2026-07-01T00:00:00.000Z,NONE,NONE
934,1,3,2026-07-01T00:00:00.000Z,NONE,NONE
965,1,3,2026-07-01T00:00:00.000Z,NONE,NONE
1071,1,3,2026-07-01T00:00:00.000Z,NONE,NONE
1077,1,3,2026-07-01T00:00:00.000Z,NONE,NONE
1084,1,3,2026-07-01T00:00:00.000Z,NONE,NONE
1085,1,3,2026-07-01T00:00:00.000Z,NONE,NONE
1097,1,3,2026-07-01T00:00:00.000Z,NONE,NONE
1113,1,3,2026-07-01T00:00:00.000Z,NONE,NONE
1118,1,3,2026-07-01T00:00:00.000Z,NONE,NONE
1125,1,3,2026-07-01T00:00:00.000Z,NONE,NONE
1146,1,3,2026-07-01T00:00:00.000Z,NONE,NONE
1176,1,3,2026-07-01T00:00:00.000Z,NONE,NONE
1197,1,3,2026-07-01T00:00:00.000Z,NONE,NONE
1200,1,3,2026-07-01T00:00:00.000Z,NONE,NONE
1202,1,3,2026-07-01T00:00:00.000Z,NONE,NONE
1215,1,3,2026-07-01T00:00:00.000Z,NONE,NONE
1229,1,3,2026-07-01T00:00:00.000Z,NONE,NONE
1234,1,3,2026-07-01T00:00:00.000Z,NONE,NONE
1238,1,3,2026-07-01T00:00:00.000Z,NONE,NONE
1270,1,3,2026-07-01T00:00:00.000Z,NONE,NONE
1277,1,3,2026-07-01T00:00:00.000Z,NONE,NONE
1290,1,3,2026-07-01T00:00:00.000Z,NONE,NONE
1316,1,3,2026-07-01T00:00:00.000Z,NONE,NONE
1327,1,3,2026-07-01T00:00:00.000Z,NONE,NONE
1333,1,3,2026-07-01T00:00:00.000Z,NONE,NONE
1335,1,3,2026-07-01T00:00:00.000Z,NONE,NONE
1352,1,3,2026-07-01T00:00:00.000Z,NONE,NONE
1363,1,3,2026-07-01T00:00:00.000Z,NONE,NONE
1372,1,3,2026-07-01T00:00:00.000Z,NONE,NONE
1381,1,3,2026-07-01T00:00:00.000Z,NONE,NONE
1383,1,3,2026-07-01T00:00:00.000Z,NONE,NONE
1386,1,3,2026-07-01T00:00:00.000Z,NONE,NONE
1408,1,3,2026-07-01T00:00:00.000Z,NONE,NONE
1410,1,3,2026-07-01T00:00:00.000Z,NONE,NONE
1416,1,3,2026-07-01T00:00:00.000Z,NONE,NONE
1417,1,3,2026-07-01T00:00:00.000Z,NONE,NONE
1418,1,3,2026-07-01T00:00:00.000Z,NONE,NONE
1420,1,3,2026-07-01T00:00:00.000Z,NONE,NONE
1427,1,3,2026-07-01T00:00:00.000Z,NONE,NONE
1440,1,3,2026-07-01T00:00:00.000Z,NONE,NONE
1449,1,3,2026-07-01T00:00:00.000Z,NONE,NONE
1459,1,3,2026-07-01T00:00:00.000Z,NONE,NONE
1467,1,3,2026-07-01T00:00:00.000Z,NONE,NONE
1470,1,3,2026-07-01T00:00:00.000Z,NONE,NONE
1475,1,3,2026-07-01T00:00:00.000Z,NONE,NONE
1477,1,3,2026-07-01T00:00:00.000Z,NONE,NONE
1483,1,3,2026-07-01T00:00:00.000Z,NONE,NONE
1484,1,3,2026-07-01T00:00:00.000Z,NONE,NONE
1485,1,3,2026-07-01T00:00:00.000Z,NONE,NONE
1491,1,3,2026-07-01T00:00:00.000Z,NONE,NONE
1496,1,3,2026-07-01T00:00:00.000Z,NONE,NONE
1504,1,3,2026-07-01T00:00:00.000Z,NONE,NONE
1506,1,3,2026-07-01T00:00:00.000Z,NONE,NONE
1512,1,3,2026-07-01T00:00:00.000Z,NONE,NONE
1523,1,3,2026-07-01T00:00:00.000Z,NONE,NONE
1541,1,3,2026-07-01T00:00:00.000Z,NONE,NONE
1553,1,3,2026-07-01T00:00:00.000Z,NONE,NONE
1559,1,3,2026-07-01T00:00:00.000Z,NONE,NONE
1568,1,3,2026-07-01T00:00:00.000Z,NONE,NONE
1570,1,3,2026-07-01T00:00:00.000Z,NONE,NONE
1578,1,3,2026-07-01T00:00:00.000Z,NONE,NONE
1580,1,3,2026-07-01T00:00:00.000Z,NONE,NONE
1583,1,3,2026-07-01T00:00:00.000Z,NONE,NONE
1585,1,3,2026-07-01T00:00:00.000Z,NONE,NONE
1586,1,3,2026-07-01T00:00:00.000Z,NONE,NONE
1597,1,3,2026-07-01T00:00:00.000Z,NONE,NONE
1603,1,3,2026-07-01T00:00:00.000Z,NONE,NONE
1604,1,3,2026-07-01T00:00:00.000Z,NONE,NONE
1632,1,3,2026-07-01T00:00:00.000Z,NONE,NONE
1641,1,3,2026-07-01T00:00:00.000Z,NONE,NONE
1642,1,3,2026-07-01T00:00:00.000Z,NONE,NONE
1650,1,3,2026-07-01T00:00:00.000Z,NONE,NONE
1662,1,3,2026-07-01T00:00:00.000Z,NONE,NONE
1664,1,3,2026-07-01T00:00:00.000Z,NONE,NONE
1668,1,3,2026-07-01T00:00:00.000Z,NONE,NONE
1674,1,3,2026-07-01T00:00:00.000Z,NONE,NONE
1675,1,3,2026-07-01T00:00:00.000Z,NONE,NONE
1689,1,3,2026-07-01T00:00:00.000Z,NONE,NONE
1692,1,3,2026-07-01T00:00:00.000Z,NONE,NONE
1703,1,3,2026-07-01T00:00:00.000Z,NONE,NONE
1709,1,3,2026-07-01T00:00:00.000Z,NONE,NONE
1716,1,3,2026-07-01T00:00:00.000Z,NONE,NONE
1722,1,3,2026-07-01T00:00:00.000Z,NONE,NONE
1745,1,3,2026-07-01T00:00:00.000Z,NONE,NONE
1757,1,3,2026-07-01T00:00:00.000Z,NONE,NONE
1760,1,3,2026-07-01T00:00:00.000Z,NONE,NONE
1779,1,3,2026-07-01T00:00:00.000Z,NONE,NONE
1782,1,3,2026-07-01T00:00:00.000Z,NONE,NONE
1793,1,3,2026-07-01T00:00:00.000Z,NONE,NONE
1807,1,3,2026-07-01T00:00:00.000Z,NONE,NONE
1815,1,3,2026-07-01T00:00:00.000Z,NONE,NONE
1833,1,3,2026-07-01T00:00:00.000Z,NONE,NONE
1837,1,3,2026-07-01T00:00:00.000Z,NONE,NONE
1839,1,3,2026-07-01T00:00:00.000Z,NONE,NONE
1881,1,3,2026-07-01T00:00:00.000Z,NONE,NONE
1884,1,3,2026-07-01T00:00:00.000Z,NONE,NONE
1889,1,3,2026-07-01T00:00:00.000Z,NONE,NONE
1897,1,3,2026-07-01T00:00:00.000Z,NONE,NONE
1902,1,3,2026-07-01T00:00:00.000Z,NONE,NONE
1912,1,3,2026-07-01T00:00:00.000Z,NONE,NONE
1921,1,3,2026-07-01T00:00:00.000Z,NONE,NONE
1922,1,3,2026-07-01T00:00:00.000Z,NONE,NONE
1926,1,3,2026-07-01T00:00:00.000Z,NONE,NONE
1935,1,3,2026-07-01T00:00:00.000Z,NONE,NONE
1949,1,3,2026-07-01T00:00:00.000Z,NONE,NONE
1955,1,3,2026-07-01T00:00:00.000Z,NONE,NONE
1967,1,3,2026-07-01T00:00:00.000Z,NONE,NONE
1970,1,3,2026-07-01T00:00:00.000Z,NONE,NONE
1975,1,3,2026-07-01T00:00:00.000Z,NONE,NONE
1995,1,3,2026-07-01T00:00:00.000Z,NONE,NONE
1998,1,3,2026-07-01T00:00:00.000Z,NONE,NONE
2008,1,3,2026-07-01T00:00:00.000Z,NONE,NONE
2027,1,3,2026-07-01T00:00:00.000Z,NONE,NONE
2037,1,3,2026-07-01T00:00:00.000Z,NONE,NONE
2053,1,3,2026-07-01T00:00:00.000Z,NONE,NONE
2059,1,3,2026-07-01T00:00:00.000Z,NONE,NONE
2061,1,3,2026-07-01T00:00:00.000Z,NONE,NONE
2064,1,3,2026-07-01T00:00:00.000Z,NONE,NONE
2076,1,3,2026-07-01T00:00:00.000Z,NONE,NONE
2078,1,3,2026-07-01T00:00:00.000Z,NONE,NONE
2081,1,3,2026-07-01T00:00:00.000Z,NONE,NONE
2083,1,3,2026-07-01T00:00:00.000Z,NONE,NONE
2096,1,3,2026-07-01T00:00:00.000Z,NONE,NONE
2101,1,3,2026-07-01T00:00:00.000Z,NONE,NONE
2102,1,3,2026-07-01T00:00:00.000Z,NONE,NONE
2129,1,3,2026-07-01T00:00:00.000Z,NONE,NONE
2136,1,3,2026-07-01T00:00:00.000Z,NONE,NONE
2141,1,3,2026-07-01T00:00:00.000Z,NONE,NONE
2142,1,3,2026-07-01T00:00:00.000Z,NONE,NONE
2143,1,3,2026-07-01T00:00:00.000Z,NONE,NONE
2146,1,3,2026-07-01T00:00:00.000Z,NONE,NONE
2152,1,3,2026-07-01T00:00:00.000Z,NONE,NONE
2162,1,3,2026-07-01T00:00:00.000Z,NONE,NONE
2163,1,3,2026-07-01T00:00:00.000Z,NONE,NONE
2182,1,3,2026-07-01T00:00:00.000Z,NONE,NONE
2192,1,3,2026-07-01T00:00:00.000Z,NONE,NONE
2194,1,3,2026-07-01T00:00:00.000Z,NONE,NONE
2196,1,3,2026-07-01T00:00:00.000Z,NONE,NONE
2206,1,3,2026-07-01T00:00:00.000Z,NONE,NONE
2213,1,3,2026-07-01T00:00:00.000Z,NONE,NONE
2219,1,3,2026-07-01T00:00:00.000Z,NONE,NONE
2222,1,3,2026-07-01T00:00:00.000Z,NONE,NONE
2226,1,3,2026-07-01T00:00:00.000Z,NONE,NONE
2277,1,3,2026-07-01T00:00:00.000Z,NONE,NONE
2282,1,3,2026-07-01T00:00:00.000Z,NONE,NONE
2292,1,3,2026-07-01T00:00:00.000Z,NONE,NONE
2312,1,3,2026-07-01T00:00:00.000Z,NONE,NONE
2316,1,3,2026-07-01T00:00:00.000Z,NONE,NONE
2323,1,3,2026-07-01T00:00:00.000Z,NONE,NONE
2325,1,3,2026-07-01T00:00:00.000Z,NONE,NONE
2346,1,3,2026-07-01T00:00:00.000Z,NONE,NONE
2380,1,3,2026-07-01T00:00:00.000Z,NONE,NONE
2386,1,3,2026-07-01T00:00:00.000Z,NONE,NONE
2393,1,3,2026-07-01T00:00:00.000Z,NONE,NONE
2398,1,3,2026-07-01T00:00:00.000Z,NONE,NONE
2419,1,3,2026-07-01T00:00:00.000Z,NONE,NONE
2431,1,3,2026-07-01T00:00:00.000Z,NONE,NONE
2443,1,3,2026-07-01T00:00:00.000Z,NONE,NONE
2445,1,3,2026-07-01T00:00:00.000Z,NONE,NONE
2464,1,3,2026-07-01T00:00:00.000Z,NONE,NONE
2468,1,3,2026-07-01T00:00:00.000Z,NONE,NONE
2474,1,3,2026-07-01T00:00:00.000Z,NONE,NONE
2478,1,3,2026-07-01T00:00:00.000Z,NONE,NONE
2479,1,3,2026-07-01T00:00:00.000Z,NONE,NONE
2485,1,3,2026-07-01T00:00:00.000Z,NONE,NONE
2494,1,3,2026-07-01T00:00:00.000Z,NONE,NONE
2497,1,3,2026-07-01T00:00:00.000Z,NONE,NONE
2509,1,3,2026-07-01T00:00:00.000Z,NONE,NONE
2513,1,3,2026-07-01T00:00:00.000Z,NONE,NONE
2516,1,3,2026-07-01T00:00:00.000Z,NONE,NONE
2520,1,3,2026-07-01T00:00:00.000Z,NONE,NONE
2537,1,3,2026-07-01T00:00:00.000Z,NONE,NONE
2541,1,3,2026-07-01T00:00:00.000Z,NONE,NONE
2575,1,3,2026-07-01T00:00:00.000Z,NONE,NONE
2581,1,3,2026-07-01T00:00:00.000Z,NONE,NONE
2628,1,3,2026-07-01T00:00:00.000Z,NONE,NONE
2652,1,3,2026-07-01T00:00:00.000Z,NONE,NONE
2667,1,3,2026-07-01T00:00:00.000Z,NONE,NONE
2669,1,3,2026-07-01T00:00:00.000Z,NONE,NONE
2690,1,3,2026-07-01T00:00:00.000Z,NONE,NONE
2697,1,3,2026-07-01T00:00:00.000Z,NONE,NONE
2698,1,3,2026-07-01T00:00:00.000Z,NONE,NONE
2704,1,3,2026-07-01T00:00:00.000Z,NONE,NONE
2711,1,3,2026-07-01T00:00:00.000Z,NONE,NONE
2714,1,3,2026-07-01T00:00:00.000Z,NONE,NONE
2734,1,3,2026-07-01T00:00:00.000Z,NONE,NONE
2736,1,3,2026-07-01T00:00:00.000Z,NONE,NONE
2746,1,3,2026-07-01T00:00:00.000Z,NONE,NONE
2752,1,3,2026-07-01T00:00:00.000Z,NONE,NONE
2764,1,3,2026-07-01T00:00:00.000Z,NONE,NONE
2770,1,3,2026-07-01T00:00:00.000Z,NONE,NONE
2779,1,3,2026-07-01T00:00:00.000Z,NONE,NONE
2792,1,3,2026-07-01T00:00:00.000Z,NONE,NONE
2798,1,3,2026-07-01T00:00:00.000Z,NONE,NONE
2815,1,3,2026-07-01T00:00:00.000Z,NONE,NONE
2831,1,3,2026-07-01T00:00:00.000Z,NONE,NONE
2832,1,3,2026-07-01T00:00:00.000Z,NONE,NONE
2842,1,3,2026-07-01T00:00:00.000Z,NONE,NONE
2843,1,3,2026-07-01T00:00:00.000Z,NONE,NONE
2846,1,3,2026-07-01T00:00:00.000Z,NONE,NONE
2869,1,3,2026-07-01T00:00:00.000Z,NONE,NONE
2871,1,3,2026-07-01T00:00:00.000Z,NONE,NONE
2874,1,3,2026-07-01T00:00:00.000Z,NONE,NONE
2875,1,3,2026-07-01T00:00:00.000Z,NONE,NONE
2877,1,3,2026-07-01T00:00:00.000Z,NONE,NONE
2883,1,3,2026-07-01T00:00:00.000Z,NONE,NONE
2884,1,3,2026-07-01T00:00:00.000Z,NONE,NONE
2891,1,3,2026-07-01T00:00:00.000Z,NONE,NONE
2892,1,3,2026-07-01T00:00:00.000Z,NONE,NONE
2898,1,3,2026-07-01T00:00:00.000Z,NONE,NONE
2905,1,3,2026-07-01T00:00:00.000Z,NONE,NONE
2912,1,3,2026-07-01T00:00:00.000Z,NONE,NONE
2916,1,3,2026-07-01T00:00:00.000Z,NONE,NONE
2921,1,3,2026-07-01T00:00:00.000Z,NONE,NONE
2936,1,3,2026-07-01T00:00:00.000Z,NONE,NONE
2945,1,3,2026-07-01T00:00:00.000Z,NONE,NONE
2948,1,3,2026-07-01T00:00:00.000Z,NONE,NONE
2949,1,3,2026-07-01T00:00:00.000Z,NONE,NONE
2956,1,3,2026-07-01T00:00:00.000Z,NONE,NONE
2981,1,3,2026-07-01T00:00:00.000Z,NONE,NONE
2992,1,3,2026-07-01T00:00:00.000Z,NONE,NONE
3006,1,3,2026-07-01T00:00:00.000Z,NONE,NONE
3009,1,3,2026-07-01T00:00:00.000Z,NONE,NONE
3024,1,3,2026-07-01T00:00:00.000Z,NONE,NONE
3025,1,3,2026-07-01T00:00:00.000Z,NONE,NONE
3026,1,3,2026-07-01T00:00:00.000Z,NONE,NONE
3034,1,3,2026-07-01T00:00:00.000Z,NONE,NONE
3044,1,3,2026-07-01T00:00:00.000Z,NONE,NONE
3059,1,3,2026-07-01T00:00:00.000Z,NONE,NONE
3063,1,3,2026-07-01T00:00:00.000Z,NONE,NONE
3067,1,3,2026-07-01T00:00:00.000Z,NONE,NONE
3073,1,3,2026-07-01T00:00:00.000Z,NONE,NONE
3082,1,3,2026-07-01T00:00:00.000Z,NONE,NONE
3088,1,3,2026-07-01T00:00:00.000Z,NONE,NONE
3099,1,3,2026-07-01T00:00:00.000Z,NONE,NONE
3100,1,3,2026-07-01T00:00:00.000Z,NONE,NONE
3104,1,3,2026-07-01T00:00:00.000Z,NONE,NONE
3107,1,3,2026-07-01T00:00:00.000Z,NONE,NONE
3120,1,3,2026-07-01T00:00:00.000Z,NONE,NONE
3123,1,3,2026-07-01T00:00:00.000Z,NONE,NONE
3128,1,3,2026-07-01T00:00:00.000Z,NONE,NONE
3130,1,3,2026-07-01T00:00:00.000Z,NONE,NONE
3134,1,3,2026-07-01T00:00:00.000Z,NONE,NONE
3139,1,3,2026-07-01T00:00:00.000Z,NONE,NONE
3142,1,3,2026-07-01T00:00:00.000Z,NONE,NONE
3143,1,3,2026-07-01T00:00:00.000Z,NONE,NONE
3151,1,3,2026-07-01T00:00:00.000Z,NONE,NONE
3154,1,3,2026-07-01T00:00:00.000Z,NONE,NONE
3155,1,3,2026-07-01T00:00:00.000Z,NONE,NONE
3159,1,3,2026-07-01T00:00:00.000Z,NONE,NONE
3161,1,3,2026-07-01T00:00:00.000Z,NONE,NONE
3163,1,3,2026-07-01T00:00:00.000Z,NONE,NONE
3174,1,3,2026-07-01T00:00:00.000Z,NONE,NONE
3178,1,3,2026-07-01T00:00:00.000Z,NONE,NONE
3181,1,3,2026-07-01T00:00:00.000Z,NONE,NONE
3183,1,3,2026-07-01T00:00:00.000Z,NONE,NONE
3187,1,3,2026-07-01T00:00:00.000Z,NONE,NONE
3199,1,3,2026-07-01T00:00:00.000Z,NONE,NONE
3200,1,3,2026-07-01T00:00:00.000Z,NONE,NONE
3204,1,3,2026-07-01T00:00:00.000Z,NONE,NONE
3208,1,3,2026-07-01T00:00:00.000Z,NONE,NONE
3209,1,3,2026-07-01T00:00:00.000Z,NONE,NONE
3230,1,3,2026-07-01T00:00:00.000Z,NONE,NONE
3237,1,3,2026-07-01T00:00:00.000Z,NONE,NONE
3238,1,3,2026-07-01T00:00:00.000Z,NONE,NONE
3241,1,3,2026-07-01T00:00:00.000Z,NONE,NONE
3249,1,3,2026-07-01T00:00:00.000Z,NONE,NONE
3251,1,3,2026-07-01T00:00:00.000Z,NONE,NONE
3252,1,3,2026-07-01T00:00:00.000Z,NONE,NONE
3257,1,3,2026-07-01T00:00:00.000Z,NONE,NONE
3260,1,3,2026-07-01T00:00:00.000Z,NONE,NONE
3275,1,3,2026-07-01T00:00:00.000Z,NONE,NONE
3282,1,3,2026-07-01T00:00:00.000Z,NONE,NONE
3285,1,3,2026-07-01T00:00:00.000Z,NONE,NONE
3290,1,3,2026-07-01T00:00:00.000Z,NONE,NONE
3292,1,3,2026-07-01T00:00:00.000Z,NONE,NONE
3302,1,3,2026-07-01T00:00:00.000Z,NONE,NONE
3303,1,3,2026-07-01T00:00:00.000Z,NONE,NONE
3306,1,3,2026-07-01T00:00:00.000Z,NONE,NONE
3309,1,3,2026-07-01T00:00:00.000Z,NONE,NONE
3313,1,3,2026-07-01T00:00:00.000Z,NONE,NONE
3318,1,3,2026-07-01T00:00:00.000Z,NONE,NONE
3322,1,3,2026-07-01T00:00:00.000Z,NONE,NONE
3324,1,3,2026-07-01T00:00:00.000Z,NONE,NONE
3327,1,3,2026-07-01T00:00:00.000Z,NONE,NONE
3329,1,3,2026-07-01T00:00:00.000Z,NONE,NONE
3338,1,3,2026-07-01T00:00:00.000Z,NONE,NONE
3343,1,3,2026-07-01T00:00:00.000Z,NONE,NONE
3344,1,3,2026-07-01T00:00:00.000Z,NONE,NONE
3346,1,3,2026-07-01T00:00:00.000Z,NONE,NONE
3353,1,3,2026-07-01T00:00:00.000Z,NONE,NONE
3358,1,3,2026-07-01T00:00:00.000Z,NONE,NONE
3361,1,3,2026-07-01T00:00:00.000Z,NONE,NONE
3369,1,3,2026-07-01T00:00:00.000Z,NONE,NONE
3370,1,3,2026-07-01T00:00:00.000Z,NONE,NONE
3377,1,3,2026-07-01T00:00:00.000Z,NONE,NONE
3381,1,3,2026-07-01T00:00:00.000Z,NONE,NONE
3385,1,3,2026-07-01T00:00:00.000Z,NONE,NONE
3386,1,3,2026-07-01T00:00:00.000Z,NONE,NONE
3390,1,3,2026-07-01T00:00:00.000Z,NONE,NONE
3396,1,3,2026-07-01T00:00:00.000Z,NONE,NONE
3398,1,3,2026-07-01T00:00:00.000Z,NONE,NONE
3403,1,3,2026-07-01T00:00:00.000Z,NONE,NONE
3410,1,3,2026-07-01T00:00:00.000Z,NONE,NONE
3413,1,3,2026-07-01T00:00:00.000Z,NONE,NONE
3414,1,3,2026-07-01T00:00:00.000Z,NONE,NONE
3417,1,3,2026-07-01T00:00:00.000Z,NONE,NONE
3419,1,3,2026-07-01T00:00:00.000Z,NONE,NONE
3420,1,3,2026-07-01T00:00:00.000Z,NONE,NONE
3427,1,3,2026-07-01T00:00:00.000Z,NONE,NONE
3429,1,3,2026-07-01T00:00:00.000Z,NONE,NONE
3439,1,3,2026-07-01T00:00:00.000Z,NONE,NONE
3445,1,3,2026-07-01T00:00:00.000Z,NONE,NONE
3450,1,3,2026-07-01T00:00:00.000Z,NONE,NONE
3452,1,3,2026-07-01T00:00:00.000Z,NONE,NONE
3457,1,3,2026-07-01T00:00:00.000Z,NONE,NONE
3466,1,3,2026-07-01T00:00:00.000Z,NONE,NONE
3472,1,3,2026-07-01T00:00:00.000Z,NONE,NONE
3475,1,3,2026-07-01T00:00:00.000Z,NONE,NONE
3478,1,3,2026-07-01T00:00:00.000Z,NONE,NONE
3479,1,3,2026-07-01T00:00:00.000Z,NONE,NONE
3488,1,3,2026-07-01T00:00:00.000Z,NONE,NONE
3493,1,3,2026-07-01T00:00:00.000Z,NONE,NONE
3494,1,3,2026-07-01T00:00:00.000Z,NONE,NONE
3495,1,3,2026-07-01T00:00:00.000Z,NONE,NONE
3514,1,3,2026-07-01T00:00:00.000Z,NONE,NONE
3517,1,3,2026-07-01T00:00:00.000Z,NONE,NONE
3522,1,3,2026-07-01T00:00:00.000Z,NONE,NONE
3523,1,3,2026-07-01T00:00:00.000Z,NONE,NONE
3525,1,3,2026-07-01T00:00:00.000Z,NONE,NONE
3526,1,3,2026-07-01T00:00:00.000Z,NONE,NONE
3527,1,3,2026-07-01T00:00:00.000Z,NONE,NONE
3540,1,3,2026-07-01T00:00:00.000Z,NONE,NONE
3555,1,3,2026-07-01T00:00:00.000Z,NONE,NONE
3560,1,3,2026-07-01T00:00:00.000Z,NONE,NONE
3566,1,3,2026-07-01T00:00:00.000Z,NONE,NONE
3576,1,3,2026-07-01T00:00:00.000Z,NONE,NONE
3583,1,3,2026-07-01T00:00:00.000Z,NONE,NONE
3594,1,3,2026-07-01T00:00:00.000Z,NONE,NONE
3621,1,3,2026-07-01T00:00:00.000Z,NONE,NONE
3629,1,3,2026-07-01T00:00:00.000Z,NONE,NONE
3634,1,3,2026-07-01T00:00:00.000Z,NONE,NONE
3649,1,3,2026-07-01T00:00:00.000Z,NONE,NONE
3655,1,3,2026-07-01T00:00:00.000Z,NONE,NONE
3662,1,3,2026-07-01T00:00:00.000Z,NONE,NONE
3668,1,3,2026-07-01T00:00:00.000Z,NONE,NONE
3673,1,3,2026-07-01T00:00:00.000Z,NONE,NONE
3677,1,3,2026-07-01T00:00:00.000Z,NONE,NONE
3680,1,3,2026-07-01T00:00:00.000Z,NONE,NONE
3681,1,3,2026-07-01T00:00:00.000Z,NONE,NONE
3689,1,3,2026-07-01T00:00:00.000Z,NONE,NONE
3696,1,3,2026-07-01T00:00:00.000Z,NONE,NONE
3700,1,3,2026-07-01T00:00:00.000Z,NONE,NONE
3706,1,3,2026-07-01T00:00:00.000Z,NONE,NONE
3711,1,3,2026-07-01T00:00:00.000Z,NONE,NONE
3722,1,3,2026-07-01T00:00:00.000Z,NONE,NONE
3727,1,3,2026-07-01T00:00:00.000Z,NONE,NONE
3742,1,3,2026-07-01T00:00:00.000Z,NONE,NONE
3744,1,3,2026-07-01T00:00:00.000Z,NONE,NONE
3751,1,3,2026-07-01T00:00:00.000Z,NONE,NONE
3759,1,3,2026-07-01T00:00:00.000Z,NONE,NONE
3761,1,3,2026-07-01T00:00:00.000Z,NONE,NONE
3764,1,3,2026-07-01T00:00:00.000Z,NONE,NONE
3770,1,3,2026-07-01T00:00:00.000Z,NONE,NONE
3776,1,3,2026-07-01T00:00:00.000Z,NONE,NONE
3783,1,3,2026-07-01T00:00:00.000Z,NONE,NONE
3796,1,3,2026-07-01T00:00:00.000Z,NONE,NONE
3801,1,3,2026-07-01T00:00:00.000Z,NONE,NONE
3810,1,3,2026-07-01T00:00:00.000Z,NONE,NONE
3820,1,3,2026-07-01T00:00:00.000Z,NONE,NONE
3841,1,3,2026-07-01T00:00:00.000Z,NONE,NONE
3856,1,3,2026-07-01T00:00:00.000Z,NONE,NONE
3861,1,3,2026-07-01T00:00:00.000Z,NONE,NONE
3863,1,3,2026-07-01T00:00:00.000Z,NONE,NONE
3868,1,3,2026-07-01T00:00:00.000Z,NONE,NONE
3870,1,3,2026-07-01T00:00:00.000Z,NONE,NONE
3881,1,3,2026-07-01T00:00:00.000Z,NONE,NONE
3893,1,3,2026-07-01T00:00:00.000Z,NONE,NONE
3900,1,3,2026-07-01T00:00:00.000Z,NONE,NONE
3917,1,3,2026-07-01T00:00:00.000Z,NONE,NONE
3929,1,3,2026-07-01T00:00:00.000Z,NONE,NONE
3933,1,3,2026-07-01T00:00:00.000Z,NONE,NONE
3935,1,3,2026-07-01T00:00:00.000Z,NONE,NONE
3945,1,3,2026-07-01T00:00:00.000Z,NONE,NONE
3960,1,3,2026-07-01T00:00:00.000Z,NONE,NONE
3993,1,3,2026-07-01T00:00:00.000Z,NONE,NONE
4004,1,3,2026-07-01T00:00:00.000Z,NONE,NONE
4018,1,3,2026-07-01T00:00:00.000Z,NONE,NONE
4042,1,3,2026-07-01T00:00:00.000Z,NONE,NONE
4044,1,3,2026-07-01T00:00:00.000Z,NONE,NONE
4060,1,3,2026-07-01T00:00:00.000Z,NONE,NONE
4062,1,3,2026-07-01T00:00:00.000Z,NONE,NONE
4064,1,3,2026-07-01T00:00:00.000Z,NONE,NONE
4070,1,3,2026-07-01T00:00:00.000Z,NONE,NONE
4090,1,3,2026-07-01T00:00:00.000Z,NONE,NONE
4107,1,3,2026-07-01T00:00:00.000Z,NONE,NONE
4113,1,3,2026-07-01T00:00:00.000Z,NONE,NONE
4124,1,3,2026-07-01T00:00:00.000Z,NONE,NONE
4126,1,3,2026-07-01T00:00:00.000Z,NONE,NONE
4137,1,3,2026-07-01T00:00:00.000Z,NONE,NONE
4144,1,3,2026-07-01T00:00:00.000Z,NONE,NONE
4173,1,3,2026-07-01T00:00:00.000Z,NONE,NONE
4175,1,3,2026-07-01T00:00:00.000Z,NONE,NONE
4187,1,3,2026-07-01T00:00:00.000Z,NONE,NONE
4193,1,3,2026-07-01T00:00:00.000Z,NONE,NONE
4208,1,3,2026-07-01T00:00:00.000Z,NONE,NONE
4228,1,3,2026-07-01T00:00:00.000Z,NONE,NONE
4236,1,3,2026-07-01T00:00:00.000Z,NONE,NONE
4238,1,3,2026-07-01T00:00:00.000Z,NONE,NONE
4240,1,3,2026-07-01T00:00:00.000Z,NONE,NONE
4242,1,3,2026-07-01T00:00:00.000Z,NONE,NONE
4250,1,3,2026-07-01T00:00:00.000Z,NONE,NONE
4255,1,3,2026-07-01T00:00:00.000Z,NONE,NONE
4262,1,3,2026-07-01T00:00:00.000Z,NONE,NONE
4263,1,3,2026-07-01T00:00:00.000Z,NONE,NONE
4275,1,3,2026-07-01T00:00:00.000Z,NONE,NONE
4280,1,3,2026-07-01T00:00:00.000Z,NONE,NONE
4311,1,3,2026-07-01T00:00:00.000Z,NONE,NONE
4318,1,3,2026-07-01T00:00:00.000Z,NONE,NONE
4327,1,3,2026-07-01T00:00:00.000Z,NONE,NONE
4339,1,3,2026-07-01T00:00:00.000Z,NONE,NONE
4346,1,3,2026-07-01T00:00:00.000Z,NONE,NONE
4364,1,3,2026-07-01T00:00:00.000Z,NONE,NONE
4414,1,3,2026-07-01T00:00:00.000Z,NONE,NONE
4418,1,3,2026-07-01T00:00:00.000Z,NONE,NONE
4434,1,3,2026-07-01T00:00:00.000Z,NONE,NONE
4435,1,3,2026-07-01T00:00:00.000Z,NONE,NONE
4438,1,3,2026-07-01T00:00:00.000Z,NONE,NONE
4443,1,3,2026-07-01T00:00:00.000Z,NONE,NONE
4444,1,3,2026-07-01T00:00:00.000Z,NONE,NONE
4452,1,3,2026-07-01T00:00:00.000Z,NONE,NONE
4458,1,3,2026-07-01T00:00:00.000Z,NONE,NONE
4466,1,3,2026-07-01T00:00:00.000Z,NONE,NONE
4469,1,3,2026-07-01T00:00:00.000Z,NONE,NONE
4485,1,3,2026-07-01T00:00:00.000Z,NONE,NONE
4490,1,3,2026-07-01T00:00:00.000Z,NONE,NONE
4494,1,3,2026-07-01T00:00:00.000Z,NONE,NONE
4498,1,3,2026-07-01T00:00:00.000Z,NONE,NONE
4502,1,3,2026-07-01T00:00:00.000Z,NONE,NONE
4513,1,3,2026-07-01T00:00:00.000Z,NONE,NONE
4514,1,3,2026-07-01T00:00:00.000Z,NONE,NONE
4527,1,3,2026-07-01T00:00:00.000Z,NONE,NONE
4530,1,3,2026-07-01T00:00:00.000Z,NONE,NONE
4553,1,3,2026-07-01T00:00:00.000Z,NONE,NONE
4558,1,3,2026-07-01T00:00:00.000Z,NONE,NONE
4560,1,3,2026-07-01T00:00:00.000Z,NONE,NONE
4565,1,3,2026-07-01T00:00:00.000Z,NONE,NONE
4571,1,3,2026-07-01T00:00:00.000Z,NONE,NONE
4574,1,3,2026-07-01T00:00:00.000Z,NONE,NONE
4577,1,3,2026-07-01T00:00:00.000Z,NONE,NONE
4588,1,3,2026-07-01T00:00:00.000Z,NONE,NONE
4593,1,3,2026-07-01T00:00:00.000Z,NONE,NONE
4595,1,3,2026-07-01T00:00:00.000Z,NONE,NONE
4596,1,3,2026-07-01T00:00:00.000Z,NONE,NONE
4598,1,3,2026-07-01T00:00:00.000Z,NONE,NONE
4611,1,3,2026-07-01T00:00:00.000Z,NONE,NONE
4622,1,3,2026-07-01T00:00:00.000Z,NONE,NONE
4636,1,3,2026-07-01T00:00:00.000Z,NONE,NONE
4666,1,3,2026-07-01T00:00:00.000Z,NONE,NONE
4674,1,3,2026-07-01T00:00:00.000Z,NONE,NONE
4677,1,3,2026-07-01T00:00:00.000Z,NONE,NONE
4684,1,3,2026-07-01T00:00:00.000Z,NONE,NONE
4685,1,3,2026-07-01T00:00:00.000Z,NONE,NONE
4701,1,3,2026-07-01T00:00:00.000Z,NONE,NONE
4710,1,3,2026-07-01T00:00:00.000Z,NONE,NONE
4713,1,3,2026-07-01T00:00:00.000Z,NONE,NONE
4714,1,3,2026-07-01T00:00:00.000Z,NONE,NONE
4734,1,3,2026-07-01T00:00:00.000Z,NONE,NONE
4737,1,3,2026-07-01T00:00:00.000Z,NONE,NONE
4746,1,3,2026-07-01T00:00:00.000Z,NONE,NONE
4751,1,3,2026-07-01T00:00:00.000Z,NONE,NONE
4757,1,3,2026-07-01T00:00:00.000Z,NONE,NONE
4762,1,3,2026-07-01T00:00:00.000Z,NONE,NONE
4783,1,3,2026-07-01T00:00:00.000Z,NONE,NONE
4798,1,3,2026-07-01T00:00:00.000Z,NONE,NONE
4808,1,3,2026-07-01T00:00:00.000Z,NONE,NONE
4810,1,3,2026-07-01T00:00:00.000Z,NONE,NONE
4815,1,3,2026-07-01T00:00:00.000Z,NONE,NONE
4820,1,3,2026-07-01T00:00:00.000Z,NONE,NONE
4833,1,3,2026-07-01T00:00:00.000Z,NONE,NONE
4834,1,3,2026-07-01T00:00:00.000Z,NONE,NONE
4844,1,3,2026-07-01T00:00:00.000Z,NONE,NONE
4847,1,3,2026-07-01T00:00:00.000Z,NONE,NONE
4849,1,3,2026-07-01T00:00:00.000Z,NONE,NONE
4865,1,3,2026-07-01T00:00:00.000Z,NONE,NONE
4874,1,3,2026-07-01T00:00:00.000Z,NONE,NONE
4876,1,3,2026-07-01T00:00:00.000Z,NONE,NONE
4878,1,3,2026-07-01T00:00:00.000Z,NONE,NONE
4880,1,3,2026-07-01T00:00:00.000Z,NONE,NONE
4896,1,3,2026-07-01T00:00:00.000Z,NONE,NONE
4900,1,3,2026-07-01T00:00:00.000Z,NONE,NONE
4907,1,3,2026-07-01T00:00:00.000Z,NONE,NONE
4934,1,3,2026-07-01T00:00:00.000Z,NONE,NONE
4939,1,3,2026-07-01T00:00:00.000Z,NONE,NONE
4951,1,3,2026-07-01T00:00:00.000Z,NONE,NONE
4952,1,3,2026-07-01T00:00:00.000Z,NONE,NONE
4965,1,3,2026-07-01T00:00:00.000Z,NONE,NONE
4971,1,3,2026-07-01T00:00:00.000Z,NONE,NONE
4972,1,3,2026-07-01T00:00:00.000Z,NONE,NONE
4988,1,3,2026-07-01T00:00:00.000Z,NONE,NONE
4990,1,3,2026-07-01T00:00:00.000Z,NONE,NONE
4998,1,3,2026-07-01T00:00:00.000Z,NONE,NONE
4999,1,3,2026-07-01T00:00:00.000Z,NONE,NONE
5003,1,3,2026-07-01T00:00:00.000Z,NONE,NONE
5013,1,3,2026-07-01T00:00:00.000Z,NONE,NONE
5023,1,3,2026-07-01T00:00:00.000Z,NONE,NONE
5024,1,3,2026-07-01T00:00:00.000Z,NONE,NONE
5026,1,3,2026-07-01T00:00:00.000Z,NONE,NONE
5028,1,3,2026-07-01T00:00:00.000Z,NONE,NONE
5029,1,3,2026-07-01T00:00:00.000Z,NONE,NONE
5048,1,3,2026-07-01T00:00:00.000Z,NONE,NONE
5064,1,3,2026-07-01T00:00:00.000Z,NONE,NONE
5074,1,3,2026-07-01T00:00:00.000Z,NONE,NONE
5085,1,3,2026-07-01T00:00:00.000Z,NONE,NONE
5092,1,3,2026-07-01T00:00:00.000Z,NONE,NONE
5093,1,3,2026-07-01T00:00:00.000Z,NONE,NONE
5097,1,3,2026-07-01T00:00:00.000Z,NONE,NONE
5098,1,3,2026-07-01T00:00:00.000Z,NONE,NONE
5101,1,3,2026-07-01T00:00:00.000Z,NONE,NONE
5116,1,3,2026-07-01T00:00:00.000Z,NONE,NONE
5129,1,3,2026-07-01T00:00:00.000Z,NONE,NONE
5131,1,3,2026-07-01T00:00:00.000Z,NONE,NONE
5137,1,3,2026-07-01T00:00:00.000Z,NONE,NONE
5143,1,3,2026-07-01T00:00:00.000Z,NONE,NONE
5149,1,3,2026-07-01T00:00:00.000Z,NONE,NONE
5158,1,3,2026-07-01T00:00:00.000Z,NONE,NONE
5164,1,3,2026-07-01T00:00:00.000Z,NONE,NONE
5167,1,3,2026-07-01T00:00:00.000Z,NONE,NONE
5190,1,3,2026-07-01T00:00:00.000Z,NONE,NONE
5207,1,3,2026-07-01T00:00:00.000Z,NONE,NONE
5213,1,3,2026-07-01T00:00:00.000Z,NONE,NONE
5225,1,3,2026-07-01T00:00:00.000Z,NONE,NONE
5237,1,3,2026-07-01T00:00:00.000Z,NONE,NONE
5243,1,3,2026-07-01T00:00:00.000Z,NONE,NONE
5244,1,3,2026-07-01T00:00:00.000Z,NONE,NONE
5246,1,3,2026-07-01T00:00:00.000Z,NONE,NONE
5258,1,3,2026-07-01T00:00:00.000Z,NONE,NONE
5280,1,3,2026-07-01T00:00:00.000Z,NONE,NONE
5309,1,3,2026-07-01T00:00:00.000Z,NONE,NONE
5313,1,3,2026-07-01T00:00:00.000Z,NONE,NONE
5333,1,3,2026-07-01T00:00:00.000Z,NONE,NONE
5340,1,3,2026-07-01T00:00:00.000Z,NONE,NONE
5348,1,3,2026-07-01T00:00:00.000Z,NONE,NONE
5352,1,3,2026-07-01T00:00:00.000Z,NONE,NONE
5353,1,3,2026-07-01T00:00:00.000Z,NONE,NONE
5355,1,3,2026-07-01T00:00:00.000Z,NONE,NONE
5356,1,3,2026-07-01T00:00:00.000Z,NONE,NONE
5374,1,3,2026-07-01T00:00:00.000Z,NONE,NONE
5378,1,3,2026-07-01T00:00:00.000Z,NONE,NONE
5400,1,3,2026-07-01T00:00:00.000Z,NONE,NONE
5404,1,3,2026-07-01T00:00:00.000Z,NONE,NONE
5422,1,3,2026-07-01T00:00:00.000Z,NONE,NONE
5423,1,3,2026-07-01T00:00:00.000Z,NONE,NONE
5433,1,3,2026-07-01T00:00:00.000Z,NONE,NONE
5438,1,3,2026-07-01T00:00:00.000Z,NONE,NONE
5441,1,3,2026-07-01T00:00:00.000Z,NONE,NONE
5448,1,3,2026-07-01T00:00:00.000Z,NONE,NONE
5460,1,3,2026-07-01T00:00:00.000Z,NONE,NONE
5490,1,3,2026-07-01T00:00:00.000Z,NONE,NONE
5496,1,3,2026-07-01T00:00:00.000Z,NONE,NONE
5503,1,3,2026-07-01T00:00:00.000Z,NONE,NONE
5508,1,3,2026-07-01T00:00:00.000Z,NONE,NONE
5520,1,3,2026-07-01T00:00:00.000Z,NONE,NONE
5547,1,3,2026-07-01T00:00:00.000Z,NONE,NONE
5556,1,3,2026-07-01T00:00:00.000Z,NONE,NONE
5557,1,3,2026-07-01T00:00:00.000Z,NONE,NONE
5561,1,3,2026-07-01T00:00:00.000Z,NONE,NONE
5564,1,3,2026-07-01T00:00:00.000Z,NONE,NONE
5567,1,3,2026-07-01T00:00:00.000Z,NONE,NONE
5596,1,3,2026-07-01T00:00:00.000Z,NONE,NONE
5610,1,3,2026-07-01T00:00:00.000Z,NONE,NONE
5618,1,3,2026-07-01T00:00:00.000Z,NONE,NONE
5619,1,3,2026-07-01T00:00:00.000Z,NONE,NONE
5630,1,3,2026-07-01T00:00:00.000Z,NONE,NONE
5631,1,3,2026-07-01T00:00:00.000Z,NONE,NONE
5641,1,3,2026-07-01T00:00:00.000Z,NONE,NONE
5651,1,3,2026-07-01T00:00:00.000Z,NONE,NONE
5654,1,3,2026-07-01T00:00:00.000Z,NONE,NONE
5655,1,3,2026-07-01T00:00:00.000Z,NONE,NONE
5660,1,3,2026-07-01T00:00:00.000Z,NONE,NONE
5678,1,3,2026-07-01T00:00:00.000Z,NONE,NONE
5680,1,3,2026-07-01T00:00:00.000Z,NONE,NONE
5687,1,3,2026-07-01T00:00:00.000Z,NONE,NONE
5691,1,3,2026-07-01T00:00:00.000Z,NONE,NONE
5692,1,3,2026-07-01T00:00:00.000Z,NONE,NONE
5706,1,3,2026-07-01T00:00:00.000Z,NONE,NONE
5716,1,3,2026-07-01T00:00:00.000Z,NONE,NONE
5718,1,3,2026-07-01T00:00:00.000Z,NONE,NONE
5732,1,3,2026-07-01T00:00:00.000Z,NONE,NONE
5755,1,3,2026-07-01T00:00:00.000Z,NONE,NONE
5768,1,3,2026-07-01T00:00:00.000Z,NONE,NONE
5776,1,3,2026-07-01T00:00:00.000Z,NONE,NONE
5780,1,3,2026-07-01T00:00:00.000Z,NONE,NONE
5790,1,3,2026-07-01T00:00:00.000Z,NONE,NONE
5802,1,3,2026-07-01T00:00:00.000Z,NONE,NONE
5810,1,3,2026-07-01T00:00:00.000Z,NONE,NONE
5815,1,3,2026-07-01T00:00:00.000Z,NONE,NONE
5816,1,3,2026-07-01T00:00:00.000Z,NONE,NONE
5825,1,3,2026-07-01T00:00:00.000Z,NONE,NONE
5834,1,3,2026-07-01T00:00:00.000Z,NONE,NONE
5835,1,3,2026-07-01T00:00:00.000Z,NONE,NONE
5837,1,3,2026-07-01T00:00:00.000Z,NONE,NONE
5839,1,3,2026-07-01T00:00:00.000Z,NONE,NONE
5840,1,3,2026-07-01T00:00:00.000Z,NONE,NONE
5846,1,3,2026-07-01T00:00:00.000Z,NONE,NONE
5865,1,3,2026-07-01T00:00:00.000Z,NONE,NONE
5870,1,3,2026-07-01T00:00:00.000Z,NONE,NONE
5884,1,3,2026-07-01T00:00:00.000Z,NONE,NONE
5894,1,3,2026-07-01T00:00:00.000Z,NONE,NONE
5908,1,3,2026-07-01T00:00:00.000Z,NONE,NONE
5911,1,3,2026-07-01T00:00:00.000Z,NONE,NONE
5912,1,3,2026-07-01T00:00:00.000Z,NONE,NONE
5914,1,3,2026-07-01T00:00:00.000Z,NONE,NONE
5921,1,3,2026-07-01T00:00:00.000Z,NONE,NONE
5929,1,3,2026-07-01T00:00:00.000Z,NONE,NONE
5959,1,3,2026-07-01T00:00:00.000Z,NONE,NONE
5962,1,3,2026-07-01T00:00:00.000Z,NONE,NONE
5966,1,3,2026-07-01T00:00:00.000Z,NONE,NONE
5976,1,3,2026-07-01T00:00:00.000Z,NONE,NONE
5989,1,3,2026-07-01T00:00:00.000Z,NONE,NONE
6013,1,3,2026-07-01T00:00:00.000Z,NONE,NONE
6021,1,3,2026-07-01T00:00:00.000Z,NONE,NONE
6040,1,3,2026-07-01T00:00:00.000Z,NONE,NONE
6042,1,3,2026-07-01T00:00:00.000Z,NONE,NONE
6066,1,3,2026-07-01T00:00:00.000Z,NONE,NONE
6074,1,3,2026-07-01T00:00:00.000Z,NONE,NONE
6075,1,3,2026-07-01T00:00:00.000Z,NONE,NONE
6104,1,3,2026-07-01T00:00:00.000Z,NONE,NONE
6105,1,3,2026-07-01T00:00:00.000Z,NONE,NONE
6109,1,3,2026-07-01T00:00:00.000Z,NONE,NONE
6119,1,3,2026-07-01T00:00:00.000Z,NONE,NONE
6127,1,3,2026-07-01T00:00:00.000Z,NONE,NONE
6133,1,3,2026-07-01T00:00:00.000Z,NONE,NONE
6141,1,3,2026-07-01T00:00:00.000Z,NONE,NONE
6153,1,3,2026-07-01T00:00:00.000Z,NONE,NONE
6154,1,3,2026-07-01T00:00:00.000Z,NONE,NONE
6155,1,3,2026-07-01T00:00:00.000Z,NONE,NONE
6156,1,3,2026-07-01T00:00:00.000Z,NONE,NONE
6170,1,3,2026-07-01T00:00:00.000Z,NONE,NONE
6181,1,3,2026-07-01T00:00:00.000Z,NONE,NONE
6193,1,3,2026-07-01T00:00:00.000Z,NONE,NONE
6200,1,3,2026-07-01T00:00:00.000Z,NONE,NONE
6230,1,3,2026-07-01T00:00:00.000Z,NONE,NONE
6239,1,3,2026-07-01T00:00:00.000Z,NONE,NONE
6248,1,3,2026-07-01T00:00:00.000Z,NONE,NONE
6262,1,3,2026-07-01T00:00:00.000Z,NONE,NONE
6267,1,3,2026-07-01T00:00:00.000Z,NONE,NONE
6268,1,3,2026-07-01T00:00:00.000Z,NONE,NONE
6273,1,3,2026-07-01T00:00:00.000Z,NONE,NONE
6282,1,3,2026-07-01T00:00:00.000Z,NONE,NONE
6288,1,3,2026-07-01T00:00:00.000Z,NONE,NONE
6305,1,3,2026-07-01T00:00:00.000Z,NONE,NONE
6320,1,3,2026-07-01T00:00:00.000Z,NONE,NONE
6321,1,3,2026-07-01T00:00:00.000Z,NONE,NONE
6334,1,3,2026-07-01T00:00:00.000Z,NONE,NONE
6342,1,3,2026-07-01T00:00:00.000Z,NONE,NONE
6371,1,3,2026-07-01T00:00:00.000Z,NONE,NONE
6374,1,3,2026-07-01T00:00:00.000Z,NONE,NONE
6377,1,3,2026-07-01T00:00:00.000Z,NONE,NONE
6422,1,3,2026-07-01T00:00:00.000Z,NONE,NONE
6424,1,3,2026-07-01T00:00:00.000Z,NONE,NONE
6432,1,3,2026-07-01T00:00:00.000Z,NONE,NONE
6437,1,3,2026-07-01T00:00:00.000Z,NONE,NONE
6453,1,3,2026-07-01T00:00:00.000Z,NONE,NONE
6464,1,3,2026-07-01T00:00:00.000Z,NONE,NONE
6473,1,3,2026-07-01T00:00:00.000Z,NONE,NONE
6482,1,3,2026-07-01T00:00:00.000Z,NONE,NONE
6484,1,3,2026-07-01T00:00:00.000Z,NONE,NONE
6493,1,3,2026-07-01T00:00:00.000Z,NONE,NONE
6494,1,3,2026-07-01T00:00:00.000Z,NONE,NONE
6495,1,3,2026-07-01T00:00:00.000Z,NONE,NONE
6505,1,3,2026-07-01T00:00:00.000Z,NONE,NONE
6510,1,3,2026-07-01T00:00:00.000Z,NONE,NONE
6512,1,3,2026-07-01T00:00:00.000Z,NONE,NONE
6537,1,3,2026-07-01T00:00:00.000Z,NONE,NONE
6542,1,3,2026-07-01T00:00:00.000Z,NONE,NONE
6551,1,3,2026-07-01T00:00:00.000Z,NONE,NONE
6557,1,3,2026-07-01T00:00:00.000Z,NONE,NONE
6562,1,3,2026-07-01T00:00:00.000Z,NONE,NONE
6580,1,3,2026-07-01T00:00:00.000Z,NONE,NONE
6593,1,3,2026-07-01T00:00:00.000Z,NONE,NONE
6599,1,3,2026-07-01T00:00:00.000Z,NONE,NONE
6604,1,3,2026-07-01T00:00:00.000Z,NONE,NONE
6615,1,3,2026-07-01T00:00:00.000Z,NONE,NONE
6617,1,3,2026-07-01T00:00:00.000Z,NONE,NONE
6623,1,3,2026-07-01T00:00:00.000Z,NONE,NONE
6652,1,3,2026-07-01T00:00:00.000Z,NONE,NONE
6674,1,3,2026-07-01T00:00:00.000Z,NONE,NONE
6678,1,3,2026-07-01T00:00:00.000Z,NONE,NONE
6680,1,3,2026-07-01T00:00:00.000Z,NONE,NONE
6681,1,3,2026-07-01T00:00:00.000Z,NONE,NONE
6693,1,3,2026-07-01T00:00:00.000Z,NONE,NONE
6710,1,3,2026-07-01T00:00:00.000Z,NONE,NONE
6711,1,3,2026-07-01T00:00:00.000Z,NONE,NONE
6727,1,3,2026-07-01T00:00:00.000Z,NONE,NONE
6740,1,3,2026-07-01T00:00:00.000Z,NONE,NONE
6744,1,3,2026-07-01T00:00:00.000Z,NONE,NONE
6747,1,3,2026-07-01T00:00:00.000Z,NONE,NONE
6750,1,3,2026-07-01T00:00:00.000Z,NONE,NONE
6753,1,3,2026-07-01T00:00:00.000Z,NONE,NONE
6764,1,3,2026-07-01T00:00:00.000Z,NONE,NONE
6782,1,3,2026-07-01T00:00:00.000Z,NONE,NONE
6787,1,3,2026-07-01T00:00:00.000Z,NONE,NONE
6795,1,3,2026-07-01T00:00:00.000Z,NONE,NONE
6797,1,3,2026-07-01T00:00:00.000Z,NONE,NONE
6801,1,3,2026-07-01T00:00:00.000Z,NONE,NONE
6803,1,3,2026-07-01T00:00:00.000Z,NONE,NONE
6804,1,3,2026-07-01T00:00:00.000Z,NONE,NONE
6814,1,3,2026-07-01T00:00:00.000Z,NONE,NONE
6828,1,3,2026-07-01T00:00:00.000Z,NONE,NONE
6832,1,3,2026-07-01T00:00:00.000Z,NONE,NONE
6836,1,3,2026-07-01T00:00:00.000Z,NONE,NONE
6845,1,3,2026-07-01T00:00:00.000Z,NONE,NONE
6854,1,3,2026-07-01T00:00:00.000Z,NONE,NONE
6878,1,3,2026-07-01T00:00:00.000Z,NONE,NONE
6883,1,3,2026-07-01T00:00:00.000Z,NONE,NONE
6902,1,3,2026-07-01T00:00:00.000Z,NONE,NONE
6904,1,3,2026-07-01T00:00:00.000Z,NONE,NONE
6914,1,3,2026-07-01T00:00:00.000Z,NONE,NONE
6918,1,3,2026-07-01T00:00:00.000Z,NONE,NONE
6927,1,3,2026-07-01T00:00:00.000Z,NONE,NONE
6934,1,3,2026-07-01T00:00:00.000Z,NONE,NONE
6937,1,3,2026-07-01T00:00:00.000Z,NONE,NONE
6945,1,3,2026-07-01T00:00:00.000Z,NONE,NONE
6951,1,3,2026-07-01T00:00:00.000Z,NONE,NONE
6958,1,3,2026-07-01T00:00:00.000Z,NONE,NONE
6964,1,3,2026-07-01T00:00:00.000Z,NONE,NONE
6966,1,3,2026-07-01T00:00:00.000Z,NONE,NONE
6969,1,3,2026-07-01T00:00:00.000Z,NONE,NONE
6972,1,3,2026-07-01T00:00:00.000Z,NONE,NONE
6978,1,3,2026-07-01T00:00:00.000Z,NONE,NONE
6981,1,3,2026-07-01T00:00:00.000Z,NONE,NONE
6996,1,3,2026-07-01T00:00:00.000Z,NONE,NONE
7003,1,3,2026-07-01T00:00:00.000Z,NONE,NONE
7021,1,3,2026-07-01T00:00:00.000Z,NONE,NONE
7031,1,3,2026-07-01T00:00:00.000Z,NONE,NONE
7039,1,3,2026-07-01T00:00:00.000Z,NONE,NONE
7047,1,3,2026-07-01T00:00:00.000Z,NONE,NONE
7056,1,3,2026-07-01T00:00:00.000Z,NONE,NONE
7067,1,3,2026-07-01T00:00:00.000Z,NONE,NONE
7071,1,3,2026-07-01T00:00:00.000Z,NONE,NONE
7075,1,3,2026-07-01T00:00:00.000Z,NONE,NONE
7076,1,3,2026-07-01T00:00:00.000Z,NONE,NONE
7083,1,3,2026-07-01T00:00:00.000Z,NONE,NONE
7086,1,3,2026-07-01T00:00:00.000Z,NONE,NONE
7093,1,3,2026-07-01T00:00:00.000Z,NONE,NONE
7100,1,3,2026-07-01T00:00:00.000Z,NONE,NONE
7101,1,3,2026-07-01T00:00:00.000Z,NONE,NONE
7105,1,3,2026-07-01T00:00:00.000Z,NONE,NONE
7108,1,3,2026-07-01T00:00:00.000Z,NONE,NONE
7111,1,3,2026-07-01T00:00:00.000Z,NONE,NONE
7129,1,3,2026-07-01T00:00:00.000Z,NONE,NONE
7135,1,3,2026-07-01T00:00:00.000Z,NONE,NONE
7137,1,3,2026-07-01T00:00:00.000Z,NONE,NONE
7141,1,3,2026-07-01T00:00:00.000Z,NONE,NONE
7144,1,3,2026-07-01T00:00:00.000Z,NONE,NONE
7153,1,3,2026-07-01T00:00:00.000Z,NONE,NONE
7155,1,3,2026-07-01T00:00:00.000Z,NONE,NONE
7156,1,3,2026-07-01T00:00:00.000Z,NONE,NONE
7157,1,3,2026-07-01T00:00:00.000Z,NONE,NONE
7159,1,3,2026-07-01T00:00:00.000Z,NONE,NONE
7166,1,3,2026-07-01T00:00:00.000Z,NONE,NONE
7171,1,3,2026-07-01T00:00:00.000Z,NONE,NONE
7185,1,3,2026-07-01T00:00:00.000Z,NONE,NONE
7195,1,3,2026-07-01T00:00:00.000Z,NONE,NONE
7208,1,3,2026-07-01T00:00:00.000Z,NONE,NONE
7212,1,3,2026-07-01T00:00:00.000Z,NONE,NONE
7213,1,3,2026-07-01T00:00:00.000Z,NONE,NONE
7217,1,3,2026-07-01T00:00:00.000Z,NONE,NONE
7226,1,3,2026-07-01T00:00:00.000Z,NONE,NONE
7227,1,3,2026-07-01T00:00:00.000Z,NONE,NONE
7228,1,3,2026-07-01T00:00:00.000Z,NONE,NONE
7248,1,3,2026-07-01T00:00:00.000Z,NONE,NONE
7265,1,3,2026-07-01T00:00:00.000Z,NONE,NONE
7281,1,3,2026-07-01T00:00:00.000Z,NONE,NONE
7288,1,3,2026-07-01T00:00:00.000Z,NONE,NONE
7301,1,3,2026-07-01T00:00:00.000Z,NONE,NONE
7303,1,3,2026-07-01T00:00:00.000Z,NONE,NONE
7321,1,3,2026-07-01T00:00:00.000Z,NONE,NONE
7322,1,3,2026-07-01T00:00:00.000Z,NONE,NONE
7323,1,3,2026-07-01T00:00:00.000Z,NONE,NONE
7332,1,3,2026-07-01T00:00:00.000Z,NONE,NONE
7333,1,3,2026-07-01T00:00:00.000Z,NONE,NONE
7342,1,3,2026-07-01T00:00:00.000Z,NONE,NONE
7347,1,3,2026-07-01T00:00:00.000Z,NONE,NONE
7353,1,3,2026-07-01T00:00:00.000Z,NONE,NONE
7355,1,3,2026-07-01T00:00:00.000Z,NONE,NONE
7367,1,3,2026-07-01T00:00:00.000Z,NONE,NONE
7370,1,3,2026-07-01T00:00:00.000Z,NONE,NONE
7378,1,3,2026-07-01T00:00:00.000Z,NONE,NONE
7395,1,3,2026-07-01T00:00:00.000Z,NONE,NONE
7397,1,3,2026-07-01T00:00:00.000Z,NONE,NONE
7403,1,3,2026-07-01T00:00:00.000Z,NONE,NONE
7405,1,3,2026-07-01T00:00:00.000Z,NONE,NONE
7413,1,3,2026-07-01T00:00:00.000Z,NONE,NONE
7421,1,3,2026-07-01T00:00:00.000Z,NONE,NONE
7428,1,3,2026-07-01T00:00:00.000Z,NONE,NONE
7434,1,3,2026-07-01T00:00:00.000Z,NONE,NONE
7442,1,3,2026-07-01T00:00:00.000Z,NONE,NONE
7447,1,3,2026-07-01T00:00:00.000Z,NONE,NONE
7448,1,3,2026-07-01T00:00:00.000Z,NONE,NONE
7458,1,3,2026-07-01T00:00:00.000Z,NONE,NONE
7459,1,3,2026-07-01T00:00:00.000Z,NONE,NONE
7466,1,3,2026-07-01T00:00:00.000Z,NONE,NONE
7470,1,3,2026-07-01T00:00:00.000Z,NONE,NONE
7475,1,3,2026-07-01T00:00:00.000Z,NONE,NONE
7498,1,3,2026-07-01T00:00:00.000Z,NONE,NONE
7511,1,3,2026-07-01T00:00:00.000Z,NONE,NONE
7529,1,3,2026-07-01T00:00:00.000Z,NONE,NONE
7546,1,3,2026-07-01T00:00:00.000Z,NONE,NONE
7554,1,3,2026-07-01T00:00:00.000Z,NONE,NONE
7555,1,3,2026-07-01T00:00:00.000Z,NONE,NONE
7561,1,3,2026-07-01T00:00:00.000Z,NONE,NONE
7577,1,3,2026-07-01T00:00:00.000Z,NONE,NONE
7579,1,3,2026-07-01T00:00:00.000Z,NONE,NONE
7588,1,3,2026-07-01T00:00:00.000Z,NONE,NONE
7594,1,3,2026-07-01T00:00:00.000Z,NONE,NONE
7623,1,3,2026-07-01T00:00:00.000Z,NONE,NONE
7635,1,3,2026-07-01T00:00:00.000Z,NONE,NONE
7639,1,3,2026-07-01T00:00:00.000Z,NONE,NONE
7643,1,3,2026-07-01T00:00:00.000Z,NONE,NONE
7665,1,3,2026-07-01T00:00:00.000Z,NONE,NONE
7669,1,3,2026-07-01T00:00:00.000Z,NONE,NONE
7684,1,3,2026-07-01T00:00:00.000Z,NONE,NONE
7695,1,3,2026-07-01T00:00:00.000Z,NONE,NONE
7743,1,3,2026-07-01T00:00:00.000Z,NONE,NONE
7746,1,3,2026-07-01T00:00:00.000Z,NONE,NONE
7754,1,3,2026-07-01T00:00:00.000Z,NONE,NONE
7770,1,3,2026-07-01T00:00:00.000Z,NONE,NONE
7781,1,3,2026-07-01T00:00:00.000Z,NONE,NONE
7789,1,3,2026-07-01T00:00:00.000Z,NONE,NONE
7792,1,3,2026-07-01T00:00:00.000Z,NONE,NONE
7793,1,3,2026-07-01T00:00:00.000Z,NONE,NONE
7796,1,3,2026-07-01T00:00:00.000Z,NONE,NONE
7804,1,3,2026-07-01T00:00:00.000Z,NONE,NONE
7807,1,3,2026-07-01T00:00:00.000Z,NONE,NONE
7809,1,3,2026-07-01T00:00:00.000Z,NONE,NONE
7813,1,3,2026-07-01T00:00:00.000Z,NONE,NONE
7826,1,3,2026-07-01T00:00:00.000Z,NONE,NONE
7834,1,3,2026-07-01T00:00:00.000Z,NONE,NONE
7840,1,3,2026-07-01T00:00:00.000Z,NONE,NONE
7862,1,3,2026-07-01T00:00:00.000Z,NONE,NONE
7866,1,3,2026-07-01T00:00:00.000Z,NONE,NONE
7874,1,3,2026-07-01T00:00:00.000Z,NONE,NONE
7885,1,3,2026-07-01T00:00:00.000Z,NONE,NONE
7889,1,3,2026-07-01T00:00:00.000Z,NONE,NONE
7892,1,3,2026-07-01T00:00:00.000Z,NONE,NONE
7896,1,3,2026-07-01T00:00:00.000Z,NONE,NONE
7900,1,3,2026-07-01T00:00:00.000Z,NONE,NONE
7901,1,3,2026-07-01T00:00:00.000Z,NONE,NONE
7917,1,3,2026-07-01T00:00:00.000Z,NONE,NONE
7922,1,3,2026-07-01T00:00:00.000Z,NONE,NONE
7931,1,3,2026-07-01T00:00:00.000Z,NONE,NONE
7942,1,3,2026-07-01T00:00:00.000Z,NONE,NONE
7953,1,3,2026-07-01T00:00:00.000Z,NONE,NONE
7967,1,3,2026-07-01T00:00:00.000Z,NONE,NONE
7969,1,3,2026-07-01T00:00:00.000Z,NONE,NONE
7980,1,3,2026-07-01T00:00:00.000Z,NONE,NONE
7991,1,3,2026-07-01T00:00:00.000Z,NONE,NONE
7992,1,3,2026-07-01T00:00:00.000Z,NONE,NONE
8008,1,3,2026-07-01T00:00:00.000Z,NONE,NONE
8012,1,3,2026-07-01T00:00:00.000Z,NONE,NONE
8023,1,3,2026-07-01T00:00:00.000Z,NONE,NONE
8029,1,3,2026-07-01T00:00:00.000Z,NONE,NONE
8030,1,3,2026-07-01T00:00:00.000Z,NONE,NONE
8052,1,3,2026-07-01T00:00:00.000Z,NONE,NONE
8059,1,3,2026-07-01T00:00:00.000Z,NONE,NONE
8074,1,3,2026-07-01T00:00:00.000Z,NONE,NONE
8081,1,3,2026-07-01T00:00:00.000Z,NONE,NONE
8088,1,3,2026-07-01T00:00:00.000Z,NONE,NONE
8103,1,3,2026-07-01T00:00:00.000Z,NONE,NONE
8124,1,3,2026-07-01T00:00:00.000Z,NONE,NONE
8125,1,3,2026-07-01T00:00:00.000Z,NONE,NONE
8137,1,3,2026-07-01T00:00:00.000Z,NONE,NONE
8149,1,3,2026-07-01T00:00:00.000Z,NONE,NONE
8169,1,3,2026-07-01T00:00:00.000Z,NONE,NONE
8176,1,3,2026-07-01T00:00:00.000Z,NONE,NONE
8177,1,3,2026-07-01T00:00:00.000Z,NONE,NONE
8184,1,3,2026-07-01T00:00:00.000Z,NONE,NONE
8197,1,3,2026-07-01T00:00:00.000Z,NONE,NONE
8204,1,3,2026-07-01T00:00:00.000Z,NONE,NONE
8205,1,3,2026-07-01T00:00:00.000Z,NONE,NONE
8207,1,3,2026-07-01T00:00:00.000Z,NONE,NONE
8214,1,3,2026-07-01T00:00:00.000Z,NONE,NONE
8222,1,3,2026-07-01T00:00:00.000Z,NONE,NONE
8229,1,3,2026-07-01T00:00:00.000Z,NONE,NONE
8238,1,3,2026-07-01T00:00:00.000Z,NONE,NONE
8244,1,3,2026-07-01T00:00:00.000Z,NONE,NONE
8268,1,3,2026-07-01T00:00:00.000Z,NONE,NONE
8270,1,3,2026-07-01T00:00:00.000Z,NONE,NONE
8272,1,3,2026-07-01T00:00:00.000Z,NONE,NONE
8276,1,3,2026-07-01T00:00:00.000Z,NONE,NONE
8296,1,3,2026-07-01T00:00:00.000Z,NONE,NONE
8298,1,3,2026-07-01T00:00:00.000Z,NONE,NONE
8310,1,3,2026-07-01T00:00:00.000Z,NONE,NONE
8324,1,3,2026-07-01T00:00:00.000Z,NONE,NONE
8340,1,3,2026-07-01T00:00:00.000Z,NONE,NONE
8347,1,3,2026-07-01T00:00:00.000Z,NONE,NONE
8374,1,3,2026-07-01T00:00:00.000Z,NONE,NONE
8417,1,3,2026-07-01T00:00:00.000Z,NONE,NONE
8437,1,3,2026-07-01T00:00:00.000Z,NONE,NONE
8443,1,3,2026-07-01T00:00:00.000Z,NONE,NONE
8458,1,3,2026-07-01T00:00:00.000Z,NONE,NONE
8467,1,3,2026-07-01T00:00:00.000Z,NONE,NONE
8502,1,3,2026-07-01T00:00:00.000Z,NONE,NONE
8504,1,3,2026-07-01T00:00:00.000Z,NONE,NONE
8522,1,3,2026-07-01T00:00:00.000Z,NONE,NONE
8529,1,3,2026-07-01T00:00:00.000Z,NONE,NONE
8530,1,3,2026-07-01T00:00:00.000Z,NONE,NONE
8547,1,3,2026-07-01T00:00:00.000Z,NONE,NONE
8594,1,3,2026-07-01T00:00:00.000Z,NONE,NONE
8611,1,3,2026-07-01T00:00:00.000Z,NONE,NONE
8621,1,3,2026-07-01T00:00:00.000Z,NONE,NONE
8633,1,3,2026-07-01T00:00:00.000Z,NONE,NONE
8643,1,3,2026-07-01T00:00:00.000Z,NONE,NONE
8647,1,3,2026-07-01T00:00:00.000Z,NONE,NONE
8649,1,3,2026-07-01T00:00:00.000Z,NONE,NONE
8650,1,3,2026-07-01T00:00:00.000Z,NONE,NONE
8663,1,3,2026-07-01T00:00:00.000Z,NONE,NONE
8698,1,3,2026-07-01T00:00:00.000Z,NONE,NONE
8718,1,3,2026-07-01T00:00:00.000Z,NONE,NONE
8726,1,3,2026-07-01T00:00:00.000Z,NONE,NONE
8730,1,3,2026-07-01T00:00:00.000Z,NONE,NONE
8734,1,3,2026-07-01T00:00:00.000Z,NONE,NONE
8749,1,3,2026-07-01T00:00:00.000Z,NONE,NONE
8752,1,3,2026-07-01T00:00:00.000Z,NONE,NONE
8796,1,3,2026-07-01T00:00:00.000Z,NONE,NONE
8797,1,3,2026-07-01T00:00:00.000Z,NONE,NONE
8817,1,3,2026-07-01T00:00:00.000Z,NONE,NONE
8818,1,3,2026-07-01T00:00:00.000Z,NONE,NONE
8834,1,3,2026-07-01T00:00:00.000Z,NONE,NONE
8841,1,3,2026-07-01T00:00:00.000Z,NONE,NONE
8857,1,3,2026-07-01T00:00:00.000Z,NONE,NONE
8917,1,3,2026-07-01T00:00:00.000Z,NONE,NONE
8921,1,3,2026-07-01T00:00:00.000Z,NONE,NONE
8941,1,3,2026-07-01T00:00:00.000Z,NONE,NONE
8943,1,3,2026-07-01T00:00:00.000Z,NONE,NONE
8960,1,3,2026-07-01T00:00:00.000Z,NONE,NONE
8963,1,3,2026-07-01T00:00:00.000Z,NONE,NONE
8970,1,3,2026-07-01T00:00:00.000Z,NONE,NONE
8973,1,3,2026-07-01T00:00:00.000Z,NONE,NONE
8981,1,3,2026-07-01T00:00:00.000Z,NONE,NONE
8984,1,3,2026-07-01T00:00:00.000Z,NONE,NONE
8995,1,3,2026-07-01T00:00:00.000Z,NONE,NONE
8996,1,3,2026-07-01T00:00:00.000Z,NONE,NONE
9008,1,3,2026-07-01T00:00:00.000Z,NONE,NONE
9012,1,3,2026-07-01T00:00:00.000Z,NONE,NONE
9018,1,3,2026-07-01T00:00:00.000Z,NONE,NONE
9034,1,3,2026-07-01T00:00:00.000Z,NONE,NONE
9072,1,3,2026-07-01T00:00:00.000Z,NONE,NONE
9073,1,3,2026-07-01T00:00:00.000Z,NONE,NONE
9124,1,3,2026-07-01T00:00:00.000Z,NONE,NONE
9174,1,3,2026-07-01T00:00:00.000Z,NONE,NONE
9190,1,3,2026-07-01T00:00:00.000Z,NONE,NONE
9222,1,3,2026-07-01T00:00:00.000Z,NONE,NONE
9224,1,3,2026-07-01T00:00:00.000Z,NONE,NONE
9229,1,3,2026-07-01T00:00:00.000Z,NONE,NONE
9230,1,3,2026-07-01T00:00:00.000Z,NONE,NONE
9241,1,3,2026-07-01T00:00:00.000Z,NONE,NONE
9252,1,3,2026-07-01T00:00:00.000Z,NONE,NONE
9260,1,3,2026-07-01T00:00:00.000Z,NONE,NONE
9281,1,3,2026-07-01T00:00:00.000Z,NONE,NONE
9305,1,3,2026-07-01T00:00:00.000Z,NONE,NONE
9315,1,3,2026-07-01T00:00:00.000Z,NONE,NONE
9326,1,3,2026-07-01T00:00:00.000Z,NONE,NONE
9327,1,3,2026-07-01T00:00:00.000Z,NONE,NONE
9346,1,3,2026-07-01T00:00:00.000Z,NONE,NONE
9348,1,3,2026-07-01T00:00:00.000Z,NONE,NONE
9358,1,3,2026-07-01T00:00:00.000Z,NONE,NONE
9359,1,3,2026-07-01T00:00:00.000Z,NONE,NONE
9379,1,3,2026-07-01T00:00:00.000Z,NONE,NONE
9380,1,3,2026-07-01T00:00:00.000Z,NONE,NONE
9381,1,3,2026-07-01T00:00:00.000Z,NONE,NONE
9385,1,3,2026-07-01T00:00:00.000Z,NONE,NONE
9398,1,3,2026-07-01T00:00:00.000Z,NONE,NONE
9407,1,3,2026-07-01T00:00:00.000Z,NONE,NONE
9411,1,3,2026-07-01T00:00:00.000Z,NONE,NONE
9412,1,3,2026-07-01T00:00:00.000Z,NONE,NONE
9422,1,3,2026-07-01T00:00:00.000Z,NONE,NONE
9430,1,3,2026-07-01T00:00:00.000Z,NONE,NONE
9440,1,3,2026-07-01T00:00:00.000Z,NONE,NONE
9462,1,3,2026-07-01T00:00:00.000Z,NONE,NONE
9473,1,3,2026-07-01T00:00:00.000Z,NONE,NONE
9480,1,3,2026-07-01T00:00:00.000Z,NONE,NONE
9490,1,3,2026-07-01T00:00:00.000Z,NONE,NONE
9492,1,3,2026-07-01T00:00:00.000Z,NONE,NONE
9494,1,3,2026-07-01T00:00:00.000Z,NONE,NONE
9500,1,3,2026-07-01T00:00:00.000Z,NONE,NONE
9519,1,3,2026-07-01T00:00:00.000Z,NONE,NONE
9525,1,3,2026-07-01T00:00:00.000Z,NONE,NONE
9528,1,3,2026-07-01T00:00:00.000Z,NONE,NONE
9530,1,3,2026-07-01T00:00:00.000Z,NONE,NONE
9552,1,3,2026-07-01T00:00:00.000Z,NONE,NONE
9560,1,3,2026-07-01T00:00:00.000Z,NONE,NONE
9570,1,3,2026-07-01T00:00:00.000Z,NONE,NONE
9583,1,3,2026-07-01T00:00:00.000Z,NONE,NONE
9587,1,3,2026-07-01T00:00:00.000Z,NONE,NONE
9591,1,3,2026-07-01T00:00:00.000Z,NONE,NONE
9599,1,3,2026-07-01T00:00:00.000Z,NONE,NONE
9600,1,3,2026-07-01T00:00:00.000Z,NONE,NONE
9614,1,3,2026-07-01T00:00:00.000Z,NONE,NONE
9617,1,3,2026-07-01T00:00:00.000Z,NONE,NONE
9634,1,3,2026-07-01T00:00:00.000Z,NONE,NONE
9636,1,3,2026-07-01T00:00:00.000Z,NONE,NONE
9655,1,3,2026-07-01T00:00:00.000Z,NONE,NONE
9661,1,3,2026-07-01T00:00:00.000Z,NONE,NONE
9662,1,3,2026-07-01T00:00:00.000Z,NONE,NONE
9668,1,3,2026-07-01T00:00:00.000Z,NONE,NONE
9694,1,3,2026-07-01T00:00:00.000Z,NONE,NONE
9699,1,3,2026-07-01T00:00:00.000Z,NONE,NONE
9708,1,3,2026-07-01T00:00:00.000Z,NONE,NONE
9739,1,3,2026-07-01T00:00:00.000Z,NONE,NONE
9747,1,3,2026-07-01T00:00:00.000Z,NONE,NONE
9763,1,3,2026-07-01T00:00:00.000Z,NONE,NONE
9764,1,3,2026-07-01T00:00:00.000Z,NONE,NONE
9770,1,3,2026-07-01T00:00:00.000Z,NONE,NONE
9773,1,3,2026-07-01T00:00:00.000Z,NONE,NONE
9777,1,3,2026-07-01T00:00:00.000Z,NONE,NONE
9788,1,3,2026-07-01T00:00:00.000Z,NONE,NONE
9791,1,3,2026-07-01T00:00:00.000Z,NONE,NONE
9794,1,3,2026-07-01T00:00:00.000Z,NONE,NONE
9799,1,3,2026-07-01T00:00:00.000Z,NONE,NONE
9800,1,3,2026-07-01T00:00:00.000Z,NONE,NONE
9808,1,3,2026-07-01T00:00:00.000Z,NONE,NONE
9814,1,3,2026-07-01T00:00:00.000Z,NONE,NONE
9815,1,3,2026-07-01T00:00:00.000Z,NONE,NONE
9818,1,3,2026-07-01T00:00:00.000Z,NONE,NONE
9823,1,3,2026-07-01T00:00:00.000Z,NONE,NONE
9833,1,3,2026-07-01T00:00:00.000Z,NONE,NONE
9838,1,3,2026-07-01T00:00:00.000Z,NONE,NONE
9846,1,3,2026-07-01T00:00:00.000Z,NONE,NONE
9847,1,3,2026-07-01T00:00:00.000Z,NONE,NONE
9849,1,3,2026-07-01T00:00:00.000Z,NONE,NONE
9865,1,3,2026-07-01T00:00:00.000Z,NONE,NONE
9870,1,3,2026-07-01T00:00:00.000Z,NONE,NONE
9875,1,3,2026-07-01T00:00:00.000Z,NONE,NONE
9887,1,3,2026-07-01T00:00:00.000Z,NONE,NONE
9894,1,3,2026-07-01T00:00:00.000Z,NONE,NONE
9904,1,3,2026-07-01T00:00:00.000Z,NONE,NONE
9906,1,3,2026-07-01T00:00:00.000Z,NONE,NONE
9936,1,3,2026-07-01T00:00:00.000Z,NONE,NONE
9954,1,3,2026-07-01T00:00:00.000Z,NONE,NONE
9962,1,3,2026-07-01T00:00:00.000Z,NONE,NONE
9987,1,3,2026-07-01T00:00:00.000Z,NONE,NONE
10011,1,3,2026-07-01T00:00:00.000Z,NONE,NONE
10013,1,3,2026-07-01T00:00:00.000Z,NONE,NONE
10030,1,3,2026-07-01T00:00:00.000Z,NONE,NONE
10041,1,3,2026-07-01T00:00:00.000Z,NONE,NONE
10056,1,3,2026-07-01T00:00:00.000Z,NONE,NONE
10057,1,3,2026-07-01T00:00:00.000Z,NONE,NONE
10073,1,3,2026-07-01T00:00:00.000Z,NONE,NONE
10080,1,3,2026-07-01T00:00:00.000Z,NONE,NONE
10093,1,3,2026-07-01T00:00:00.000Z,NONE,NONE
10097,1,3,2026-07-01T00:00:00.000Z,NONE,NONE
10116,1,3,2026-07-01T00:00:00.000Z,NONE,NONE
10124,1,3,2026-07-01T00:00:00.000Z,NONE,NONE
10132,1,3,2026-07-01T00:00:00.000Z,NONE,NONE
10137,1,3,2026-07-01T00:00:00.000Z,NONE,NONE
10140,1,3,2026-07-01T00:00:00.000Z,NONE,NONE
10143,1,3,2026-07-01T00:00:00.000Z,NONE,NONE
10161,1,3,2026-07-01T00:00:00.000Z,NONE,NONE
10168,1,3,2026-07-01T00:00:00.000Z,NONE,NONE
10172,1,3,2026-07-01T00:00:00.000Z,NONE,NONE
10192,1,3,2026-07-01T00:00:00.000Z,NONE,NONE
10199,1,3,2026-07-01T00:00:00.000Z,NONE,NONE
10207,1,3,2026-07-01T00:00:00.000Z,NONE,NONE
10222,1,3,2026-07-01T00:00:00.000Z,NONE,NONE
10225,1,3,2026-07-01T00:00:00.000Z,NONE,NONE
10230,1,3,2026-07-01T00:00:00.000Z,NONE,NONE
10233,1,3,2026-07-01T00:00:00.000Z,NONE,NONE
10240,1,3,2026-07-01T00:00:00.000Z,NONE,NONE
10251,1,3,2026-07-01T00:00:00.000Z,NONE,NONE
10255,1,3,2026-07-01T00:00:00.000Z,NONE,NONE
10257,1,3,2026-07-01T00:00:00.000Z,NONE,NONE
10301,1,3,2026-07-01T00:00:00.000Z,NONE,NONE
10321,1,3,2026-07-01T00:00:00.000Z,NONE,NONE
10327,1,3,2026-07-01T00:00:00.000Z,NONE,NONE
10329,1,3,2026-07-01T00:00:00.000Z,NONE,NONE
10341,1,3,2026-07-01T00:00:00.000Z,NONE,NONE
10343,1,3,2026-07-01T00:00:00.000Z,NONE,NONE
10344,1,3,2026-07-01T00:00:00.000Z,NONE,NONE
10346,1,3,2026-07-01T00:00:00.000Z,NONE,NONE
10355,1,3,2026-07-01T00:00:00.000Z,NONE,NONE
10389,1,3,2026-07-01T00:00:00.000Z,NONE,NONE
10399,1,3,2026-07-01T00:00:00.000Z,NONE,NONE
10404,1,3,2026-07-01T00:00:00.000Z,NONE,NONE
10408,1,3,2026-07-01T00:00:00.000Z,NONE,NONE
10424,1,3,2026-07-01T00:00:00.000Z,NONE,NONE
10471,1,3,2026-07-01T00:00:00.000Z,NONE,NONE
10480,1,3,2026-07-01T00:00:00.000Z,NONE,NONE
10521,1,3,2026-07-01T00:00:00.000Z,NONE,NONE
10525,1,3,2026-07-01T00:00:00.000Z,NONE,NONE
10532,1,3,2026-07-01T00:00:00.000Z,NONE,NONE
10541,1,3,2026-07-01T00:00:00.000Z,NONE,NONE
10551,1,3,2026-07-01T00:00:00.000Z,NONE,NONE
10557,1,3,2026-07-01T00:00:00.000Z,NONE,NONE
10578,1,3,2026-07-01T00:00:00.000Z,NONE,NONE
10585,1,3,2026-07-01T00:00:00.000Z,NONE,NONE
10591,1,3,2026-07-01T00:00:00.000Z,NONE,NONE
10605,1,3,2026-07-01T00:00:00.000Z,NONE,NONE
10615,1,3,2026-07-01T00:00:00.000Z,NONE,NONE
10624,1,3,2026-07-01T00:00:00.000Z,NONE,NONE
10627,1,3,2026-07-01T00:00:00.000Z,NONE,NONE
10629,1,3,2026-07-01T00:00:00.000Z,NONE,NONE
10643,1,3,2026-07-01T00:00:00.000Z,NONE,NONE
10645,1,3,2026-07-01T00:00:00.000Z,NONE,NONE
10663,1,3,2026-07-01T00:00:00.000Z,NONE,NONE
10664,1,3,2026-07-01T00:00:00.000Z,NONE,NONE
10666,1,3,2026-07-01T00:00:00.000Z,NONE,NONE
10667,1,3,2026-07-01T00:00:00.000Z,NONE,NONE
10669,1,3,2026-07-01T00:00:00.000Z,NONE,NONE
10687,1,3,2026-07-01T00:00:00.000Z,NONE,NONE
10711,1,3,2026-07-01T00:00:00.000Z,NONE,NONE
10716,1,3,2026-07-01T00:00:00.000Z,NONE,NONE
10717,1,3,2026-07-01T00:00:00.000Z,NONE,NONE
10720,1,3,2026-07-01T00:00:00.000Z,NONE,NONE
10730,1,3,2026-07-01T00:00:00.000Z,NONE,NONE
10748,1,3,2026-07-01T00:00:00.000Z,NONE,NONE
10761,1,3,2026-07-01T00:00:00.000Z,NONE,NONE
10762,1,3,2026-07-01T00:00:00.000Z,NONE,NONE
10763,1,3,2026-07-01T00:00:00.000Z,NONE,NONE
5,1,3,2026-07-02T00:00:00.000Z,NONE,NONE
29,1,3,2026-07-02T00:00:00.000Z,NONE,NONE
39,1,3,2026-07-02T00:00:00.000Z,NONE,NONE
51,1,3,2026-07-02T00:00:00.000Z,NONE,NONE
124,1,3,2026-07-02T00:00:00.000Z,NONE,NONE
135,1,3,2026-07-02T00:00:00.000Z,NONE,NONE
200,1,3,2026-07-02T00:00:00.000Z,NONE,NONE
232,1,3,2026-07-02T00:00:00.000Z,NONE,NONE
273,1,3,2026-07-02T00:00:00.000Z,NONE,NONE
284,1,3,2026-07-02T00:00:00.000Z,NONE,NONE
292,1,3,2026-07-02T00:00:00.000Z,NONE,NONE
305,1,3,2026-07-02T00:00:00.000Z,NONE,NONE
308,1,3,2026-07-02T00:00:00.000Z,NONE,NONE
459,1,3,2026-07-02T00:00:00.000Z,NONE,NONE
849,1,3,2026-07-02T00:00:00.000Z,NONE,NONE
855,1,3,2026-07-02T00:00:00.000Z,NONE,NONE
864,1,3,2026-07-02T00:00:00.000Z,NONE,NONE
1205,1,3,2026-07-02T00:00:00.000Z,NONE,NONE
1340,1,3,2026-07-02T00:00:00.000Z,NONE,NONE
1453,1,3,2026-07-02T00:00:00.000Z,NONE,NONE
1454,1,3,2026-07-02T00:00:00.000Z,NONE,NONE
1519,1,3,2026-07-02T00:00:00.000Z,NONE,NONE
1582,1,3,2026-07-02T00:00:00.000Z,NONE,NONE
1638,1,3,2026-07-02T00:00:00.000Z,NONE,NONE
1645,1,3,2026-07-02T00:00:00.000Z,NONE,NONE
1851,1,3,2026-07-02T00:00:00.000Z,NONE,NONE
1940,1,3,2026-07-02T00:00:00.000Z,NONE,NONE
2028,1,3,2026-07-02T00:00:00.000Z,NONE,NONE
2086,1,3,2026-07-02T00:00:00.000Z,NONE,NONE
2094,1,3,2026-07-02T00:00:00.000Z,NONE,NONE
2128,1,3,2026-07-02T00:00:00.000Z,NONE,NONE
2170,1,3,2026-07-02T00:00:00.000Z,NONE,NONE
2176,1,3,2026-07-02T00:00:00.000Z,NONE,NONE
2204,1,3,2026-07-02T00:00:00.000Z,NONE,NONE
2493,1,3,2026-07-02T00:00:00.000Z,NONE,NONE
2592,1,3,2026-07-02T00:00:00.000Z,NONE,NONE
2619,1,3,2026-07-02T00:00:00.000Z,NONE,NONE
2635,1,3,2026-07-02T00:00:00.000Z,NONE,NONE
2677,1,3,2026-07-02T00:00:00.000Z,NONE,NONE
2689,1,3,2026-07-02T00:00:00.000Z,NONE,NONE
2809,1,3,2026-07-02T00:00:00.000Z,NONE,NONE
2833,1,3,2026-07-02T00:00:00.000Z,NONE,NONE
2906,1,3,2026-07-02T00:00:00.000Z,NONE,NONE
2923,1,3,2026-07-02T00:00:00.000Z,NONE,NONE
2946,1,3,2026-07-02T00:00:00.000Z,NONE,NONE
3002,1,3,2026-07-02T00:00:00.000Z,NONE,NONE
3017,1,3,2026-07-02T00:00:00.000Z,NONE,NONE
3038,1,3,2026-07-02T00:00:00.000Z,NONE,NONE
3042,1,3,2026-07-02T00:00:00.000Z,NONE,NONE
3046,1,3,2026-07-02T00:00:00.000Z,NONE,NONE
3214,1,3,2026-07-02T00:00:00.000Z,NONE,NONE
3270,1,3,2026-07-02T00:00:00.000Z,NONE,NONE
3305,1,3,2026-07-02T00:00:00.000Z,NONE,NONE
3307,1,3,2026-07-02T00:00:00.000Z,NONE,NONE
3418,1,3,2026-07-02T00:00:00.000Z,NONE,NONE
3425,1,3,2026-07-02T00:00:00.000Z,NONE,NONE
3451,1,3,2026-07-02T00:00:00.000Z,NONE,NONE
3471,1,3,2026-07-02T00:00:00.000Z,NONE,NONE
3520,1,3,2026-07-02T00:00:00.000Z,NONE,NONE
3578,1,3,2026-07-02T00:00:00.000Z,NONE,NONE
3642,1,3,2026-07-02T00:00:00.000Z,NONE,NONE
3688,1,3,2026-07-02T00:00:00.000Z,NONE,NONE
3694,1,3,2026-07-02T00:00:00.000Z,NONE,NONE
3851,1,3,2026-07-02T00:00:00.000Z,NONE,NONE
3953,1,3,2026-07-02T00:00:00.000Z,NONE,NONE
4176,1,3,2026-07-02T00:00:00.000Z,NONE,NONE
4277,1,3,2026-07-02T00:00:00.000Z,NONE,NONE
4348,1,3,2026-07-02T00:00:00.000Z,NONE,NONE
4382,1,3,2026-07-02T00:00:00.000Z,NONE,NONE
4543,1,3,2026-07-02T00:00:00.000Z,NONE,NONE
4657,1,3,2026-07-02T00:00:00.000Z,NONE,NONE
4695,1,3,2026-07-02T00:00:00.000Z,NONE,NONE
4857,1,3,2026-07-02T00:00:00.000Z,NONE,NONE
4884,1,3,2026-07-02T00:00:00.000Z,NONE,NONE
5563,1,3,2026-07-02T00:00:00.000Z,NONE,NONE
5753,1,3,2026-07-02T00:00:00.000Z,NONE,NONE
5759,1,3,2026-07-02T00:00:00.000Z,NONE,NONE
6101,1,3,2026-07-02T00:00:00.000Z,NONE,NONE
6826,1,3,2026-07-02T00:00:00.000Z,NONE,NONE
6995,1,3,2026-07-02T00:00:00.000Z,NONE,NONE
7330,1,3,2026-07-02T00:00:00.000Z,NONE,NONE
7542,1,3,2026-07-02T00:00:00.000Z,NONE,NONE
7970,1,3,2026-07-02T00:00:00.000Z,NONE,NONE
8148,1,3,2026-07-02T00:00:00.000Z,NONE,NONE
8192,1,3,2026-07-02T00:00:00.000Z,NONE,NONE
8275,1,3,2026-07-02T00:00:00.000Z,NONE,NONE
8605,1,3,2026-07-02T00:00:00.000Z,NONE,NONE
8659,1,3,2026-07-02T00:00:00.000Z,NONE,NONE
8898,1,3,2026-07-02T00:00:00.000Z,NONE,NONE
8901,1,3,2026-07-02T00:00:00.000Z,NONE,NONE
8982,1,3,2026-07-02T00:00:00.000Z,NONE,NONE
9387,1,3,2026-07-02T00:00:00.000Z,NONE,NONE
10127,1,3,2026-07-02T00:00:00.000Z,NONE,NONE
10231,1,3,2026-07-02T00:00:00.000Z,NONE,NONE
10266,1,3,2026-07-02T00:00:00.000Z,NONE,NONE
10673,1,3,2026-07-02T00:00:00.000Z,NONE,NONE
10764,1,3,2026-07-02T00:00:00.000Z,NONE,NONE
10765,1,3,2026-07-02T00:00:00.000Z,NONE,NONE
10766,1,3,2026-07-02T00:00:00.000Z,NONE,NONE
10767,1,3,2026-07-02T00:00:00.000Z,NONE,NONE
322,1,3,2026-07-03T00:00:00.000Z,NONE,NONE
828,1,3,2026-07-03T00:00:00.000Z,NONE,NONE
1183,1,3,2026-07-03T00:00:00.000Z,NONE,NONE
1452,1,3,2026-07-03T00:00:00.000Z,NONE,NONE
1635,1,3,2026-07-03T00:00:00.000Z,NONE,NONE
1725,1,3,2026-07-03T00:00:00.000Z,NONE,NONE
1887,1,3,2026-07-03T00:00:00.000Z,NONE,NONE
1999,1,3,2026-07-03T00:00:00.000Z,NONE,NONE
2033,1,3,2026-07-03T00:00:00.000Z,NONE,NONE
2285,1,3,2026-07-03T00:00:00.000Z,NONE,NONE
2379,1,3,2026-07-03T00:00:00.000Z,NONE,NONE
2533,1,3,2026-07-03T00:00:00.000Z,NONE,NONE
2712,1,3,2026-07-03T00:00:00.000Z,NONE,NONE
2838,1,3,2026-07-03T00:00:00.000Z,NONE,NONE
3005,1,3,2026-07-03T00:00:00.000Z,NONE,NONE
3016,1,3,2026-07-03T00:00:00.000Z,NONE,NONE
3076,1,3,2026-07-03T00:00:00.000Z,NONE,NONE
3169,1,3,2026-07-03T00:00:00.000Z,NONE,NONE
3239,1,3,2026-07-03T00:00:00.000Z,NONE,NONE
3615,1,3,2026-07-03T00:00:00.000Z,NONE,NONE
3693,1,3,2026-07-03T00:00:00.000Z,NONE,NONE
3736,1,3,2026-07-03T00:00:00.000Z,NONE,NONE
3906,1,3,2026-07-03T00:00:00.000Z,NONE,NONE
3996,1,3,2026-07-03T00:00:00.000Z,NONE,NONE
4152,1,3,2026-07-03T00:00:00.000Z,NONE,NONE
4272,1,3,2026-07-03T00:00:00.000Z,NONE,NONE
4445,1,3,2026-07-03T00:00:00.000Z,NONE,NONE
4479,1,3,2026-07-03T00:00:00.000Z,NONE,NONE
4557,1,3,2026-07-03T00:00:00.000Z,NONE,NONE
4608,1,3,2026-07-03T00:00:00.000Z,NONE,NONE
4672,1,3,2026-07-03T00:00:00.000Z,NONE,NONE
4821,1,3,2026-07-03T00:00:00.000Z,NONE,NONE
5195,1,3,2026-07-03T00:00:00.000Z,NONE,NONE
5315,1,3,2026-07-03T00:00:00.000Z,NONE,NONE
5358,1,3,2026-07-03T00:00:00.000Z,NONE,NONE
5470,1,3,2026-07-03T00:00:00.000Z,NONE,NONE
5522,1,3,2026-07-03T00:00:00.000Z,NONE,NONE
5526,1,3,2026-07-03T00:00:00.000Z,NONE,NONE
5850,1,3,2026-07-03T00:00:00.000Z,NONE,NONE
6205,1,3,2026-07-03T00:00:00.000Z,NONE,NONE
6220,1,3,2026-07-03T00:00:00.000Z,NONE,NONE
6441,1,3,2026-07-03T00:00:00.000Z,NONE,NONE
6514,1,3,2026-07-03T00:00:00.000Z,NONE,NONE
6703,1,3,2026-07-03T00:00:00.000Z,NONE,NONE
6819,1,3,2026-07-03T00:00:00.000Z,NONE,NONE
7236,1,3,2026-07-03T00:00:00.000Z,NONE,NONE
7656,1,3,2026-07-03T00:00:00.000Z,NONE,NONE
7759,1,3,2026-07-03T00:00:00.000Z,NONE,NONE
7858,1,3,2026-07-03T00:00:00.000Z,NONE,NONE
8534,1,3,2026-07-03T00:00:00.000Z,NONE,NONE
8933,1,3,2026-07-03T00:00:00.000Z,NONE,NONE
9125,1,3,2026-07-03T00:00:00.000Z,NONE,NONE
9754,1,3,2026-07-03T00:00:00.000Z,NONE,NONE
9900,1,3,2026-07-03T00:00:00.000Z,NONE,NONE
9914,1,3,2026-07-03T00:00:00.000Z,NONE,NONE
9919,1,3,2026-07-03T00:00:00.000Z,NONE,NONE
9974,1,3,2026-07-03T00:00:00.000Z,NONE,NONE
10204,1,3,2026-07-03T00:00:00.000Z,NONE,NONE
10463,1,3,2026-07-03T00:00:00.000Z,NONE,NONE
10576,1,3,2026-07-03T00:00:00.000Z,NONE,NONE
10768,1,3,2026-07-03T00:00:00.000Z,NONE,NONE
10769,1,3,2026-07-03T00:00:00.000Z,NONE,NONE
10770,1,3,2026-07-03T00:00:00.000Z,NONE,NONE
10771,1,3,2026-07-03T00:00:00.000Z,NONE,NONE
10772,1,3,2026-07-03T00:00:00.000Z,NONE,NONE
10,1,3,2026-07-04T00:00:00.000Z,NONE,NONE
18,1,3,2026-07-04T00:00:00.000Z,NONE,NONE
687,1,3,2026-07-04T00:00:00.000Z,NONE,NONE
797,1,3,2026-07-04T00:00:00.000Z,NONE,NONE
1086,1,3,2026-07-04T00:00:00.000Z,NONE,NONE
1279,1,3,2026-07-04T00:00:00.000Z,NONE,NONE
1368,1,3,2026-07-04T00:00:00.000Z,NONE,NONE
1428,1,3,2026-07-04T00:00:00.000Z,NONE,NONE
1476,1,3,2026-07-04T00:00:00.000Z,NONE,NONE
1607,1,3,2026-07-04T00:00:00.000Z,NONE,NONE
1648,1,3,2026-07-04T00:00:00.000Z,NONE,NONE
1821,1,3,2026-07-04T00:00:00.000Z,NONE,NONE
1871,1,3,2026-07-04T00:00:00.000Z,NONE,NONE
2072,1,3,2026-07-04T00:00:00.000Z,NONE,NONE
2254,1,3,2026-07-04T00:00:00.000Z,NONE,NONE
2291,1,3,2026-07-04T00:00:00.000Z,NONE,NONE
2374,1,3,2026-07-04T00:00:00.000Z,NONE,NONE
2433,1,3,2026-07-04T00:00:00.000Z,NONE,NONE
2501,1,3,2026-07-04T00:00:00.000Z,NONE,NONE
2511,1,3,2026-07-04T00:00:00.000Z,NONE,NONE
2539,1,3,2026-07-04T00:00:00.000Z,NONE,NONE
2757,1,3,2026-07-04T00:00:00.000Z,NONE,NONE
2917,1,3,2026-07-04T00:00:00.000Z,NONE,NONE
2929,1,3,2026-07-04T00:00:00.000Z,NONE,NONE
3109,1,3,2026-07-04T00:00:00.000Z,NONE,NONE
3150,1,3,2026-07-04T00:00:00.000Z,NONE,NONE
3304,1,3,2026-07-04T00:00:00.000Z,NONE,NONE
3349,1,3,2026-07-04T00:00:00.000Z,NONE,NONE
3380,1,3,2026-07-04T00:00:00.000Z,NONE,NONE
3402,1,3,2026-07-04T00:00:00.000Z,NONE,NONE
3424,1,3,2026-07-04T00:00:00.000Z,NONE,NONE
3433,1,3,2026-07-04T00:00:00.000Z,NONE,NONE
3436,1,3,2026-07-04T00:00:00.000Z,NONE,NONE
3442,1,3,2026-07-04T00:00:00.000Z,NONE,NONE
3470,1,3,2026-07-04T00:00:00.000Z,NONE,NONE
3500,1,3,2026-07-04T00:00:00.000Z,NONE,NONE
3593,1,3,2026-07-04T00:00:00.000Z,NONE,NONE
3723,1,3,2026-07-04T00:00:00.000Z,NONE,NONE
3908,1,3,2026-07-04T00:00:00.000Z,NONE,NONE
4133,1,3,2026-07-04T00:00:00.000Z,NONE,NONE
4249,1,3,2026-07-04T00:00:00.000Z,NONE,NONE
4284,1,3,2026-07-04T00:00:00.000Z,NONE,NONE
4298,1,3,2026-07-04T00:00:00.000Z,NONE,NONE
4460,1,3,2026-07-04T00:00:00.000Z,NONE,NONE
4516,1,3,2026-07-04T00:00:00.000Z,NONE,NONE
4644,1,3,2026-07-04T00:00:00.000Z,NONE,NONE
4655,1,3,2026-07-04T00:00:00.000Z,NONE,NONE
4687,1,3,2026-07-04T00:00:00.000Z,NONE,NONE
4744,1,3,2026-07-04T00:00:00.000Z,NONE,NONE
4756,1,3,2026-07-04T00:00:00.000Z,NONE,NONE
4760,1,3,2026-07-04T00:00:00.000Z,NONE,NONE
4773,1,3,2026-07-04T00:00:00.000Z,NONE,NONE
4943,1,3,2026-07-04T00:00:00.000Z,NONE,NONE
5017,1,3,2026-07-04T00:00:00.000Z,NONE,NONE
5047,1,3,2026-07-04T00:00:00.000Z,NONE,NONE
5051,1,3,2026-07-04T00:00:00.000Z,NONE,NONE
5061,1,3,2026-07-04T00:00:00.000Z,NONE,NONE
5063,1,3,2026-07-04T00:00:00.000Z,NONE,NONE
5091,1,3,2026-07-04T00:00:00.000Z,NONE,NONE
5217,1,3,2026-07-04T00:00:00.000Z,NONE,NONE
5224,1,3,2026-07-04T00:00:00.000Z,NONE,NONE
5303,1,3,2026-07-04T00:00:00.000Z,NONE,NONE
5312,1,3,2026-07-04T00:00:00.000Z,NONE,NONE
5453,1,3,2026-07-04T00:00:00.000Z,NONE,NONE
5461,1,3,2026-07-04T00:00:00.000Z,NONE,NONE
5554,1,3,2026-07-04T00:00:00.000Z,NONE,NONE
5568,1,3,2026-07-04T00:00:00.000Z,NONE,NONE
5581,1,3,2026-07-04T00:00:00.000Z,NONE,NONE
5697,1,3,2026-07-04T00:00:00.000Z,NONE,NONE
5710,1,3,2026-07-04T00:00:00.000Z,NONE,NONE
5804,1,3,2026-07-04T00:00:00.000Z,NONE,NONE
5811,1,3,2026-07-04T00:00:00.000Z,NONE,NONE
5853,1,3,2026-07-04T00:00:00.000Z,NONE,NONE
5903,1,3,2026-07-04T00:00:00.000Z,NONE,NONE
6011,1,3,2026-07-04T00:00:00.000Z,NONE,NONE
6081,1,3,2026-07-04T00:00:00.000Z,NONE,NONE
6111,1,3,2026-07-04T00:00:00.000Z,NONE,NONE
6165,1,3,2026-07-04T00:00:00.000Z,NONE,NONE
6194,1,3,2026-07-04T00:00:00.000Z,NONE,NONE
6216,1,3,2026-07-04T00:00:00.000Z,NONE,NONE
6237,1,3,2026-07-04T00:00:00.000Z,NONE,NONE
6322,1,3,2026-07-04T00:00:00.000Z,NONE,NONE
6350,1,3,2026-07-04T00:00:00.000Z,NONE,NONE
6395,1,3,2026-07-04T00:00:00.000Z,NONE,NONE
6479,1,3,2026-07-04T00:00:00.000Z,NONE,NONE
6507,1,3,2026-07-04T00:00:00.000Z,NONE,NONE
6536,1,3,2026-07-04T00:00:00.000Z,NONE,NONE
6540,1,3,2026-07-04T00:00:00.000Z,NONE,NONE
6555,1,3,2026-07-04T00:00:00.000Z,NONE,NONE
6567,1,3,2026-07-04T00:00:00.000Z,NONE,NONE
6591,1,3,2026-07-04T00:00:00.000Z,NONE,NONE
6673,1,3,2026-07-04T00:00:00.000Z,NONE,NONE
6760,1,3,2026-07-04T00:00:00.000Z,NONE,NONE
6799,1,3,2026-07-04T00:00:00.000Z,NONE,NONE
6858,1,3,2026-07-04T00:00:00.000Z,NONE,NONE
6863,1,3,2026-07-04T00:00:00.000Z,NONE,NONE
6895,1,3,2026-07-04T00:00:00.000Z,NONE,NONE
6920,1,3,2026-07-04T00:00:00.000Z,NONE,NONE
6988,1,3,2026-07-04T00:00:00.000Z,NONE,NONE
6994,1,3,2026-07-04T00:00:00.000Z,NONE,NONE
7002,1,3,2026-07-04T00:00:00.000Z,NONE,NONE
7025,1,3,2026-07-04T00:00:00.000Z,NONE,NONE
7030,1,3,2026-07-04T00:00:00.000Z,NONE,NONE
7058,1,3,2026-07-04T00:00:00.000Z,NONE,NONE
7189,1,3,2026-07-04T00:00:00.000Z,NONE,NONE
7237,1,3,2026-07-04T00:00:00.000Z,NONE,NONE
7346,1,3,2026-07-04T00:00:00.000Z,NONE,NONE
7354,1,3,2026-07-04T00:00:00.000Z,NONE,NONE
7399,1,3,2026-07-04T00:00:00.000Z,NONE,NONE
7418,1,3,2026-07-04T00:00:00.000Z,NONE,NONE
7422,1,3,2026-07-04T00:00:00.000Z,NONE,NONE
7455,1,3,2026-07-04T00:00:00.000Z,NONE,NONE
7467,1,3,2026-07-04T00:00:00.000Z,NONE,NONE
7488,1,3,2026-07-04T00:00:00.000Z,NONE,NONE
7489,1,3,2026-07-04T00:00:00.000Z,NONE,NONE
7490,1,3,2026-07-04T00:00:00.000Z,NONE,NONE
7521,1,3,2026-07-04T00:00:00.000Z,NONE,NONE
7536,1,3,2026-07-04T00:00:00.000Z,NONE,NONE
7571,1,3,2026-07-04T00:00:00.000Z,NONE,NONE
7608,1,3,2026-07-04T00:00:00.000Z,NONE,NONE
7627,1,3,2026-07-04T00:00:00.000Z,NONE,NONE
7662,1,3,2026-07-04T00:00:00.000Z,NONE,NONE
7666,1,3,2026-07-04T00:00:00.000Z,NONE,NONE
7719,1,3,2026-07-04T00:00:00.000Z,NONE,NONE
7740,1,3,2026-07-04T00:00:00.000Z,NONE,NONE
7760,1,3,2026-07-04T00:00:00.000Z,NONE,NONE
7823,1,3,2026-07-04T00:00:00.000Z,NONE,NONE
7851,1,3,2026-07-04T00:00:00.000Z,NONE,NONE
7916,1,3,2026-07-04T00:00:00.000Z,NONE,NONE
7945,1,3,2026-07-04T00:00:00.000Z,NONE,NONE
7949,1,3,2026-07-04T00:00:00.000Z,NONE,NONE
7964,1,3,2026-07-04T00:00:00.000Z,NONE,NONE
8001,1,3,2026-07-04T00:00:00.000Z,NONE,NONE
8021,1,3,2026-07-04T00:00:00.000Z,NONE,NONE
8032,1,3,2026-07-04T00:00:00.000Z,NONE,NONE
8033,1,3,2026-07-04T00:00:00.000Z,NONE,NONE
8123,1,3,2026-07-04T00:00:00.000Z,NONE,NONE
8131,1,3,2026-07-04T00:00:00.000Z,NONE,NONE
8147,1,3,2026-07-04T00:00:00.000Z,NONE,NONE
8178,1,3,2026-07-04T00:00:00.000Z,NONE,NONE
8195,1,3,2026-07-04T00:00:00.000Z,NONE,NONE
8331,1,3,2026-07-04T00:00:00.000Z,NONE,NONE
8372,1,3,2026-07-04T00:00:00.000Z,NONE,NONE
8382,1,3,2026-07-04T00:00:00.000Z,NONE,NONE
8429,1,3,2026-07-04T00:00:00.000Z,NONE,NONE
8441,1,3,2026-07-04T00:00:00.000Z,NONE,NONE
8466,1,3,2026-07-04T00:00:00.000Z,NONE,NONE
8494,1,3,2026-07-04T00:00:00.000Z,NONE,NONE
8514,1,3,2026-07-04T00:00:00.000Z,NONE,NONE
8596,1,3,2026-07-04T00:00:00.000Z,NONE,NONE
8623,1,3,2026-07-04T00:00:00.000Z,NONE,NONE
8634,1,3,2026-07-04T00:00:00.000Z,NONE,NONE
8671,1,3,2026-07-04T00:00:00.000Z,NONE,NONE
8705,1,3,2026-07-04T00:00:00.000Z,NONE,NONE
8725,1,3,2026-07-04T00:00:00.000Z,NONE,NONE
8747,1,3,2026-07-04T00:00:00.000Z,NONE,NONE
8753,1,3,2026-07-04T00:00:00.000Z,NONE,NONE
8754,1,3,2026-07-04T00:00:00.000Z,NONE,NONE
8835,1,3,2026-07-04T00:00:00.000Z,NONE,NONE
8853,1,3,2026-07-04T00:00:00.000Z,NONE,NONE
8867,1,3,2026-07-04T00:00:00.000Z,NONE,NONE
8870,1,3,2026-07-04T00:00:00.000Z,NONE,NONE
8927,1,3,2026-07-04T00:00:00.000Z,NONE,NONE
8971,1,3,2026-07-04T00:00:00.000Z,NONE,NONE
9019,1,3,2026-07-04T00:00:00.000Z,NONE,NONE
9020,1,3,2026-07-04T00:00:00.000Z,NONE,NONE
9025,1,3,2026-07-04T00:00:00.000Z,NONE,NONE
9033,1,3,2026-07-04T00:00:00.000Z,NONE,NONE
9050,1,3,2026-07-04T00:00:00.000Z,NONE,NONE
9068,1,3,2026-07-04T00:00:00.000Z,NONE,NONE
9071,1,3,2026-07-04T00:00:00.000Z,NONE,NONE
9077,1,3,2026-07-04T00:00:00.000Z,NONE,NONE
9091,1,3,2026-07-04T00:00:00.000Z,NONE,NONE
9163,1,3,2026-07-04T00:00:00.000Z,NONE,NONE
9164,1,3,2026-07-04T00:00:00.000Z,NONE,NONE
9195,1,3,2026-07-04T00:00:00.000Z,NONE,NONE
9207,1,3,2026-07-04T00:00:00.000Z,NONE,NONE
9208,1,3,2026-07-04T00:00:00.000Z,NONE,NONE
9226,1,3,2026-07-04T00:00:00.000Z,NONE,NONE
9292,1,3,2026-07-04T00:00:00.000Z,NONE,NONE
9298,1,3,2026-07-04T00:00:00.000Z,NONE,NONE
9313,1,3,2026-07-04T00:00:00.000Z,NONE,NONE
9334,1,3,2026-07-04T00:00:00.000Z,NONE,NONE
9421,1,3,2026-07-04T00:00:00.000Z,NONE,NONE
9460,1,3,2026-07-04T00:00:00.000Z,NONE,NONE
9470,1,3,2026-07-04T00:00:00.000Z,NONE,NONE
9491,1,3,2026-07-04T00:00:00.000Z,NONE,NONE
9521,1,3,2026-07-04T00:00:00.000Z,NONE,NONE
9532,1,3,2026-07-04T00:00:00.000Z,NONE,NONE
9533,1,3,2026-07-04T00:00:00.000Z,NONE,NONE
9566,1,3,2026-07-04T00:00:00.000Z,NONE,NONE
9588,1,3,2026-07-04T00:00:00.000Z,NONE,NONE
9612,1,3,2026-07-04T00:00:00.000Z,NONE,NONE
9621,1,3,2026-07-04T00:00:00.000Z,NONE,NONE
9648,1,3,2026-07-04T00:00:00.000Z,NONE,NONE
9653,1,3,2026-07-04T00:00:00.000Z,NONE,NONE
9667,1,3,2026-07-04T00:00:00.000Z,NONE,NONE
9693,1,3,2026-07-04T00:00:00.000Z,NONE,NONE
9752,1,3,2026-07-04T00:00:00.000Z,NONE,NONE
9772,1,3,2026-07-04T00:00:00.000Z,NONE,NONE
9819,1,3,2026-07-04T00:00:00.000Z,NONE,NONE
9861,1,3,2026-07-04T00:00:00.000Z,NONE,NONE
9866,1,3,2026-07-04T00:00:00.000Z,NONE,NONE
9893,1,3,2026-07-04T00:00:00.000Z,NONE,NONE
9909,1,3,2026-07-04T00:00:00.000Z,NONE,NONE
9911,1,3,2026-07-04T00:00:00.000Z,NONE,NONE
9926,1,3,2026-07-04T00:00:00.000Z,NONE,NONE
9944,1,3,2026-07-04T00:00:00.000Z,NONE,NONE
9959,1,3,2026-07-04T00:00:00.000Z,NONE,NONE
9968,1,3,2026-07-04T00:00:00.000Z,NONE,NONE
9980,1,3,2026-07-04T00:00:00.000Z,NONE,NONE
10054,1,3,2026-07-04T00:00:00.000Z,NONE,NONE
10067,1,3,2026-07-04T00:00:00.000Z,NONE,NONE
10084,1,3,2026-07-04T00:00:00.000Z,NONE,NONE
10089,1,3,2026-07-04T00:00:00.000Z,NONE,NONE
10092,1,3,2026-07-04T00:00:00.000Z,NONE,NONE
10136,1,3,2026-07-04T00:00:00.000Z,NONE,NONE
10166,1,3,2026-07-04T00:00:00.000Z,NONE,NONE
10176,1,3,2026-07-04T00:00:00.000Z,NONE,NONE
10262,1,3,2026-07-04T00:00:00.000Z,NONE,NONE
10342,1,3,2026-07-04T00:00:00.000Z,NONE,NONE
10385,1,3,2026-07-04T00:00:00.000Z,NONE,NONE
10442,1,3,2026-07-04T00:00:00.000Z,NONE,NONE
10460,1,3,2026-07-04T00:00:00.000Z,NONE,NONE
10468,1,3,2026-07-04T00:00:00.000Z,NONE,NONE
10504,1,3,2026-07-04T00:00:00.000Z,NONE,NONE
10554,1,3,2026-07-04T00:00:00.000Z,NONE,NONE
10555,1,3,2026-07-04T00:00:00.000Z,NONE,NONE
10573,1,3,2026-07-04T00:00:00.000Z,NONE,NONE
10599,1,3,2026-07-04T00:00:00.000Z,NONE,NONE
10612,1,3,2026-07-04T00:00:00.000Z,NONE,NONE
10616,1,3,2026-07-04T00:00:00.000Z,NONE,NONE
10704,1,3,2026-07-04T00:00:00.000Z,NONE,NONE
10727,1,3,2026-07-04T00:00:00.000Z,NONE,NONE
10729,1,3,2026-07-04T00:00:00.000Z,NONE,NONE
10732,1,3,2026-07-04T00:00:00.000Z,NONE,NONE
425,1,3,2026-07-05T00:00:00.000Z,NONE,NONE
493,1,3,2026-07-05T00:00:00.000Z,NONE,NONE
678,1,3,2026-07-05T00:00:00.000Z,NONE,NONE
712,1,3,2026-07-05T00:00:00.000Z,NONE,NONE
1243,1,3,2026-07-05T00:00:00.000Z,NONE,NONE
1268,1,3,2026-07-05T00:00:00.000Z,NONE,NONE
1298,1,3,2026-07-05T00:00:00.000Z,NONE,NONE
1622,1,3,2026-07-05T00:00:00.000Z,NONE,NONE
1781,1,3,2026-07-05T00:00:00.000Z,NONE,NONE
1847,1,3,2026-07-05T00:00:00.000Z,NONE,NONE
1910,1,3,2026-07-05T00:00:00.000Z,NONE,NONE
2625,1,3,2026-07-05T00:00:00.000Z,NONE,NONE
2934,1,3,2026-07-05T00:00:00.000Z,NONE,NONE
3201,1,3,2026-07-05T00:00:00.000Z,NONE,NONE
3265,1,3,2026-07-05T00:00:00.000Z,NONE,NONE
3456,1,3,2026-07-05T00:00:00.000Z,NONE,NONE
3713,1,3,2026-07-05T00:00:00.000Z,NONE,NONE
4072,1,3,2026-07-05T00:00:00.000Z,NONE,NONE
4742,1,3,2026-07-05T00:00:00.000Z,NONE,NONE
5443,1,3,2026-07-05T00:00:00.000Z,NONE,NONE
5533,1,3,2026-07-05T00:00:00.000Z,NONE,NONE
6211,1,3,2026-07-05T00:00:00.000Z,NONE,NONE
6387,1,3,2026-07-05T00:00:00.000Z,NONE,NONE
6420,1,3,2026-07-05T00:00:00.000Z,NONE,NONE
6426,1,3,2026-07-05T00:00:00.000Z,NONE,NONE
7241,1,3,2026-07-05T00:00:00.000Z,NONE,NONE
7275,1,3,2026-07-05T00:00:00.000Z,NONE,NONE
7278,1,3,2026-07-05T00:00:00.000Z,NONE,NONE
7703,1,3,2026-07-05T00:00:00.000Z,NONE,NONE
7730,1,3,2026-07-05T00:00:00.000Z,NONE,NONE
8048,1,3,2026-07-05T00:00:00.000Z,NONE,NONE
8114,1,3,2026-07-05T00:00:00.000Z,NONE,NONE
8279,1,3,2026-07-05T00:00:00.000Z,NONE,NONE
8364,1,3,2026-07-05T00:00:00.000Z,NONE,NONE
8403,1,3,2026-07-05T00:00:00.000Z,NONE,NONE
8416,1,3,2026-07-05T00:00:00.000Z,NONE,NONE
8433,1,3,2026-07-05T00:00:00.000Z,NONE,NONE
8445,1,3,2026-07-05T00:00:00.000Z,NONE,NONE
8568,1,3,2026-07-05T00:00:00.000Z,NONE,NONE
8576,1,3,2026-07-05T00:00:00.000Z,NONE,NONE
8630,1,3,2026-07-05T00:00:00.000Z,NONE,NONE
8673,1,3,2026-07-05T00:00:00.000Z,NONE,NONE
8770,1,3,2026-07-05T00:00:00.000Z,NONE,NONE
8866,1,3,2026-07-05T00:00:00.000Z,NONE,NONE
9029,1,3,2026-07-05T00:00:00.000Z,NONE,NONE
9092,1,3,2026-07-05T00:00:00.000Z,NONE,NONE
9266,1,3,2026-07-05T00:00:00.000Z,NONE,NONE
9354,1,3,2026-07-05T00:00:00.000Z,NONE,NONE
9397,1,3,2026-07-05T00:00:00.000Z,NONE,NONE
9404,1,3,2026-07-05T00:00:00.000Z,NONE,NONE
9787,1,3,2026-07-05T00:00:00.000Z,NONE,NONE
10000,1,3,2026-07-05T00:00:00.000Z,NONE,NONE
10106,1,3,2026-07-05T00:00:00.000Z,NONE,NONE
10444,1,3,2026-07-05T00:00:00.000Z,NONE,NONE
10550,1,3,2026-07-05T00:00:00.000Z,NONE,NONE
10575,1,3,2026-07-05T00:00:00.000Z,NONE,NONE
10636,1,3,2026-07-05T00:00:00.000Z,NONE,NONE
10709,1,3,2026-07-05T00:00:00.000Z,NONE,NONE
10715,1,3,2026-07-05T00:00:00.000Z,NONE,NONE
406,1,3,2026-07-06T00:00:00.000Z,NONE,NONE
668,1,3,2026-07-06T00:00:00.000Z,NONE,NONE
751,1,3,2026-07-06T00:00:00.000Z,NONE,NONE
834,1,3,2026-07-06T00:00:00.000Z,NONE,NONE
1145,1,3,2026-07-06T00:00:00.000Z,NONE,NONE
1149,1,3,2026-07-06T00:00:00.000Z,NONE,NONE
1294,1,3,2026-07-06T00:00:00.000Z,NONE,NONE
1299,1,3,2026-07-06T00:00:00.000Z,NONE,NONE
1633,1,3,2026-07-06T00:00:00.000Z,NONE,NONE
1724,1,3,2026-07-06T00:00:00.000Z,NONE,NONE
1917,1,3,2026-07-06T00:00:00.000Z,NONE,NONE
1968,1,3,2026-07-06T00:00:00.000Z,NONE,NONE
1977,1,3,2026-07-06T00:00:00.000Z,NONE,NONE
2002,1,3,2026-07-06T00:00:00.000Z,NONE,NONE
2055,1,3,2026-07-06T00:00:00.000Z,NONE,NONE
2056,1,3,2026-07-06T00:00:00.000Z,NONE,NONE
2220,1,3,2026-07-06T00:00:00.000Z,NONE,NONE
2315,1,3,2026-07-06T00:00:00.000Z,NONE,NONE
2320,1,3,2026-07-06T00:00:00.000Z,NONE,NONE
2396,1,3,2026-07-06T00:00:00.000Z,NONE,NONE
2418,1,3,2026-07-06T00:00:00.000Z,NONE,NONE
2530,1,3,2026-07-06T00:00:00.000Z,NONE,NONE
2636,1,3,2026-07-06T00:00:00.000Z,NONE,NONE
2647,1,3,2026-07-06T00:00:00.000Z,NONE,NONE
2740,1,3,2026-07-06T00:00:00.000Z,NONE,NONE
2890,1,3,2026-07-06T00:00:00.000Z,NONE,NONE
2961,1,3,2026-07-06T00:00:00.000Z,NONE,NONE
3023,1,3,2026-07-06T00:00:00.000Z,NONE,NONE
3047,1,3,2026-07-06T00:00:00.000Z,NONE,NONE
3098,1,3,2026-07-06T00:00:00.000Z,NONE,NONE
3224,1,3,2026-07-06T00:00:00.000Z,NONE,NONE
3254,1,3,2026-07-06T00:00:00.000Z,NONE,NONE
3308,1,3,2026-07-06T00:00:00.000Z,NONE,NONE
3337,1,3,2026-07-06T00:00:00.000Z,NONE,NONE
3554,1,3,2026-07-06T00:00:00.000Z,NONE,NONE
3671,1,3,2026-07-06T00:00:00.000Z,NONE,NONE
3724,1,3,2026-07-06T00:00:00.000Z,NONE,NONE
3845,1,3,2026-07-06T00:00:00.000Z,NONE,NONE
3854,1,3,2026-07-06T00:00:00.000Z,NONE,NONE
3916,1,3,2026-07-06T00:00:00.000Z,NONE,NONE
4007,1,3,2026-07-06T00:00:00.000Z,NONE,NONE
4314,1,3,2026-07-06T00:00:00.000Z,NONE,NONE
4356,1,3,2026-07-06T00:00:00.000Z,NONE,NONE
4656,1,3,2026-07-06T00:00:00.000Z,NONE,NONE
4779,1,3,2026-07-06T00:00:00.000Z,NONE,NONE
4917,1,3,2026-07-06T00:00:00.000Z,NONE,NONE
4975,1,3,2026-07-06T00:00:00.000Z,NONE,NONE
4977,1,3,2026-07-06T00:00:00.000Z,NONE,NONE
5007,1,3,2026-07-06T00:00:00.000Z,NONE,NONE
5012,1,3,2026-07-06T00:00:00.000Z,NONE,NONE
5033,1,3,2026-07-06T00:00:00.000Z,NONE,NONE
5201,1,3,2026-07-06T00:00:00.000Z,NONE,NONE
5347,1,3,2026-07-06T00:00:00.000Z,NONE,NONE
5456,1,3,2026-07-06T00:00:00.000Z,NONE,NONE
5539,1,3,2026-07-06T00:00:00.000Z,NONE,NONE
5690,1,3,2026-07-06T00:00:00.000Z,NONE,NONE
5798,1,3,2026-07-06T00:00:00.000Z,NONE,NONE
5952,1,3,2026-07-06T00:00:00.000Z,NONE,NONE
6161,1,3,2026-07-06T00:00:00.000Z,NONE,NONE
6329,1,3,2026-07-06T00:00:00.000Z,NONE,NONE
6588,1,3,2026-07-06T00:00:00.000Z,NONE,NONE
6762,1,3,2026-07-06T00:00:00.000Z,NONE,NONE
6794,1,3,2026-07-06T00:00:00.000Z,NONE,NONE
6809,1,3,2026-07-06T00:00:00.000Z,NONE,NONE
6851,1,3,2026-07-06T00:00:00.000Z,NONE,NONE
6950,1,3,2026-07-06T00:00:00.000Z,NONE,NONE
7258,1,3,2026-07-06T00:00:00.000Z,NONE,NONE
7420,1,3,2026-07-06T00:00:00.000Z,NONE,NONE
7551,1,3,2026-07-06T00:00:00.000Z,NONE,NONE
7600,1,3,2026-07-06T00:00:00.000Z,NONE,NONE
7618,1,3,2026-07-06T00:00:00.000Z,NONE,NONE
7726,1,3,2026-07-06T00:00:00.000Z,NONE,NONE
7799,1,3,2026-07-06T00:00:00.000Z,NONE,NONE
7850,1,3,2026-07-06T00:00:00.000Z,NONE,NONE
7921,1,3,2026-07-06T00:00:00.000Z,NONE,NONE
7982,1,3,2026-07-06T00:00:00.000Z,NONE,NONE
8105,1,3,2026-07-06T00:00:00.000Z,NONE,NONE
8115,1,3,2026-07-06T00:00:00.000Z,NONE,NONE
8173,1,3,2026-07-06T00:00:00.000Z,NONE,NONE
8241,1,3,2026-07-06T00:00:00.000Z,NONE,NONE
8393,1,3,2026-07-06T00:00:00.000Z,NONE,NONE
8394,1,3,2026-07-06T00:00:00.000Z,NONE,NONE
8411,1,3,2026-07-06T00:00:00.000Z,NONE,NONE
8412,1,3,2026-07-06T00:00:00.000Z,NONE,NONE
8425,1,3,2026-07-06T00:00:00.000Z,NONE,NONE
8484,1,3,2026-07-06T00:00:00.000Z,NONE,NONE
8500,1,3,2026-07-06T00:00:00.000Z,NONE,NONE
8656,1,3,2026-07-06T00:00:00.000Z,NONE,NONE
8895,1,3,2026-07-06T00:00:00.000Z,NONE,NONE
9032,1,3,2026-07-06T00:00:00.000Z,NONE,NONE
9748,1,3,2026-07-06T00:00:00.000Z,NONE,NONE
9790,1,3,2026-07-06T00:00:00.000Z,NONE,NONE
9869,1,3,2026-07-06T00:00:00.000Z,NONE,NONE
9882,1,3,2026-07-06T00:00:00.000Z,NONE,NONE
9913,1,3,2026-07-06T00:00:00.000Z,NONE,NONE
10035,1,3,2026-07-06T00:00:00.000Z,NONE,NONE
10108,1,3,2026-07-06T00:00:00.000Z,NONE,NONE
10269,1,3,2026-07-06T00:00:00.000Z,NONE,NONE
10331,1,3,2026-07-06T00:00:00.000Z,NONE,NONE
10528,1,3,2026-07-06T00:00:00.000Z,NONE,NONE
10590,1,3,2026-07-06T00:00:00.000Z,NONE,NONE
10620,1,3,2026-07-06T00:00:00.000Z,NONE,NONE
10652,1,3,2026-07-06T00:00:00.000Z,NONE,NONE
10705,1,3,2026-07-06T00:00:00.000Z,NONE,NONE
10736,1,3,2026-07-06T00:00:00.000Z,NONE,NONE
10743,1,3,2026-07-06T00:00:00.000Z,NONE,NONE
10744,1,3,2026-07-06T00:00:00.000Z,NONE,NONE
10777,1,3,2026-07-06T00:00:00.000Z,NONE,NONE
10778,1,3,2026-07-06T00:00:00.000Z,NONE,NONE
10779,1,3,2026-07-06T00:00:00.000Z,NONE,NONE
10780,1,3,2026-07-06T00:00:00.000Z,NONE,NONE
10781,1,3,2026-07-06T00:00:00.000Z,NONE,NONE
10782,1,3,2026-07-06T00:00:00.000Z,NONE,NONE
8215,1,3,2026-07-07T00:00:00.000Z,NONE,NONE
10783,1,3,2026-07-07T00:00:00.000Z,NONE,NONE
10784,1,3,2026-07-07T00:00:00.000Z,NONE,NONE
10785,1,3,2026-07-07T00:00:00.000Z,NONE,NONE
10786,1,3,2026-07-07T00:00:00.000Z,NONE,NONE
10787,1,3,2026-07-07T00:00:00.000Z,NONE,NONE
69,1,3,2026-07-08T00:00:00.000Z,NONE,NONE
954,1,3,2026-07-08T00:00:00.000Z,NONE,NONE
1456,1,3,2026-07-08T00:00:00.000Z,NONE,NONE
2241,1,3,2026-07-08T00:00:00.000Z,NONE,NONE
10661,1,3,2026-07-08T00:00:00.000Z,NONE,NONE
10684,1,3,2026-07-08T00:00:00.000Z,NONE,NONE
10788,1,3,2026-07-08T00:00:00.000Z,NONE,NONE
10789,1,3,2026-07-08T00:00:00.000Z,NONE,NONE
231,1,3,2026-07-09T00:00:00.000Z,NONE,NONE
697,1,3,2026-07-09T00:00:00.000Z,NONE,NONE
2900,1,3,2026-07-09T00:00:00.000Z,NONE,NONE
7320,1,3,2026-07-09T00:00:00.000Z,NONE,NONE
8126,1,3,2026-07-09T00:00:00.000Z,NONE,NONE
8428,1,3,2026-07-09T00:00:00.000Z,NONE,NONE
10790,1,3,2026-07-09T00:00:00.000Z,NONE,NONE
10791,1,3,2026-07-09T00:00:00.000Z,NONE,NONE
10792,1,3,2026-07-09T00:00:00.000Z,NONE,NONE
10793,1,3,2026-07-09T00:00:00.000Z,NONE,NONE
10794,1,3,2026-07-09T00:00:00.000Z,NONE,NONE
10805,1,3,2026-07-09T00:00:00.000Z,NONE,NONE
10806,1,3,2026-07-09T00:00:00.000Z,NONE,NONE
10807,1,3,2026-07-09T00:00:00.000Z,NONE,NONE
10808,1,3,2026-07-09T00:00:00.000Z,NONE,NONE
10809,1,3,2026-07-09T00:00:00.000Z,NONE,NONE
10810,1,3,2026-07-09T00:00:00.000Z,NONE,NONE
10811,1,3,2026-07-10T00:00:00.000Z,NONE,NONE
10812,1,3,2026-07-10T00:00:00.000Z,NONE,NONE
10813,1,3,2026-07-10T00:00:00.000Z,NONE,NONE
1748,1,3,2026-07-11T00:00:00.000Z,NONE,NONE
3426,1,3,2026-07-11T00:00:00.000Z,NONE,NONE
5292,1,3,2026-07-11T00:00:00.000Z,NONE,NONE
5789,1,3,2026-07-11T00:00:00.000Z,NONE,NONE
6752,1,3,2026-07-11T00:00:00.000Z,NONE,NONE
7710,1,3,2026-07-11T00:00:00.000Z,NONE,NONE
9337,1,3,2026-07-11T00:00:00.000Z,NONE,NONE
10499,1,3,2026-07-11T00:00:00.000Z,NONE,NONE
10690,1,3,2026-07-11T00:00:00.000Z,NONE,NONE
10814,1,3,2026-07-11T00:00:00.000Z,NONE,NONE
10815,1,3,2026-07-11T00:00:00.000Z,NONE,NONE
10816,1,3,2026-07-11T00:00:00.000Z,NONE,NONE
507,1,3,2026-07-12T00:00:00.000Z,NONE,NONE
6067,1,3,2026-07-12T00:00:00.000Z,NONE,NONE
10566,1,3,2026-07-12T00:00:00.000Z,NONE,NONE
10579,1,3,2026-07-12T00:00:00.000Z,NONE,NONE
10640,1,3,2026-07-12T00:00:00.000Z,NONE,NONE
10700,1,3,2026-07-12T00:00:00.000Z,NONE,NONE
10706,1,3,2026-07-12T00:00:00.000Z,NONE,NONE
10753,1,3,2026-07-12T00:00:00.000Z,NONE,NONE
10817,1,3,2026-07-12T00:00:00.000Z,NONE,NONE
10818,1,3,2026-07-12T00:00:00.000Z,NONE,NONE
10819,1,3,2026-07-12T00:00:00.000Z,NONE,NONE
10820,1,3,2026-07-12T00:00:00.000Z,NONE,NONE
652,1,3,2026-07-13T00:00:00.000Z,NONE,NONE
780,1,3,2026-07-13T00:00:00.000Z,NONE,NONE
3963,1,3,2026-07-13T00:00:00.000Z,NONE,NONE
6425,1,3,2026-07-13T00:00:00.000Z,NONE,NONE
10631,1,3,2026-07-13T00:00:00.000Z,NONE,NONE
10821,1,3,2026-07-13T00:00:00.000Z,NONE,NONE
10822,1,3,2026-07-13T00:00:00.000Z,NONE,NONE
10823,1,3,2026-07-13T00:00:00.000Z,NONE,NONE
10824,1,3,2026-07-13T00:00:00.000Z,NONE,NONE
10825,1,3,2026-07-13T00:00:00.000Z,NONE,NONE
3280,1,3,2026-07-14T00:00:00.000Z,NONE,NONE
10749,1,3,2026-07-14T00:00:00.000Z,NONE,NONE
10826,1,3,2026-07-14T00:00:00.000Z,NONE,NONE
10827,1,3,2026-07-14T00:00:00.000Z,NONE,NONE
10828,1,3,2026-07-14T00:00:00.000Z,NONE,NONE
10829,1,3,2026-07-14T00:00:00.000Z,NONE,NONE
10830,1,3,2026-07-14T00:00:00.000Z,NONE,NONE
1457,1,3,2026-07-15T00:00:00.000Z,NONE,NONE
2676,1,3,2026-07-15T00:00:00.000Z,NONE,NONE
10190,1,3,2026-07-15T00:00:00.000Z,NONE,NONE
10216,1,3,2026-07-15T00:00:00.000Z,NONE,NONE
10315,1,3,2026-07-15T00:00:00.000Z,NONE,NONE
10430,1,3,2026-07-15T00:00:00.000Z,NONE,NONE
10526,1,3,2026-07-15T00:00:00.000Z,NONE,NONE
10648,1,3,2026-07-15T00:00:00.000Z,NONE,NONE
10692,1,3,2026-07-15T00:00:00.000Z,NONE,NONE
10795,1,3,2026-07-15T00:00:00.000Z,NONE,NONE
10796,1,3,2026-07-15T00:00:00.000Z,NONE,NONE
10797,1,3,2026-07-15T00:00:00.000Z,NONE,NONE
10831,1,3,2026-07-15T00:00:00.000Z,NONE,NONE
4310,1,3,2026-07-16T00:00:00.000Z,NONE,NONE
10798,1,3,2026-07-16T00:00:00.000Z,NONE,NONE
10799,1,3,2026-07-16T00:00:00.000Z,NONE,NONE
1189,1,3,2026-07-17T00:00:00.000Z,NONE,NONE
2475,1,3,2026-07-17T00:00:00.000Z,NONE,NONE
3092,1,3,2026-07-17T00:00:00.000Z,NONE,NONE
8827,1,3,2026-07-17T00:00:00.000Z,NONE,NONE
10800,1,3,2026-07-17T00:00:00.000Z,NONE,NONE
10801,1,3,2026-07-17T00:00:00.000Z,NONE,NONE
10802,1,3,2026-07-17T00:00:00.000Z,NONE,NONE
10803,1,3,2026-07-17T00:00:00.000Z,NONE,NONE
10804,1,3,2026-07-17T00:00:00.000Z,NONE,NONE
975,1,3,2026-07-18T00:00:00.000Z,NONE,NONE
